planet_id,star_id,disposition,orbital_period,transit_duration,transit_depth,planet_radius,equilibrium_temp,insolation_flux,stellar_teff,stellar_logg,stellar_radius,ra,dec,stellar_mag,stellar_dist,disposition_aligned
1000.01,50365310,FP,2.1713484,2.0172196,656.8860989,5.8181633,3127.2040524,22601.9485814,10249.0,4.19,2.16986,112.357708,-12.69596,9.604,485.735,FALSE POSITIVE
1001.01,88863718,PC,1.9316462,3.166,1286.0,11.2154,4045.0,44464.5,7070.0,4.03,2.01,122.580465,-5.513852,9.42344,295.862,CANDIDATE
1002.01,124709665,FP,1.8675574,1.408,1500.0,23.7529,2037.0,2860.61,8924.0,,5.73,104.726966,-10.580455,9.299501,943.109,FALSE POSITIVE
1003.01,106997505,FP,2.74323,3.167,383.41,,1631.0,1177.36,5388.5,4.15,,110.559945,-25.207017,9.3003,7728.17,FALSE POSITIVE
1004.01,238597883,FP,3.5730141,3.37,755.0,11.3113,4260.0,54679.3,9219.0,4.14,2.15,122.178195,-48.802811,9.1355,356.437,FALSE POSITIVE
1005.01,169904935,FP,4.5505945,2.654,3731.0,7.10841,1257.0,414.775,5613.0,,1.09,120.704811,-11.101521,9.1309,100.711,FALSE POSITIVE
1006.01,156115721,FP,2.5047918,4.3797563,2270.5402194,8.6950898,1649.8220699,1750.932635,6616.0,,1.53429,124.359239,-27.273521,9.2386,,FALSE POSITIVE
1007.01,65212867,PC,6.9989206,3.953,2840.0,14.7752,1282.0,448.744,6596.0,3.71,2.7,112.752393,-4.463359,8.87759,283.291,CANDIDATE
1008.01,440801822,FP,2.0483755,2.767,483.0,3.19621,,5644.4,6858.5,4.2,1.57,109.382839,13.395219,8.9362,144.297,FALSE POSITIVE
1009.01,107782586,PC,1.9600277,2.0065257,1707.6272693,,1456.4246534,1063.3422958,8868.7,,,111.667845,-24.462111,8.4331,866.147,CANDIDATE
1010.01,139853601,FP,0.6808702,2.4634563,1507.8006889,5.9115908,4382.0266062,87140.6995884,9438.0,,1.0,112.293981,-21.832912,8.45086,485.122,FALSE POSITIVE
1011.01,114018671,PC,2.4704981,2.191,250.0,1.44656,1364.0,575.597,5413.7,4.46,0.94,113.984761,-32.841999,8.2388,52.62,CANDIDATE
1012.01,427508467,APC,0.884182,1.621,1890.0,24.8132,5098.0,112144.0,8928.0,3.92,2.72,117.095285,6.785064,8.12718,295.959,CANDIDATE
1013.01,97700520,FP,5.4255548,3.9637474,14939.6342222,,1037.2753045,273.5880696,8868.7,,,107.286063,-31.933523,7.6095,510.295,FALSE POSITIVE
1014.01,96246348,FP,1.4095184,0.9484999,2841.5103258,,1625.6180218,1650.422071,9307.0,,,103.561602,-34.22282,7.678,224.672,FALSE POSITIVE
1015.01,155044736,FP,1.3730466,2.5708515,1301.5065338,42.1479417,1912.3318636,3160.6328329,4897.0,,6.7996101,122.895964,-27.971896,10.7069,906.496,FALSE POSITIVE
1016.01,175310067,FP,12.6889415,7.9201001,3232.8527885,14.0608342,1158.1310368,425.1594177,7601.0,4.31,1.53641,116.110771,-36.098285,10.6257,368.646,FALSE POSITIVE
1017.01,182943944,FP,1.10422,2.37,14177.7,21.0448,3926.0,39459.3,6995.2,4.07,1.61,124.726411,-37.78325,10.6019,406.997,FALSE POSITIVE
1018.01,291555748,FP,4.95912,2.509,7440.0,22.9123,1419.0,673.55,5889.0,3.86,2.0,111.716019,-50.266567,10.6254,360.541,FALSE POSITIVE
1019.01,341420329,PC,5.2341008,3.7078139,20796.9416293,24.2931408,1574.8381848,1453.6663847,7645.0,4.3,1.56203,120.147994,-54.878552,10.6348,399.544,CANDIDATE
1020.01,140706664,FP,3.28892,3.793,10518.9,,3661.0,29832.6,8734.2,4.1,,128.381976,-43.828421,10.7173,906.827,FALSE POSITIVE
1021.01,143994283,FP,1.90879,1.909,618.482,3.34688,1561.0,985.807,6022.6,4.52,1.22,119.30075,-42.999149,10.5551,235.974,FALSE POSITIVE
1022.01,47384844,FA,3.09574,4.475,380.0,3.4262,3230.0,18087.9,6084.0,4.13,1.41,162.96491,-5.788708,8.72924,120.666,FALSE POSITIVE
1023.01,238374636,FP,1.3214483,3.435,2180.0,21.8839,3827.0,35623.2,5050.8,3.56,2.99,120.837688,-51.345626,9.697,316.398,FALSE POSITIVE
1024.01,141482386,FP,18.0157,2.524,610.0,21.644,463.0,7.64364,4709.0,,7.61,86.820714,-72.422611,10.0814,692.266,FALSE POSITIVE
1025.01,297967252,PC,9.6837921,2.4006056,4238.2399008,,1914.698926,3176.3106916,8598.7,,,142.521159,-51.517114,5.5324,129.838,CANDIDATE
1026.01,388624270,FP,14.2628757,6.9350494,913.2067174,2.4765813,980.3628831,153.2069421,5690.0,4.58,0.853898,125.434634,-51.759442,9.9138,105.677,FALSE POSITIVE
1027.01,20318757,PC,3.2834565,1.537,1558.0,2.87648,992.0,161.092,4272.0,4.6,0.68,167.133275,-29.653135,10.2103,56.3449,CANDIDATE
1027.02,20318757,PC,11.02875,2.715,1694.0,2.76586,548.0,15.0463,4272.0,4.6,0.68,167.133275,-29.653135,10.2103,56.3449,CANDIDATE
1027.03,20318757,PC,5.0113292,1.024,1210.0,2.52314,567.0,17.1793,4272.0,4.6,0.68,167.133275,-29.653135,10.2103,56.3449,CANDIDATE
1028.01,447283466,FP,1.01606,2.843,240.0,1.20704,2023.0,2784.04,4634.0,4.64,0.68,157.098337,-51.705409,7.9059,23.7748,FALSE POSITIVE
1029.01,374908020,FP,36.22214,5.107,7170.0,,,,,,,88.73909,-65.958839,6.841,,FALSE POSITIVE
1030.01,464296022,FP,12.1246519,4.612,7279.0,17.6729,1057.0,207.32,4807.6,4.17,1.07,155.831478,-57.590248,9.5706,78.41273,FALSE POSITIVE
1031.01,304021498,FP,5.652623,3.434,1250.0,8.94354,2011.0,2717.06,6415.4,3.98,1.92,140.88389,-67.026006,9.7318,270.771,FALSE POSITIVE
1032.01,146589986,PC,5.6643704,3.8087395,3491.8232968,14.7738943,2385.8536488,7657.6621505,10395.0,4.13,2.3383701,159.221506,-42.541639,9.7611,587.196,CANDIDATE
1033.01,149601557,FP,29.0160175,5.345,1389.0,6.77406,,33.2234,6113.1,,2.01,87.282586,-60.498444,10.0163,219.94,FALSE POSITIVE
1034.01,400595342,FP,3.6404389,2.5339234,476.3077321,3.7025342,2783.098027,9941.2265514,9810.0,4.43,1.60776,134.441752,-49.000578,9.8174,363.44,FALSE POSITIVE
1035.01,361413119,PC,6.0744477,2.4954821,5982.5212406,30.9493217,1583.9398898,1487.5644344,5964.0,3.7,2.4303801,144.150273,-61.583182,10.1126,347.556,CANDIDATE
1036.01,146172354,PC,3.7795212,2.952,2761.0,5.98375,1294.0,466.528,5771.0,4.31,1.18,157.867112,-42.240448,10.2855,184.015,CANDIDATE
1037.01,363260203,FP,1.2025238,1.991,390.0,6.31106,5952.0,208477.0,9158.0,4.32,1.74,147.385172,-63.306478,9.0211,279.698,FALSE POSITIVE
1038.01,90544017,FP,3.2235985,2.159,680.0,5.51341,,2064.8,8904.0,4.09,2.17,128.454638,-49.940347,8.7157,280.765,FALSE POSITIVE
1039.01,461867584,APC,4.420125,3.956,2466.0,,,,,,,149.688545,-58.760453,8.5483,2864.34,CANDIDATE
1040.01,310483807,FP,2.55555,1.566,340.0,11.5901,2145.0,3520.68,10037.0,,6.04,128.61421,-61.488262,8.3854,732.432,FALSE POSITIVE
1041.01,385624852,FP,8.30792,3.228,8350.0,43.1068,1924.0,2276.25,9081.0,3.83,3.05,138.402252,-55.19791,8.0981,305.034,FALSE POSITIVE
1042.01,360286627,PC,0.758082,1.8184632,583.93181,10.1273702,5499.7476332,216218.1005011,9917.0,3.75,3.5086601,141.975215,-61.33004,9.718,792.633,CANDIDATE
1043.01,90448944,FP,1.4415577,2.349,507.0,3.61078,3174.0,16861.8,6902.0,4.25,1.52,128.302319,-52.714202,9.5719,208.055,FALSE POSITIVE
1044.01,463402815,PC,1.0085089,1.642,3051.0,,,,5215.2,,,153.811023,-58.766393,10.0031,494.689,CANDIDATE
1045.01,54044474,FP,3.7039994,4.277,7590.0,17.57,2149.0,3546.13,7013.8,4.21,1.9,159.887704,-32.51188,9.6306,300.696,FALSE POSITIVE
1046.01,309787037,FP,1.3042553,1.706,914.0,9.36472,3569.0,26944.7,6762.0,4.11,1.75,126.419468,-60.907514,10.0119,301.298,FALSE POSITIVE
1047.01,370745311,FP,0.62627,0.666,1880.0,5.72162,2101.0,3235.57,5622.0,4.5,0.93,144.581535,-67.505097,10.2355,134.926,FALSE POSITIVE
1048.01,384549882,FP,0.30412,0.748,1330.0,10.417,6413.0,280833.0,11892.0,4.14,2.52,136.527702,-54.903922,8.802,440.426,FALSE POSITIVE
1051.01,259863352,FA,21.701669,8.2676424,211.6567325,2.3751494,685.2,52.095,5625.0,4.438,1.56486,40.365939,-71.462749,7.1278,53.19149,FALSE POSITIVE
1052.01,317060587,CP,9.139804,3.0912936,358.4157801,3.0629855,1006.9932829,243.011763,5958.2,4.34,1.58,337.510274,-75.646561,9.0197,129.804,CONFIRMED
1053.01,112395568,FP,5.742625,2.860293,1105.760867,13.088532,,,5664.0,3.26574,3.86959,290.977117,-33.351416,8.8849,263.729,FALSE POSITIVE
1054.01,366989877,CP,15.5077855,4.565,513.0,2.43432,853.0,88.0718,6122.0,4.30881,1.17,302.114174,-54.317501,8.4362,88.4343,CONFIRMED
1055.01,320004517,CP,17.4713078,4.4284819,1199.7541483,3.5766828,689.3568807,53.3700317,5783.54,4.49925,0.974669,293.286615,-54.532728,8.0888,57.2651,CONFIRMED
1056.01,421894914,PC,5.3079507,3.2158594,391.3830934,3.0486928,1263.9861129,603.2401116,6124.3,4.38,1.36963,339.258703,-76.917605,9.6663,168.354,CANDIDATE
1057.01,323132914,PC,51.1701501,6.6641048,851.4547808,2.9366826,466.7322968,11.2148229,5599.0,4.46138,0.943356,127.996917,-78.407564,9.4091,98.2855,CANDIDATE
1058.01,31553893,PC,11.1296441,7.0473822,951.6169809,12.8402271,1518.2372485,1255.6817164,5785.0,4.344,3.4475601,288.911772,-31.790813,9.3781,338.831,CANDIDATE
1059.01,380783252,PC,9.4496506,2.021,19750.0,17.0216,694.0,38.5799,5509.0,4.39758,0.94,269.714503,-60.922727,9.7825,98.8783,CANDIDATE
1060.01,101230735,APC,2.0685633,0.373,502.0,3.89739,619.0,24.409,5687.9,4.6,1.14,299.290995,-48.934476,9.6652,128.491,CANDIDATE
1061.01,253990973,FP,0.540933,1.674337,257.347459,2.28501,,,5525.0,4.25342,1.21935,284.688908,-41.242483,9.7345,133.171,FALSE POSITIVE
1062.01,299799658,CP,4.1150576,1.08,487.0,2.30057,826.0,77.3573,5394.0,4.50942,0.89,38.120968,-78.023683,9.478,82.1733,CONFIRMED
1063.01,406976746,PC,10.0665238,2.4023189,839.9044871,2.7272824,694.1792631,54.8791715,5552.0,4.61783,0.791742,230.555493,-83.056214,9.0689,61.1201,CANDIDATE
1064.01,79748331,CP,6.4438657,1.9309449,1121.9512275,2.460344,712.2812841,60.831305,4803.0,4.52079,0.737189,296.003935,-47.56203,10.0059,68.0726,CONFIRMED
1064.02,79748331,CP,12.2265595,2.1904379,1206.3693293,2.6014766,575.3502049,25.8970378,4803.0,4.52079,0.737189,296.003935,-47.56203,10.0059,68.0726,CONFIRMED
1070.01,31858844,FP,2.9776152,3.25697,43218.111683,26.88423,1386.5,873.27,5740.0,4.29219,1.28,289.478541,-32.861327,15.7114,,FALSE POSITIVE
1072.01,140830390,FP,12.8379689,9.8464123,10539.0192794,25.4886382,1225.0,374.129,5765.0,4.34773,2.4494,75.627307,-72.913998,11.7106,703.878,FALSE POSITIVE
1073.01,158297421,CP,3.9228016,1.8736007,31510.9004906,13.3368705,788.0973496,91.167589,4444.0,4.438,0.6983,287.484402,-49.664942,13.6699,300.67,CONFIRMED
1074.01,327301957,PC,13.9428705,3.7522756,1015.395543,2.4233421,587.1759148,28.0927293,5206.0,4.63095,0.741671,310.761004,-72.010267,10.6339,107.356,CANDIDATE
1075.01,351601843,CP,0.6047392,1.0403847,1027.6833479,1.8625587,1222.5973095,528.0253155,4046.0,4.60963,0.580337,309.971209,-65.449699,11.1186,61.4592,CONFIRMED
1077.01,369960846,PC,1.6062693,1.9561305,16725.3019333,12.6436029,1374.8018137,844.2700581,5192.0,4.4617,0.984326,173.810798,-88.096213,13.461,463.683,CANDIDATE
1078.01,370133522,CP,0.5182425,0.8565249,831.8920424,1.3485121,1019.3295979,255.1405815,3325.0,4.88693,0.390989,306.928646,-56.462287,10.1165,20.373,CONFIRMED
1079.01,379240073,PC,3.1644075,2.0576293,5603.4635466,14.8814743,1747.9490013,2206.1550476,6519.0,4.22068,1.7234,283.119492,-55.387928,13.1284,1179.27,CANDIDATE
1080.01,161032923,PC,3.9652485,1.0112593,3680.7544436,1.2305102,386.6684768,5.2829448,3296.0,4.96636,0.199988,276.368325,-52.214573,12.7067,25.559,CANDIDATE
1081.01,253728991,PC,2.98278,3.109528,6136.231662,11.467011,,,6027.0,4.29978,1.23975,282.140409,-40.11177,11.5247,354.05,CANDIDATE
1082.01,261108236,PC,16.3469053,3.5865698,2212.4257252,3.5059571,441.7489067,8.9995944,4310.0,4.57345,0.649613,83.275809,-80.815478,11.8835,100.248,CANDIDATE
1083.01,322270620,PC,12.9802953,2.5034417,2407.2608671,2.4241912,376.2093904,4.7341229,3614.0,4.81257,0.491323,296.822194,-87.32281,12.0936,68.9109,CANDIDATE
1085.01,381979901,APC,3.2541181,4.341,13620.0,14.9476,,1436.45,6102.0,4.28649,1.28,77.605399,-59.535664,11.6577,444.066,CANDIDATE
1086.01,468148930,PC,3.7178828,5.5277827,4864.8405125,14.6986197,1689.4116185,1925.1426172,5818.0,4.33787,2.0840001,305.56982,-88.568495,12.2303,736.397,CANDIDATE
1087.01,426077080,FP,9.30992,3.464,2220.0,14.2968,1067.0,215.208,6907.0,3.63,3.09,238.001011,-76.49349,9.4142,416.25,FALSE POSITIVE
1088.01,343648136,FA,1.15395,2.236,1550.0,5.48364,2148.0,3534.3,6093.0,4.2,1.4,272.311383,-76.300955,10.4613,240.901,FALSE POSITIVE
1089.01,129319156,FP,4.73703,3.902,2410.0,25.7144,4243.0,53821.0,11600.0,4.13,2.48,228.84306,-52.885989,10.3918,778.127,FALSE POSITIVE
1090.01,361034196,FP,2.19296,4.586,4933.74,22.7769,3722.0,31883.5,7009.8,3.6,2.95,242.016315,-68.588832,10.0196,566.502,FALSE POSITIVE
1091.01,193413306,PC,1.725841,3.674,2710.0,15.0024,4175.0,50469.2,7348.0,3.9,2.39,222.101134,-56.025931,9.3529,321.671,CANDIDATE
1092.01,387079085,FP,1.1923,3.119,3730.0,30.666,3958.0,40771.2,6534.0,3.95,2.04,217.022882,-64.634285,9.0039,209.919,FALSE POSITIVE
1093.01,382331352,FP,11.47606,6.083,3050.0,,,,,,,215.805264,-63.045983,10.0067,1710.22,FALSE POSITIVE
1094.01,136274063,APC,0.5971314,0.468,910.0,9.08382,1760.0,1596.43,7710.0,3.98,2.28,230.498827,-53.819601,9.9806,426.003,CANDIDATE
1095.01,375223080,PC,1.4821386,2.1867078,2102.6568299,13.7339261,2962.2418039,18197.1354531,7066.0,3.78,2.6647301,133.968965,-75.926187,10.4291,582.521,CANDIDATE
1096.01,375225453,FP,0.9209526,1.8602735,360.8801529,5.7349089,3430.7622437,32740.3629399,6553.0,3.65,2.8908899,133.826684,-73.173308,10.11,490.288,FALSE POSITIVE
1097.01,360630575,CP,9.188506,2.492,460.0,2.16591,786.0,63.4589,5876.0,4.48,0.98,189.775859,-74.57402,8.7215,79.5561,CONFIRMED
1097.02,360630575,CP,13.9028391,2.1264429,647.2701039,2.6136848,756.6987586,77.4841883,5876.0,4.48,0.983215,189.775859,-74.57402,8.7215,79.5561,CONFIRMED
1098.01,383390264,CP,10.1826983,2.8275109,667.4752458,3.0538057,957.1991659,198.394783,6153.0,4.34814,1.14582,192.589285,-88.121111,8.7581,105.096,CONFIRMED
1099.01,290348383,CP,6.441006,1.812,914.0,2.56374,853.0,87.8902,4867.0,4.438,0.8,328.718171,-77.338802,7.3661,23.606,CONFIRMED
1100.01,318608749,FP,20.0731588,3.8449215,1152.9645461,4.0506906,736.1368293,69.3993155,6033.0,4.37,1.14849,9.126138,-83.567067,10.5135,205.43,FALSE POSITIVE
1101.01,271581073,FP,2.66903,1.548,3110.0,9.36823,1268.0,429.86,5803.5,4.07,1.56,319.551469,-77.529113,10.5891,262.794,FALSE POSITIVE
1102.01,311890977,FP,6.63371,2.122,1555.34,2.75375,610.0,22.9987,4138.1,4.54,0.63,263.003209,-76.858265,10.5652,58.0624,FALSE POSITIVE
1103.01,351603103,PC,2.94308,4.073,4490.0,45.3525,1976.0,2533.34,4437.0,,3.13,310.086743,-63.789963,10.5598,320.212,CANDIDATE
1104.01,451599528,FP,341.2811281,6.303026,972.5797241,4.7531892,846.173434,121.1597998,6058.6,4.2,1.39203,279.721286,-85.709137,7.5622,70.0154,FALSE POSITIVE
1105.01,274151135,PC,10.8680523,2.375,1553.0,2.90726,594.0,20.7383,4664.0,4.55,0.76,146.053969,-89.471513,10.2809,79.5225,CANDIDATE
1106.01,384513078,PC,11.1149,2.26,900.0,14.7645,603.0,21.9713,5042.0,,4.94,253.110033,-79.135182,10.0717,523.425,CANDIDATE
1107.01,394561119,CP,4.0782392,4.8475616,6046.6959687,13.898174,1617.8267296,1619.0081232,6501.0,4.08,1.74836,155.607863,-82.218869,10.0068,281.314,CONFIRMED
1108.01,295599256,FP,7.14386,1.467,11146.4,22.1531,,,7860.0,4.15,1.91,274.221618,-68.197779,9.941,417.08,FALSE POSITIVE
1109.01,50309953,FP,7.04083,2.979,1580.0,8.46404,1505.0,852.336,5317.0,4.49,0.91,30.198486,-77.610376,9.7906,102.238,FALSE POSITIVE
1110.01,446549905,FP,2.4545635,2.321,4248.0,11.1276,1899.0,2162.73,6610.0,4.15,1.64,286.791829,-58.697242,9.6789,243.838,FALSE POSITIVE
1111.01,412014494,FP,11.4756978,0.808,8341.0,14.1098,512.0,11.4585,7262.0,4.0,2.13,291.373783,-60.941042,9.3871,312.461,FALSE POSITIVE
1112.01,369864738,FP,2.78186,2.456,490.0,4.92567,1680.0,1323.21,6819.0,3.92,2.21,163.628917,-87.269735,9.5162,292.085,FALSE POSITIVE
1113.01,290348382,FP,6.4410082,1.798,7076.0,4.59203,471.0,8.2114,3469.0,4.71,0.53,328.710839,-77.337433,9.66865,23.8853,FALSE POSITIVE
1114.01,409934330,APC,2.4887726,2.632,4852.0,,1344.9531805,773.3029498,8048.0,4.438,,302.147728,-71.552443,8.1129,174.475,CANDIDATE
1115.01,379286801,APC,4.45199,2.109,8483.38,15.8858,1571.0,1013.74,6708.3,4.2,1.57,283.301843,-54.910806,10.526,359.215,CANDIDATE
1116.01,304100538,PC,5.0100708,2.0644756,409.4812214,2.3107394,971.6657708,210.6631712,5551.0,4.46214,0.906282,27.699972,-75.848774,9.5268,94.4178,CANDIDATE
1117.01,295541511,PC,2.2281625,2.015,630.0,2.56778,1434.0,702.927,5731.0,4.43,1.02,273.602061,-66.419974,10.4055,167.598,CANDIDATE
1118.01,90919952,FP,4.13812,3.911,5560.0,,1386.0,613.964,4898.4,,,277.432937,-44.625506,10.5084,,FALSE POSITIVE
1119.01,261369656,APC,10.95663,3.588,3830.0,23.9726,1389.0,619.065,6456.0,3.92,2.07,292.604815,-46.278074,10.5024,421.518,CANDIDATE
1120.01,143257766,FP,1.66226,3.321,6030.0,13.3343,2561.0,7149.89,7301.0,4.23,1.64,293.389272,-45.892667,10.4063,386.323,FALSE POSITIVE
1121.01,24094603,FP,4.07611,2.062,1454.18,,,,,,,269.648642,-46.065523,11.0605,338.644,FALSE POSITIVE
1122.01,304774444,FP,3.6245513,3.042,1299.0,4.3503,,919.571,6317.0,,1.38,281.369481,-52.262928,10.2934,249.826,FALSE POSITIVE
1123.01,469782185,APC,1.20928,1.886,11883.8,15.1764,,,5159.8,4.23,1.27,292.391505,-37.304009,10.2398,161.932,CANDIDATE
1124.01,128790976,APC,3.5187707,2.408,5634.0,14.0061,1863.0,2000.01,6690.0,4.24,1.49,300.212928,-43.982529,7.2235,75.7145,CANDIDATE
1125.01,80166433,PC,0.7724825,1.3744974,211.3168519,4.1624907,3996.2877922,60276.5000547,8271.0,3.95,2.5027299,298.287708,-46.369991,8.0465,237.593,CANDIDATE
1126.01,405862830,FP,1.6268695,3.231,1502.0,2.36498,1850.0,1946.23,5034.0,4.64,0.73,279.062469,-43.620606,10.3579,97.8115,FALSE POSITIVE
1127.01,269450900,FP,2.32439,4.453,2704.18,,4502.0,68217.5,8268.5,3.93,,292.195297,-36.00026,7.3163,177.741,FALSE POSITIVE
1128.01,425721385,FP,13.5499,1.795,1180.0,6.24633,660.0,31.6652,6209.0,4.09,1.63,289.761799,-43.074223,9.7298,222.529,FALSE POSITIVE
1129.01,91576611,FP,4.43651,3.365,1520.0,19.9664,2653.0,8233.41,7101.9,3.91,2.32,284.157959,-29.398357,8.7823,247.414,FALSE POSITIVE
1130.01,254113311,CP,8.34998,1.836,16680.0,11.1424,588.0,19.9348,4236.0,4.52,0.74,286.376004,-41.43764,10.1429,58.2609,CONFIRMED
1130.02,254113311,CP,4.0686405,1.8373729,2650.0950013,3.7548333,772.378302,84.108766,4236.0,4.52,0.741921,286.376004,-41.43764,10.1429,58.2609,CONFIRMED
1131.01,198213332,PC,0.5860366,0.8098934,410.5241553,4.906408,3263.6721812,26813.1057089,5579.0,3.67,2.39803,248.433545,61.718334,9.2872,222.74,CANDIDATE
1132.01,267489265,FP,1.5502952,2.938,411.0,3.34528,2839.0,10796.6,7851.0,4.17,1.86,298.781281,54.781445,9.2293,286.668,FALSE POSITIVE
1133.01,69997672,FP,1.80709,3.297,450.0,4.86242,2569.0,7233.01,6244.0,3.84,2.2,294.824079,31.958037,9.11458,233.369,FALSE POSITIVE
1134.01,122220263,FP,18.6922101,7.765,11126.0,18.1458,1141.0,282.175,6277.0,4.09,1.65,290.02096,36.637774,9.03609,170.732,FALSE POSITIVE
1135.01,154872375,CP,8.0277326,4.284,5705.0,9.06883,1106.0,248.619,5962.7,4.38,1.15,193.39637,85.129495,9.02855,114.048,CONFIRMED
1136.01,142276270,CP,12.5187279,5.38,2320.0,5.58857,1393.0,626.362,5729.0,4.47,0.98,192.184898,64.855276,8.9361,84.5362,CONFIRMED
1136.02,142276270,CP,6.2586065,3.201,813.0,2.51593,1087.0,232.392,5729.0,4.47,0.98,192.184898,64.855276,8.9361,84.5362,CONFIRMED
1136.03,142276270,CP,26.3208756,4.414,800.0,2.71349,631.0,26.4328,5729.0,4.47,0.98,192.184898,64.855276,8.9361,84.5362,CONFIRMED
1136.04,142276270,CP,18.795547,4.3425576,470.6731965,2.1597669,672.9826313,48.477077,5729.0,4.47,0.977727,192.184898,64.855276,8.9361,84.5362,CONFIRMED
1137.01,89389197,PC,1.3206356,1.6000996,1052.4255997,34.7561624,1982.7142102,3652.2582486,4919.6,,6.3070302,301.17768,30.409951,9.00558,419.435,CANDIDATE
1138.01,110428269,FP,0.64971,2.076,620.0,6.23181,4731.0,83182.0,9994.0,4.02,2.59,291.463084,25.189437,8.90601,395.12,FALSE POSITIVE
1139.01,202563254,PC,4.4780798,4.513,1054.0,11.3678,3715.0,31621.7,7947.0,4.2,1.83,304.034336,31.925687,8.86193,238.726,CANDIDATE
1140.01,320525204,FP,13.7431084,2.285,5688.0,12.05,844.0,84.3234,5941.5,,1.34,264.961539,56.078974,8.88797,121.182,FALSE POSITIVE
1141.01,159510109,FP,16.9487087,4.2887767,156467.5479643,45.2204505,758.5937679,78.263287,5894.7,4.37,1.1179,247.534722,80.307766,8.8523,97.3391,FALSE POSITIVE
1142.01,284450803,FP,3.3686634,3.012,3288.0,42.2321,2775.0,9856.24,7518.0,3.82,2.68,290.708965,56.615386,8.64028,299.294,FALSE POSITIVE
1143.01,160268701,FP,11.2071839,4.366,3276.0,17.4989,1487.0,813.063,6152.0,3.84,2.24,182.538652,77.352264,8.63287,191.984,FALSE POSITIVE
1145.01,350995812,FP,2.97164,1.534,7350.0,,2076.0,3089.18,8562.5,,,291.92142,36.529898,8.5011,438.395,FALSE POSITIVE
1146.01,21755546,FP,0.660179,1.6349369,473.0939303,6.1672487,5717.1532477,252487.7638842,8598.7,4.1,2.62432,292.286802,30.297329,8.40386,411.307,FALSE POSITIVE
1147.01,288391628,FP,10.9278415,2.468,2743.0,49.1695,1129.0,270.142,6259.0,3.59,2.92,266.962207,83.428826,8.36544,218.258,FALSE POSITIVE
1149.01,117789567,APC,2.3202418,2.3817612,5082.9417064,,3115.3801229,22262.0513573,8737.5,,,300.774016,26.892025,7.9172,632.553,CANDIDATE
1152.01,237184773,FA,6.5011911,5.5463587,4501.3454064,,976.5873888,214.9638584,5485.0,,,283.489697,37.380825,8.0348,105.334,FALSE POSITIVE
1153.01,154840461,APC,6.0360758,1.255,987.0,9.86763,1293.0,464.097,6528.3,4.21,1.69,182.691562,85.705076,8.40534,147.134,CANDIDATE
1154.01,459970307,PC,21.745537,4.196,659.0,2.10208,642.0,28.2504,5704.0,4.51,0.93,254.924043,64.699214,9.3188,93.8819,CANDIDATE
1155.01,161450762,FP,1.32003,3.175,552.468,,,,,,,309.275852,32.471019,9.711,,FALSE POSITIVE
1156.01,117256577,FP,1.6865822,2.429,1770.0,,,,,,,300.419309,26.971662,9.7032,6079.49,FALSE POSITIVE
1157.01,147576037,FP,13.0727479,3.044,4080.0,35.7944,1074.0,221.343,5709.8,3.37,3.59,144.341393,68.458705,9.6043,432.113,FALSE POSITIVE
1158.01,379931600,FP,2.9258727,4.075,6720.0,24.4055,2066.0,3028.51,4884.5,,1.3,293.427359,29.596296,9.5967,,FALSE POSITIVE
1159.01,48188920,FP,0.73774,0.636,524.852,5.28215,,,6449.5,3.94,2.1,282.42081,48.098942,9.5937,292.83,FALSE POSITIVE
1160.01,89510024,FP,2.3664127,2.591,300.0,,,,,,,301.317709,30.67067,9.577,2320.13,FALSE POSITIVE
1162.01,13419950,PC,7.3166682,3.255,3210.0,,1647.0,1221.82,8730.0,,,305.289344,41.462366,9.65306,348.481,CANDIDATE
1163.01,375542276,PC,3.0771612,2.6914319,4703.2844346,,1827.6445751,2636.8654415,9311.3,,,294.091757,19.639255,9.47751,148.342,CANDIDATE
1164.01,16102323,FP,3.2077145,2.708,9640.0,,,,,,,307.336613,37.508561,9.329701,827.868,FALSE POSITIVE
1166.01,138361973,FP,1.8824539,2.46,1391.0,8.29008,3091.0,15173.2,5900.4,4.39,1.13,293.764981,37.53859,9.7604,153.743,FALSE POSITIVE
1167.01,232967666,FP,15.196,1.792,1970.0,4.96345,,,5807.0,,1.14,198.152378,71.618139,10.3874,209.618,FALSE POSITIVE
1168.01,41330864,FP,2.1358631,1.559,10325.0,23.6019,1745.0,1540.95,5969.0,4.17,1.5,301.710466,38.431023,10.381,274.162,FALSE POSITIVE
1169.01,302518439,PC,6.7075429,2.125,11920.0,17.4647,1079.0,225.822,6134.3,,1.24,134.120039,72.533276,10.6405,259.0,CANDIDATE
1170.01,294176967,FP,1.8296155,2.166,1406.0,29.3616,3751.0,32867.0,7875.0,3.61,3.5,300.805115,52.040842,10.349,880.107,FALSE POSITIVE
1171.01,101929303,FP,11.1876137,3.183,4924.0,31.8624,1499.0,838.609,7266.0,4.06,2.05,299.273862,35.988359,10.3075,482.763,FALSE POSITIVE
1172.01,1717732429,FP,7.8513949,6.835,22029.0,,,,,,,282.474539,55.26639,10.3018,875.061,FALSE POSITIVE
1173.01,232967440,CP,7.0643978,2.424,8268.0,9.39131,890.0,104.311,5429.6,4.44,0.96,197.683097,70.768012,10.2938,132.353,CONFIRMED
1174.01,154089169,CP,8.9534775,2.696,1136.0,2.35888,723.0,45.5604,5029.5,4.61,0.76,209.217175,68.618211,10.2549,94.6375,CONFIRMED
1175.01,30329585,FP,7.5022708,2.605,1760.0,5.55812,940.0,129.866,6229.0,4.31,1.27,289.238688,31.323574,10.2026,216.517,FALSE POSITIVE
1176.01,230088370,PC,14.0077666,5.8727493,5924.8349672,12.4023108,1028.5320293,264.4796635,6557.7,4.18,1.57435,247.35668,71.505873,10.1772,295.561,CANDIDATE
1177.01,169177766,FP,1.692892,2.886,1418.0,11.2371,5800.0,187927.0,9121.5,4.21,2.1,297.30004,41.326844,10.1617,602.899,FALSE POSITIVE
1178.01,359496368,FP,2.6652007,3.49,819.0,2.35964,2045.0,2905.35,4043.4,4.69,0.56,279.101036,55.391781,10.1358,36.7224,FALSE POSITIVE
1179.01,148914726,APC,1.2615323,1.039,2841.0,8.67407,1715.0,1437.18,4927.9,4.57,0.78,187.055897,67.240043,10.1313,86.444,CANDIDATE
118.01,266980320,CP,6.0344667,1.89,1800.0,4.44029,788.0,64.2648,5586.0,4.36763,1.05,349.559266,-56.903986,9.179,94.1719,CONFIRMED
1180.01,158002130,CP,9.6867516,2.512,1669.0,3.00336,707.0,41.6645,4738.1,4.59,0.73,214.555774,82.193764,10.112,72.0238,CONFIRMED
1181.01,229510866,CP,2.1031647,5.059,7142.0,16.7087,3037.0,14140.0,6122.0,3.93,1.93,297.215817,64.354351,10.079,302.819,CONFIRMED
1182.01,341544930,FP,7.6416041,2.654,6025.0,27.538,1303.0,478.683,6496.7,,2.05,201.614657,65.306346,10.0049,,FALSE POSITIVE
1183.01,258777137,FP,5.9294088,2.933,10226.0,10.8101,,456.893,5095.6,,1.06,286.74712,71.712377,9.9478,112.868,FALSE POSITIVE
1184.01,233087860,CP,5.7484439,1.76,1041.0,2.35215,820.0,75.272,4534.0,4.61,0.69,272.20452,60.678785,9.9469,58.5946,CONFIRMED
1185.01,83210867,FP,1.1967018,1.879,824.0,10.3239,3534.0,25917.9,5997.0,4.0,1.73,297.459433,34.829667,9.94025,246.798,FALSE POSITIVE
1186.01,289539327,FP,11.2464616,7.391,7576.0,17.6677,1218.0,365.938,6115.7,3.89,2.01,251.633465,65.715035,9.92402,294.85,FALSE POSITIVE
1187.01,372757221,PC,2.5941968,0.861,907.0,4.47229,1159.0,300.014,6389.0,4.26,1.4,162.893176,81.322174,9.9002,221.071,CANDIDATE
1188.01,15247229,FP,8.5112,3.486,4172.76,,,,8156.0,4.35,,306.730853,38.93227,9.886581,347.452,FALSE POSITIVE
1189.01,112026224,PC,3.9687994,1.07,1760.0,,,,5286.9,,,292.223229,24.20119,9.8744,,CANDIDATE
119.01,278683844,PC,5.5411114,2.467,633.0,2.04482,1117.0,258.843,5332.0,4.56429,0.82,99.238421,-58.016153,9.2789,66.6187,CANDIDATE
119.02,278683844,PC,10.6917268,3.002,535.0,1.79811,710.0,42.2657,5332.0,4.56429,0.82,99.238421,-58.016153,9.2789,66.6187,CANDIDATE
1190.01,287196418,APC,3.6950015,4.515,7655.0,14.1288,1904.0,2184.62,7106.7,4.2,1.63,292.734132,59.403853,9.80529,280.948,CANDIDATE
1191.01,237185205,FP,15.7335693,3.288,2540.0,24.3218,1219.0,367.588,6800.0,3.91,2.21,283.526697,37.720014,9.7831,355.809,FALSE POSITIVE
1192.01,158276040,APC,45.9403293,3.768,14807.0,28.3312,,20.4053,6479.3,,1.28,286.550056,44.0808,10.4999,283.025,CANDIDATE
1193.01,89643259,FP,2.2219839,1.996,4394.0,15.4416,,7790.56,7166.8,,1.87,301.41088,33.049205,10.4813,501.963,FALSE POSITIVE
1194.01,147950620,CP,2.3106428,1.294,6911.0,8.76741,1052.0,203.685,5339.9,4.41,0.99,167.821481,69.964775,10.4782,149.667,CONFIRMED
1195.01,24364065,FP,4.05135,2.4,1132.23,14.2359,,,4974.4,,3.85,291.12047,33.273702,10.4717,500.014,FALSE POSITIVE
1196.01,69068526,PC,5.5376617,2.517,5390.0,15.6557,1206.0,351.929,6689.0,3.96,2.06,291.707693,17.808736,10.4318,424.442,CANDIDATE
1197.01,92677094,PC,4.5960377,4.744,5000.0,16.2166,1937.0,2340.04,7649.0,4.04,2.12,293.26832,15.736136,10.4247,405.634,CANDIDATE
1199.01,99869022,CP,3.6714717,2.149,4340.0,10.678,1182.0,324.114,5618.0,4.06,1.54,166.880658,61.352572,10.4221,248.427,CONFIRMED
120.01,394137592,CP,11.535076,8.555958,2389.90616,12.215808,,,5479.3,3.77,2.48771,4.447163,-66.358928,7.1062,79.5702,CONFIRMED
1200.01,288185138,FP,0.8352406,1.043,2065.0,6.4875,2345.0,5021.63,6105.0,4.31,1.24,222.841424,82.952258,10.402,224.444,FALSE POSITIVE
1201.01,29960110,CP,2.4919771,1.4338141,2093.9594201,2.2187585,639.9817426,39.6452664,3948.0,4.68962,0.482388,42.2477,-14.537283,10.9473,37.8871,CONFIRMED
1202.01,327017634,FP,,2.726775,878.134108,1.710706,448.0162269,9.5212941,3773.0,4.438,0.577983,210.427355,-63.852645,8.386,818.829,FALSE POSITIVE
1203.01,23434737,CP,25.5195307,6.6877451,558.3758637,2.9641461,662.8890748,45.6335702,5742.22,4.29,1.17321,168.226736,-34.406937,7.9995,64.9943,CONFIRMED
1204.01,467666275,PC,1.3812115,2.7372191,117.7553083,2.2402361,2222.614552,5767.3673643,6711.0,4.06358,1.7756799,169.119109,-60.567675,8.004,106.505,CANDIDATE
1205.01,287776397,PC,2.3922703,9.0053425,63.575141,3.5905923,2954.822621,18015.5142019,6090.0,3.29864,4.1956,127.128017,-74.954728,8.3902,309.932,CANDIDATE
1206.01,308034948,FP,0.831542,1.985538,248.969585,1.881684,1999.3796659,3776.6095365,5824.0,4.438,1.1512,180.325704,-60.200439,8.6014,1698.55,FALSE POSITIVE
1207.01,364393429,PC,2.6282553,2.0930597,75.2858004,0.9817044,1418.1144376,955.7979966,6282.0,4.37809,1.10743,116.594329,-64.056009,9.2397,113.758,CANDIDATE
1208.01,273985865,PC,3.4239436,1.9601023,443.6391381,1.7581475,1056.3800546,294.3078003,5626.0,4.56195,0.823019,30.508742,-83.227962,10.5924,134.757,CANDIDATE
1208.02,273985865,PC,10.983042,3.7478987,725.1724567,2.5070075,716.2888325,62.2119369,5626.0,4.56195,0.823019,30.508742,-83.227962,10.5924,134.757,CANDIDATE
1208.03,273985865,PC,17.726449,3.4404719,747.7725499,2.261664,610.6445415,32.8605569,5626.0,4.56195,0.823019,30.508742,-83.227962,10.5924,134.757,CANDIDATE
1209.01,30037565,PC,40.7199388,4.2436925,355.619391,3.2352713,668.3063106,47.143655,5914.0,3.98,1.55953,73.541918,-70.379109,9.597,173.833,CANDIDATE
121.01,207081058,APC,14.7741056,5.504,15041.0,15.3936,928.0,123.522,6053.0,4.3135,1.23,331.867517,-41.815511,9.9358,182.169,CANDIDATE
1210.01,33878688,FP,79.3739596,5.392,1227.0,2.17454,368.0,3.05331,5168.33,4.60584,0.77,66.221959,-73.333516,11.1762,144.133,FALSE POSITIVE
1211.01,50312495,PC,18.1663644,2.464,624.0,2.80447,562.0,16.6472,5572.9,3.83,1.14,31.178933,-73.126759,9.8135,133.335,CANDIDATE
1212.01,389924075,PC,105.5850893,11.6068811,462.9116325,2.5033335,429.5758177,8.047858,5909.57,4.26154,1.1142,87.874157,-70.991808,10.4016,190.986,CANDIDATE
1213.01,399144800,FP,27.2149622,3.7190483,4731.4046225,8.3475973,573.0537137,25.4860381,6270.0,4.54537,0.989667,163.198824,-67.387472,10.6392,161.33,FALSE POSITIVE
1214.01,451606970,PC,19.1807264,3.9621084,544.5602695,2.4311768,611.0168649,32.9407734,5262.4,3.98,0.937973,285.049519,-84.448187,10.0329,107.048,CANDIDATE
1215.01,453260209,PC,1.2124493,0.9984653,501.2911711,0.879419,1092.1250255,336.2098533,3751.0,4.75718,0.518,146.87585,-77.296816,10.42,34.6633,CANDIDATE
1216.01,141527965,PC,4.5541831,7.8146963,187.8286128,0.8887417,694.0557871,54.8401357,4280.0,4.61209,0.635812,87.714849,-75.688563,11.546,99.5413,CANDIDATE
1217.01,248092710,PC,41.4856125,6.6899368,959.7522291,12.5121956,1035.0005398,271.196017,6354.0,4.24472,3.4868701,193.260548,-44.09936,9.6517,463.223,CANDIDATE
1218.01,294781547,PC,13.7738265,2.9992376,338.2166234,1.8971927,730.4597521,67.2831271,5455.96,4.46737,1.01825,71.484109,-68.761805,10.3869,135.689,CANDIDATE
1219.01,294981566,PC,1.9142544,3.256,248.0,2.04421,2462.0,6105.33,6734.0,4.18582,1.59,72.332562,-67.368745,10.1207,301.291,CANDIDATE
122.01,231702397,CP,5.0780325,1.2100353,5923.1283069,2.6347763,431.253644,8.1743139,3318.0,4.9581,0.334125,332.948236,-58.946085,13.084,62.118,CONFIRMED
1220.01,319259194,APC,70.3607265,1.0325441,1353.9678246,8.2807306,685.259664,52.1124723,6308.0,3.98679,2.0982201,71.650779,-78.561605,9.5298,273.698,CANDIDATE
1221.01,349095149,CP,91.6827832,9.7504857,713.2183569,3.239855,399.0780255,5.9944903,5802.0,4.44521,1.01814,107.921025,-65.508857,10.0564,138.411,CONFIRMED
1222.01,374997123,PC,10.1944993,2.2648785,317.3261147,2.7392825,994.4291411,231.1087411,6082.0,4.33287,1.32661,99.224785,-63.079384,10.3014,226.932,CANDIDATE
1223.01,382437043,FP,14.64319,2.5483426,242.7923919,3.41248,1134.2791474,391.2017546,6516.0,3.99366,2.04178,117.214876,-63.720125,9.3109,237.7,FALSE POSITIVE
1224.01,299798795,CP,4.1782656,1.675904,2537.6781602,2.1023854,492.7241583,13.9295288,3442.0,4.893,0.404403,37.197836,-80.899105,11.556,37.3312,CONFIRMED
1224.02,299798795,CP,17.9453645,3.0740072,5480.684864,3.3839124,303.1226876,1.9952383,3442.0,4.893,0.404403,37.197836,-80.899105,11.556,37.3312,CONFIRMED
1225.01,150428703,PC,13.896396,3.5885605,748.5332881,2.4586343,686.1495861,52.3837065,5522.87,4.67156,0.888163,97.166308,-64.596432,11.7582,252.615,CANDIDATE
1225.02,150428703,PC,8.1213102,3.1040945,594.6443745,2.3157186,820.6868999,107.208941,5522.87,4.67156,0.888163,97.166308,-64.596432,11.7582,252.615,CANDIDATE
1226.01,177115354,PC,3.9287851,1.8165271,485.9762569,2.329279,1123.4398689,376.4612937,5668.15,4.52573,0.986943,103.754836,-69.867129,11.5514,257.93,CANDIDATE
1227.01,360156606,CP,27.3613778,4.0586418,20690.6684294,6.4522449,243.7718547,0.8345555,3050.0,4.438,0.44128,186.767363,-72.45185,13.802,100.641,CONFIRMED
1228.01,300038935,CP,29.0497517,7.117,318.0,2.84674,1115.0,257.066,8208.0,4.25979,1.8,107.843685,-68.83334,9.0963,272.217,CONFIRMED
1229.01,140760434,APC,31.8132264,11.2567164,11479.375547,21.6314984,672.8454841,48.4375724,6028.84,3.96199,1.98893,74.130396,-74.920333,10.779,254.584,CANDIDATE
123.01,290131778,CP,3.3088922,6.114,4736.0,24.9862,3184.0,17074.7,6188.0,4.27166,2.62,319.699588,-26.616374,7.87598,161.498,CONFIRMED
1230.01,287156968,CP,25.0571312,7.5424225,533.486013,3.2396838,688.6094029,53.1389289,5696.0,4.26563,1.15281,118.129594,-83.825063,9.6245,143.138,CONFIRMED
1231.01,447061717,CP,24.2454967,3.3725583,6260.6703602,3.878568,122.2177444,0.05273,3535.0,4.84874,0.465271,156.74726,-52.467872,10.2565,27.6227,CONFIRMED
1232.01,364395234,PC,14.2545623,4.7250029,7899.6939555,10.7048234,785.7055082,90.0658585,5739.0,4.28235,1.09597,116.501399,-61.879794,11.7835,328.604,CANDIDATE
1233.01,260647166,CP,14.1758947,3.7543827,907.1324529,2.6231641,690.9961983,53.8795095,5723.87,4.438,0.864173,186.574063,-51.363052,8.6522,64.5978,CONFIRMED
1233.02,260647166,CP,19.5901578,4.002861,1182.6678641,3.0026428,620.3638839,35.0031418,5723.87,4.438,0.864173,186.574063,-51.363052,8.6522,64.5978,CONFIRMED
1233.03,260647166,CP,6.2036219,3.01098,548.9044399,2.056748,910.1452592,162.1675094,5723.87,4.438,0.864173,186.574063,-51.363052,8.6522,64.5978,CONFIRMED
1233.04,260647166,CP,3.79589,2.4602856,317.5272928,1.553135,1072.0653989,312.1807495,5723.87,4.438,0.864173,186.574063,-51.363052,8.6522,64.5978,CONFIRMED
1234.01,90504905,FP,2.2645386,3.8193701,15019.9420903,5.1936764,616.7174475,34.1873897,3443.0,4.81617,0.411471,290.57223,26.319493,13.7991,104.912,FALSE POSITIVE
1235.01,103633434,CP,3.4447015,1.912,796.0,2.00495,1086.0,231.437,3912.0,4.62642,0.63,152.218255,69.27662,9.91924,39.6345,CONFIRMED
1238.01,153951307,CP,3.2947689,1.7483103,1324.0402774,2.5248559,700.5995436,56.9377632,3853.0,4.63168,0.62326,201.382339,68.836068,11.2582,70.7145,CONFIRMED
1238.02,153951307,CP,0.7645807,1.07057,394.9832006,1.2407226,1140.0845694,399.2723837,3853.0,4.63168,0.62326,201.382339,68.836068,11.2582,70.7145,CONFIRMED
1239.01,154716798,CP,12.6396982,3.3830702,3292.6812864,4.6025162,640.0266601,39.6563977,5217.0,4.59186,0.789425,158.011286,84.030377,10.7192,126.903,CONFIRMED
124.01,29831208,APC,1.8428078,1.449,1950.0,21.2705,1785.0,1687.83,5080.0,4.48159,4.09,66.58263,-67.806354,11.1311,809.252,CANDIDATE
1241.01,159107668,PC,4.7802597,1.4588658,1015.4550043,7.6126429,1654.2989516,1770.0151344,5826.0,3.7213,2.3387201,289.73973,44.647347,11.1634,546.522,CANDIDATE
1242.01,198212955,PC,0.3814849,0.565,570.0,2.0605,1539.0,931.396,4255.0,4.55641,0.71,248.553295,60.195927,11.598,110.015,CANDIDATE
1243.01,219698776,PC,4.6595169,0.9011821,1725.1706259,2.1961507,519.9004855,17.2664038,3489.0,4.74553,0.490729,135.732641,71.636416,11.1966,43.1865,CANDIDATE
1244.01,219850915,CP,6.4002807,2.1559875,1026.6018729,2.2730301,699.0536347,56.4368797,4599.0,4.58487,0.720551,256.279559,69.519093,11.0157,102.551,CONFIRMED
1245.01,229781583,PC,4.8204512,1.756,1930.0,2.36747,572.0,17.8782,3692.0,4.71598,0.52,283.53553,69.633534,12.1819,80.0982,CANDIDATE
1246.01,230127302,CP,18.6548829,5.4431451,1495.4449473,4.3869878,585.8091542,27.832077,5141.0,4.49143,0.876154,251.11587,70.429992,11.1802,169.422,CONFIRMED
1246.02,230127302,CP,4.3074513,2.3379196,1094.8419495,3.2819879,954.8757629,196.4755358,5141.0,4.49143,0.876154,251.11587,70.429992,11.1802,169.422,CONFIRMED
1246.03,230127302,CP,5.9041278,2.7678313,773.9266468,2.4489454,859.6105665,129.0410781,5141.0,4.49143,0.876154,251.11587,70.429992,11.1802,169.422,CONFIRMED
1246.04,230127302,CP,37.9251983,3.5345219,1370.7888539,3.241643,462.4282696,10.8068346,5141.0,4.49143,0.876154,251.11587,70.429992,11.1802,169.422,CONFIRMED
1247.01,232540264,CP,15.9234883,4.021,493.0,2.18203,735.0,48.5414,5711.85,4.38315,1.08,227.867864,71.841296,8.4724,73.8713,CONFIRMED
1248.01,232612416,CP,4.3601536,2.3408909,5592.2909183,6.9564258,961.6063113,202.0738994,5227.0,4.50479,0.874131,259.023592,63.105607,11.1153,168.735,CONFIRMED
1249.01,232976128,CP,13.0791581,2.97,1143.0,3.25485,735.0,48.6058,5453.0,4.41707,1.0,200.561576,66.308533,10.2108,139.49,CONFIRMED
125.01,52368076,CP,4.6517186,2.709,978.0,2.66889,1343.0,540.772,5154.0,4.47072,0.85,23.593425,-66.676349,10.1985,111.059,CONFIRMED
125.02,52368076,CP,9.1549418,2.457,1101.0,2.62011,710.0,42.2592,5154.0,4.47072,0.85,23.593425,-66.676349,10.1985,111.059,CONFIRMED
125.03,52368076,CP,19.9815709,2.724,909.0,2.54717,562.0,16.5853,5154.0,4.47072,0.85,23.593425,-66.676349,10.1985,111.059,CONFIRMED
125.04,52368076,PC,,4.6235211,738.7670156,2.9700035,465.178087,11.0661868,5154.0,4.47072,0.852266,23.593425,-66.676349,10.1985,111.059,CANDIDATE
1250.01,233059608,FA,1.4415044,0.9274524,547.3172736,3.8345209,2198.3076824,5519.1845,6603.0,4.438,1.58365,269.807391,64.142644,6.895,66.3631,FALSE POSITIVE
1251.01,233120979,APC,5.9630544,2.951,11000.0,10.0859,,112.667,5273.0,4.438,0.94,273.529238,62.858243,10.6479,185.952,CANDIDATE
1252.01,233211762,PC,1.1219715,0.8226121,3997.6445916,3.9968417,1479.5361862,1132.461295,5780.0,4.67672,0.624,266.686079,70.784502,12.0623,123.8346,CANDIDATE
1253.01,233684822,FP,4.6756655,1.914,738.0,4.03134,1085.0,230.204,5779.0,4.88162,1.45,260.902889,64.862363,9.89947,185.23,FALSE POSITIVE
1254.01,236714379,APC,1.0180114,1.1353639,2618.9492168,6.5875997,1801.3210938,2488.20146,5451.0,4.33923,1.0933,239.201466,65.888838,10.794,199.039,CANDIDATE
1255.01,237222864,CP,10.288886,1.391,854.0,2.63881,483.0,9.06856,5126.0,4.49772,0.87,296.24462,74.062858,9.1416,65.9501,CONFIRMED
1256.01,274762761,FP,1.0332441,3.8017836,26111.5081972,4.087988,516.1833775,16.7778791,2972.0,5.15741,0.156193,301.346363,38.228325,13.5608,,FALSE POSITIVE
1258.01,288132261,PC,10.2613397,4.855,726.0,3.60391,1152.0,372.358,6124.0,4.15391,1.49,209.484313,79.583322,9.13619,154.944,CANDIDATE
1259.01,288735205,CP,3.4779776,2.5103489,27021.6932424,12.5541925,897.2038496,153.1388971,4699.0,4.54638,0.765001,282.100166,79.256476,11.1534,118.106,CONFIRMED
1260.01,355867695,CP,3.1274634,1.9812695,1331.83693,2.5802896,813.0378617,103.2675998,4225.0,4.5756,0.693431,157.144071,65.854199,10.8116,73.5977,CONFIRMED
1260.02,355867695,CP,7.4931613,1.9339295,1650.6470497,2.7733674,607.6028794,32.2107098,4225.0,4.5756,0.693431,157.144071,65.854199,10.8116,73.5977,CONFIRMED
1260.03,355867695,CP,49.825166,3.8714976,2059.4069037,3.8319135,323.1161011,2.5760566,4225.0,4.5756,0.693431,157.144071,65.854199,10.8116,73.5977,CONFIRMED
1261.01,356311210,PC,18.0574016,3.592177,1198.0572128,3.8092663,704.2235859,58.1250403,5897.0,4.45922,1.01,268.016064,53.730699,10.6965,199.964,CANDIDATE
1262.01,365938305,PC,20.8774413,3.562,771.0,2.16145,572.0,17.8402,5396.0,4.50457,0.9,180.726502,74.061009,9.5966,93.2276,CANDIDATE
1263.01,406672232,PC,1.0214555,1.252,319.0,1.46266,1449.0,733.19,5098.0,4.54682,0.82,309.353641,22.654366,8.5325,46.5539,CANDIDATE
1264.01,416195870,PC,2.7441672,1.418,5650.0,7.84317,1009.0,172.233,5040.0,4.38482,0.97,287.242092,57.344126,10.634,141.755,CANDIDATE
1266.01,467179528,CP,10.8948421,2.0719394,3168.3853584,2.4691414,390.8242112,5.5137471,3618.0,4.79432,0.435666,197.996583,65.833697,11.0402,36.0118,CONFIRMED
1266.02,467179528,CP,18.8016111,1.9093524,1686.7881033,1.9112282,325.8292621,2.6636757,3618.0,4.79432,0.435666,197.996583,65.833697,11.0402,36.0118,CONFIRMED
1268.01,142394656,CP,8.157721,3.788,10273.0,9.31888,860.0,91.0972,5091.2,4.47,0.9,198.388583,62.30538,10.1495,109.557,CONFIRMED
1269.01,198241702,CP,4.2529641,2.5733867,758.584999,2.3483383,994.5309519,231.2034004,5591.0,4.38111,0.848906,249.69664,64.559181,10.9897,172.138,CONFIRMED
1269.02,198241702,PC,9.2378703,2.535,660.0,2.22995,757.0,54.6767,5591.0,4.38111,0.85,249.69664,64.559181,10.9897,172.138,CANDIDATE
127.01,234523599,CP,3.7955178,2.0198135,52278.9940979,10.3261619,525.9431131,18.0832336,3424.0,4.438,0.445372,15.551889,-61.756133,14.1266,140.225,CONFIRMED
1270.01,237200747,FP,14.3034613,3.135,48840.0,18.4949,551.0,15.38,5056.6,4.53,0.83,293.032494,74.891073,11.463,171.138,FALSE POSITIVE
1272.01,417948359,CP,3.3159772,1.494,2770.0,4.5947,923.0,120.595,4972.7,4.54,0.81,199.196204,49.861059,11.0244,137.572,CONFIRMED
1273.01,445859771,CP,4.6313014,1.435,4860.0,9.34848,1078.0,225.013,5736.0,4.39,1.07,214.120856,58.390253,10.418,177.118,CONFIRMED
1274.01,459969957,PC,19.3203478,4.215,13910.0,9.38964,534.0,13.544,4968.1,4.5,0.8,254.816154,65.747438,11.8994,178.141,CANDIDATE
1275.01,13499636,FA,11.3246821,5.9704136,1937.5829721,4.2917226,707.3693882,59.1706102,5518.0,4.59176,0.824734,320.201905,28.055829,10.5954,138.591,FALSE POSITIVE
1276.01,43064903,FA,6.261169,2.0369188,4005.022808,1.3468319,414.5815396,6.9816945,3145.0,5.04431,0.211257,302.669134,40.668628,12.5405,24.5209,FALSE POSITIVE
1277.01,153949511,FA,,4.6,1405.9675071,3.2287724,661.2039892,45.1713284,5544.0,4.5609,0.857648,172.747799,66.796529,9.76775,100.772,FALSE POSITIVE
1277.02,153949511,PC,14.8559691,3.711,1127.0,2.72638,788.0,64.0545,5544.0,4.5609,0.86,172.747799,66.796529,9.76775,100.772,CANDIDATE
1278.01,163539739,CP,14.4751062,1.6182484,9618.5798534,8.6976173,407.866275,6.5402175,3841.0,4.69364,0.55035,320.478444,35.648625,11.7819,75.5759,CONFIRMED
1279.01,224297258,CP,9.6141636,3.4271882,933.6532689,3.2264735,749.8978043,74.7359105,5477.0,4.5707,0.840608,185.062873,56.201409,9.99454,107.055,CONFIRMED
128.01,391949880,CP,4.9404714,1.954,455.0,2.3216,1178.0,320.012,6086.0,4.26269,1.13,79.520938,-80.964384,7.9849,68.4727,CONFIRMED
1280.01,230017324,PC,9.6926392,3.0182304,1838.2370548,3.289074,626.5734732,36.4257934,4665.0,4.56182,0.746003,291.465322,61.776153,10.6355,92.4381,CANDIDATE
1281.01,232971294,PC,6.390888,3.766,435.0,2.47201,1227.0,376.532,6191.0,4.27017,1.32,199.442645,71.721051,9.6635,178.259,CANDIDATE
1284.01,267561446,FP,1.283251,2.012261,1961.318203,2.558112,923.6720985,172.0252913,3855.0,4.68499,0.560391,311.513651,56.86715,12.5313,110.246,FALSE POSITIVE
1285.01,274662200,FP,1.2284388,1.9190118,1229.4965125,1.866263,841.1003116,118.2802346,3526.0,4.71105,0.53023,316.86724,46.865373,10.9313,41.9934,FALSE POSITIVE
1286.01,277507814,APC,0.6166953,0.712,1089.0,10.4852,2958.0,12724.9,6588.0,4.1855,1.57,310.953619,59.576628,10.1653,278.771,CANDIDATE
1287.01,352764091,PC,9.6001126,4.9882857,380.4193796,2.4070295,950.8147029,193.1543783,5891.0,4.30161,1.2103699,308.747621,63.474938,8.593,92.7225,CANDIDATE
1288.01,365733349,CP,2.6998294,2.208,2798.0,4.94551,1639.0,1198.41,6180.0,4.57956,0.92,313.167029,65.608783,9.93119,114.865,CONFIRMED
1289.01,408203470,FP,0.581322,1.3261177,3206.6010016,2.2014886,952.4881815,194.5178158,3446.0,4.83941,0.38621,307.210941,33.413959,12.9984,89.21544,FALSE POSITIVE
129.01,201248411,CP,0.980972,0.5405036,6178.392421,5.9162923,1320.951709,719.5629045,4486.0,4.49914,0.764401,0.185606,-54.830823,9.9005,61.7856,CONFIRMED
1291.01,198186769,PC,7.16199,7.668,800.0,5.05452,1649.0,1230.42,6229.0,4.0,1.81,245.818009,62.925121,10.8722,428.123,CANDIDATE
1292.01,199688472,FP,1.4412175,1.666,12927.0,17.0442,1626.0,1160.55,5672.9,4.13,1.46,253.14033,57.97415,9.84566,190.403,FALSE POSITIVE
1293.01,202504234,PC,1.6849938,0.916,990.0,3.76716,1198.0,342.918,5923.0,4.38,1.11,230.310094,63.565285,10.8605,239.983,CANDIDATE
1294.01,219015370,CP,3.9152737,2.562,3350.0,9.43435,1170.0,311.498,5714.0,4.05,1.58,223.092641,70.476557,10.9458,332.648,CONFIRMED
1295.01,219852584,CP,3.1968838,3.7533697,7958.980656,14.9685779,1671.1249287,1843.1329908,6470.0,4.15,1.59715,256.672203,67.871503,10.7973,388.227,CONFIRMED
1296.01,219854185,CP,3.9443668,4.8652146,6732.488454,14.5727196,1461.6208264,1078.5986988,5494.0,3.93,1.75475,256.770639,70.238481,10.8041,323.265,CONFIRMED
1297.01,229536616,FP,3.93034,3.667,9724.58,14.8838,,815.91,6292.0,,1.37,195.821133,67.823436,10.9873,283.32,FALSE POSITIVE
1298.01,237104103,CP,4.5371361,4.042155,4199.7558754,9.8153513,1326.6264827,732.0077048,5731.0,4.1,1.48668,241.322901,70.19004,10.9585,319.036,CONFIRMED
1299.01,258777134,FP,5.929405,3.719,16410.0,,,,,,,286.74788,71.7136,10.451,,FALSE POSITIVE
130.01,263003176,CP,14.3392144,4.6064739,392.6346872,2.2963233,841.9410276,118.7538488,6295.7,4.438,1.1374201,12.546778,-83.743767,7.4371,57.5846,CONFIRMED
1301.01,356867115,CP,6.0964074,2.3632965,1142.4891745,2.5856853,737.3642914,69.8633506,4820.4,4.6,0.731699,275.862543,71.581748,10.5216,90.8693,CONFIRMED
1301.02,356867115,PC,,8.0555709,2143.3712267,4.258255,177.5215972,0.2347069,4820.4,4.6,0.731699,275.862543,71.581748,10.5216,90.8693,CANDIDATE
1302.01,441797803,PC,5.6666168,3.604,9780.0,14.8589,1277.0,442.536,6530.0,4.23,1.47,264.378942,73.261193,10.6724,339.455,CANDIDATE
1303.01,185405474,FP,1.56029,2.751,1690.0,18.4825,3900.0,38412.5,6897.0,3.89,2.29,301.717674,45.499227,9.87278,387.708,FALSE POSITIVE
1304.01,186000935,FP,8.8735214,4.059,1949.0,6.0401,1591.0,1064.98,5992.0,4.34,1.18,303.072972,44.495878,9.76577,156.338,FALSE POSITIVE
1305.01,232679662,FP,7.8513774,6.699,21571.0,,,,,,,282.474539,55.26639,10.3018,875.061,FALSE POSITIVE
1306.01,233735068,FP,7.6869063,4.652,4500.0,23.7824,1409.0,655.022,5147.3,,3.07,277.476856,61.049501,10.0194,364.477,FALSE POSITIVE
1307.01,236815160,APC,2.534612,1.978,5185.2815163,,1193.0,336.934,5009.6,,,283.637489,59.763193,10.7967,,CANDIDATE
1308.01,277014266,FP,1.3797091,2.352,1320.0,22.2329,3626.0,28702.5,5924.0,3.68,2.67,306.425841,53.561615,10.6168,543.011,FALSE POSITIVE
1309.01,287190564,FP,1.49861,2.871,2188.61,,4828.0,90202.8,8590.0,4.12,,292.50517,54.108503,10.6229,686.879,FALSE POSITIVE
131.01,235037761,APC,6.2407826,1.513,6114.0,16.0959,708.0,41.7384,4174.0,4.34197,0.9,353.828713,-64.561917,9.8567,,CANDIDATE
1310.01,294179389,FP,2.6796,2.771,7590.0,11.8862,1492.0,823.434,5938.0,4.23,1.32,300.83864,53.29562,10.5742,247.975,FALSE POSITIVE
1311.01,378159598,APC,6.1406417,2.3525428,9437.1831553,26.5174686,1714.087545,2040.1072476,8298.0,4.19,1.87493,294.722734,41.565154,10.5819,556.813,CANDIDATE
1312.01,405904232,FP,11.0765063,4.692,4400.0,12.8076,1033.0,189.348,6460.0,4.0,1.86,301.562631,52.164181,10.1098,316.176,FALSE POSITIVE
1313.01,11111899,FP,0.6193401,1.514,1853.0,8.84136,,55990.1,7812.5,,1.79,303.824831,36.651807,9.6996,303.313,FALSE POSITIVE
1314.01,136848581,FP,2.6400663,3.368,1328.0,18.2671,2611.0,7719.64,5155.0,,2.72,317.7479,43.551895,9.90482,285.36,FALSE POSITIVE
1315.01,137284119,FP,2.5778717,3.472,1010.0,18.687,4400.0,62241.5,8321.0,3.75,3.16,318.235161,46.26809,9.14819,453.744,FALSE POSITIVE
1316.01,15565627,FP,3.80509,3.347,1280.0,8.57193,1644.0,1214.11,6555.5,3.83,2.35,307.016647,39.87713,10.3332,434.962,FALSE POSITIVE
1317.01,165523947,FP,2.99041,3.952,1290.0,24.2511,4252.0,54264.3,8542.0,3.66,3.56,316.813885,40.167172,10.2918,697.116,FALSE POSITIVE
1318.01,167092385,PC,4.9865029,2.441,1341.0,,,,,,,318.724623,38.094232,10.151,343.728,CANDIDATE
1319.01,167098530,FP,0.890967,1.784,1100.0,2.89678,2099.0,3225.32,5159.2,4.5,0.87,318.627107,40.017017,9.3213,73.6326,FALSE POSITIVE
132.01,89020549,CP,2.1096805,2.1344043,1309.7297126,3.6396725,1284.923458,644.2138136,5673.0,4.55383,0.940806,338.399662,-43.436872,10.8061,163.678,CONFIRMED
1320.01,167403519,PC,3.9729429,3.653,4558.0,,,,,,,319.32501,38.104855,10.334,340.289,CANDIDATE
1321.01,195199644,FP,1.19888,1.558,1169.03,20.5525,2172.0,3694.96,7315.0,,5.46,313.536475,37.789356,10.0849,1139.32,FALSE POSITIVE
1322.01,240450679,APC,3.37644,1.437,5791.2,,1589.0,1059.26,8639.7,3.96,,323.527361,46.931774,10.0819,713.725,CANDIDATE
1323.01,256886630,FP,2.03905,2.26,430.0,6.42307,3550.0,26394.8,9003.0,3.94,2.68,329.385067,41.449509,8.26618,301.421,FALSE POSITIVE
1324.01,266688542,FP,2.9424142,4.073,1400.0,9.70968,3452.0,23595.1,6854.0,4.1,1.79,321.02381,46.384673,10.1894,339.736,FALSE POSITIVE
1325.01,274942910,FP,1.0793011,2.196,1562.0,3.31116,2612.0,7736.05,4349.3,4.62,0.67,322.92657,41.797465,9.9809,52.4946,FALSE POSITIVE
1326.01,275111900,FP,8.0428575,9.504,18730.0,,2522.0,6718.53,8286.0,,,323.206851,39.072196,8.6746,285.587,FALSE POSITIVE
1327.01,312083267,APC,3.9392211,2.379,1468.0,27.6744,2902.0,11779.7,8715.0,3.55,4.12,303.295223,36.725485,8.38189,457.792,CANDIDATE
1328.01,330332501,FP,4.0157492,2.706,1150.0,6.47219,1417.0,669.61,6585.0,3.94,2.07,315.110366,46.060449,10.3599,397.905,FALSE POSITIVE
1329.01,345996087,FP,2.01976,3.394,3963.85,7.3626,2444.0,5926.69,7274.6,4.18,1.72,327.480039,44.08006,10.2835,398.627,FALSE POSITIVE
133.01,219338557,PC,8.1995368,2.1168277,903.3694431,1.9226211,577.2199136,26.2353114,4028.0,4.55902,0.650533,354.397374,-58.955078,9.9762,48.6326,CANDIDATE
1330.01,357457104,FP,1.748054,2.122,670.0,,,,,,,315.540896,45.775741,9.521,,FALSE POSITIVE
1331.01,387664866,FP,2.65646,2.475,773.369,12.1711,1545.0,948.066,6135.4,3.4,3.98,323.548627,50.481445,9.08409,402.661,FALSE POSITIVE
1332.01,387664868,FP,2.65688,2.615,1959.88,,,,,,,323.550356,50.481865,10.8823,645.841,FALSE POSITIVE
1333.01,395171208,CP,4.7201912,4.416,6710.0,15.2105,1609.0,1112.85,6696.0,4.08,1.8,325.014536,48.406767,9.03527,200.492,CONFIRMED
1334.01,42123111,FP,4.03349,2.684,1530.0,23.4514,2400.0,5512.68,11348.0,,6.37,302.220069,38.245221,9.5526,1276.26,FALSE POSITIVE
1335.01,89759617,FP,3.3295394,2.77,2620.0,14.3988,1916.0,2238.0,7965.0,3.98,2.35,301.564685,35.588396,10.4806,624.639,FALSE POSITIVE
1336.01,92783821,FP,3.8615978,1.678,1020.0,13.8394,1933.0,2320.32,7396.0,3.89,2.45,303.017318,35.524628,10.2115,524.29,FALSE POSITIVE
1338.01,260128333,CP,95.174,11.6316864,2600.061605,7.8498891,254.6525048,0.9938316,5723.2,3.6,1.51811,92.133096,-59.540985,11.4881,399.017,CONFIRMED
1339.01,269701147,CP,8.8803281,2.71,1238.0,3.20594,777.0,60.7382,5555.7,4.49,0.92,302.025625,66.850301,8.2929,53.6089,CONFIRMED
1339.02,269701147,CP,28.580474,4.5139977,1081.396943,3.1455035,545.0001759,20.8500726,5555.7,4.49,0.920435,302.025625,66.850301,8.2929,53.6089,CONFIRMED
1339.03,269701147,CP,38.3511223,5.9120193,1029.0917261,3.2843583,494.1094771,14.086845,5555.7,4.49,0.920435,302.025625,66.850301,8.2929,53.6089,CONFIRMED
134.01,234994474,CP,1.4015183,1.1583061,593.7540922,1.4616853,891.6389885,149.3747543,3794.0,4.67812,0.597007,350.028592,-60.065729,9.22978,25.1496,CONFIRMED
1340.01,233681149,FP,8.5874668,5.1458902,1904.8131484,5.3744721,895.5943008,152.0429498,5929.0,4.48275,0.987583,260.36481,65.012281,10.8037,208.687,FALSE POSITIVE
1341.01,233390838,FP,6.4474918,2.643,9270.0,48.9878,1443.0,720.601,6477.6,4.13,1.69,301.559262,59.490771,9.53591,236.568,FALSE POSITIVE
1342.01,256621916,FP,1.4136455,1.448,2427.0,,2358.0,5133.26,5869.0,,,300.488392,60.246367,10.4243,,FALSE POSITIVE
1343.01,358631536,FP,3.4040139,4.837,935.0,5.34279,4701.0,81123.4,9622.0,4.39,1.65,317.575459,48.464282,10.0062,400.034,FALSE POSITIVE
1344.01,1400770435,FP,13.7432169,2.73,5046.0,25.7481,1015.0,176.671,5941.5,4.23,1.4,264.961539,56.078974,8.88797,121.182,FALSE POSITIVE
1345.01,160487753,PC,8.47134,6.989,540.0,16.9325,2137.0,3465.35,5146.0,,4.88,238.031812,74.406742,10.8049,788.93,CANDIDATE
1346.01,219852882,CP,5.5025577,3.1711008,844.7022676,2.7049797,811.847988,102.6644008,4965.0,4.56,0.784109,256.622675,68.843303,10.7261,115.45,CONFIRMED
1346.02,219852882,CP,1.7622537,0.8779711,733.5550822,2.5235818,1186.6066429,468.5415425,4965.0,4.56,0.784109,256.622675,68.843303,10.7261,115.45,CONFIRMED
1347.01,229747848,CP,0.8474218,0.8758764,424.3932848,1.7536544,1678.5549814,1876.1315489,5300.0,4.56,0.846387,280.326681,70.290054,10.7157,147.476,CONFIRMED
1347.02,229747848,CP,4.8420438,2.4105648,318.6638392,1.6177405,938.9141348,183.6641995,5300.0,4.56,0.846387,280.326681,70.290054,10.7157,147.476,CONFIRMED
1348.01,229770036,FP,2.14056,2.029,355.8315803,1.83828,1174.0,316.156,4567.0,4.39,0.84,282.173361,70.840191,10.6666,101.713,FALSE POSITIVE
1349.01,272635712,APC,12.71672,2.529,388.126,2.7546,673.0,34.1387,5711.1,4.24,1.27,231.162129,67.464751,9.34822,130.242,CANDIDATE
135.01,267263253,CP,4.1269046,4.405,10831.0,17.0952,1715.0,1436.49,6888.0,4.23416,1.59,7.328916,-76.304032,9.2205,196.852,CONFIRMED
1350.01,233953967,PC,5.5402372,7.713,2710.0,17.4013,1925.0,2282.41,6415.0,3.49,3.39,305.395161,56.462656,10.3589,598.635,CANDIDATE
1351.01,1718201850,APC,5.9294089,2.928,14536.0,,,,,,,286.746549,71.712195,10.3267,125.308,CANDIDATE
1352.01,336740528,APC,5.2958813,2.882,5100.0,13.3622,,414.975,5958.7,,1.93,334.738559,61.148988,10.4209,315.0431,CANDIDATE
1353.01,279177746,FP,4.4350025,2.252,2085.0,9.91393,2535.0,6855.78,9706.0,4.29,1.87,313.885156,46.502085,10.1503,464.209,FALSE POSITIVE
1354.01,365683032,FP,1.4287976,2.93,1768.0,9.00484,5621.0,165726.0,9224.0,4.37,1.65,312.179957,51.910696,8.78822,245.776,FALSE POSITIVE
1355.01,372264750,PC,2.1702725,2.1417853,5156.7735359,15.2590586,2652.9602078,11706.9549101,9218.0,4.27,1.8527499,331.307643,66.775296,8.65269,248.148,CANDIDATE
1356.01,277566483,PC,24.2544697,17.486,8802.0,,1749.0,1556.33,8381.3,,,311.19458,54.502161,8.9468,4772.59,CANDIDATE
1357.01,357972447,FP,0.33759,1.351,529.0,2.96097,2725.0,9164.98,7387.0,4.39,1.37,316.955806,50.500883,10.2193,254.401,FALSE POSITIVE
1358.01,275501623,FP,1.67346,2.54,390.0,5.10182,3304.0,19786.3,10445.0,4.09,2.45,320.116115,61.12025,8.63701,356.681,FALSE POSITIVE
1359.01,416624606,FP,2.5152549,2.386,1870.0,13.4294,2311.0,4740.94,5915.0,3.82,2.11,310.038053,50.323742,10.2732,335.203,FALSE POSITIVE
136.01,410153553,CP,0.4628844,0.5588219,4489.9119215,1.3543237,723.3961549,64.718104,3043.0,5.09707,0.188624,340.496204,-69.172108,11.9238,14.8846,CONFIRMED
1360.01,330468175,FP,0.70902,2.49,570.0,5.18865,4453.0,65312.0,8999.0,4.05,2.36,315.166199,47.785991,10.0146,533.615,FALSE POSITIVE
1361.01,277447970,PC,2.237462,2.991,4281.0,10.2256,2085.0,3143.23,7050.0,4.19,1.66,320.829517,52.8147,10.2202,339.994,CANDIDATE
1362.01,395142888,PC,1.9173816,1.466,664.0,17.5081,1849.0,1941.36,8129.0,,7.39,335.300845,59.560814,9.7736,975.533,CANDIDATE
1363.01,230017325,FP,9.6926509,2.819,1393.0,13.5133,1045.0,198.127,6012.0,3.39,3.51,291.469121,61.776068,10.3843,615.12,FALSE POSITIVE
1364.01,26880783,PC,1.7753644,2.034,878.0,9.49405,2597.0,7558.32,9598.0,3.81,3.23,293.44357,53.464527,9.2118,595.288,CANDIDATE
1365.01,367099243,FP,1.8286961,3.37,7283.0,21.4433,3235.0,18194.7,6046.3,4.43,1.23,317.729186,72.615356,10.4849,244.318,FALSE POSITIVE
1366.01,120602501,FP,14.8626982,3.3250502,8264.2193919,26.5090911,962.2429589,202.6095767,5705.0,3.97,1.73364,337.686813,40.003763,8.48216,118.59,FALSE POSITIVE
1367.01,129539786,FP,2.0881134,2.307,730.0,5.41738,2665.0,8383.12,6255.8,4.11,1.7,343.953614,39.645117,9.24102,195.858,FALSE POSITIVE
1368.01,136971594,FP,1.25562,2.304,290.0,2.95064,2024.0,2790.4,5717.0,3.97,1.72,317.966114,43.592849,9.1384,158.181,FALSE POSITIVE
1369.01,155005217,FP,7.6047417,5.23,1200.0,6.14418,1948.0,2393.29,9139.0,4.29,1.8,345.243825,42.549318,10.4216,516.299,FALSE POSITIVE
137.01,176957796,FA,4.8173797,1.323,1800.0,1.71137,672.0,33.919,4651.0,4.56937,0.69,101.297491,-66.238326,10.702,88.8838,FALSE POSITIVE
1370.01,155114483,FP,5.2651271,2.463,3450.0,11.2446,1993.0,2619.14,8728.0,4.32,1.7,345.748458,44.564848,9.25068,275.493,FALSE POSITIVE
1371.01,162130054,APC,5.0095595,3.353,8700.0,36.2553,1883.0,2088.59,6527.0,4.11,1.75,331.117705,31.018767,9.948,302.295,CANDIDATE
1372.01,164150539,FP,6.1600888,1.67,1120.0,8.22262,964.0,143.457,5772.0,4.07,1.55,335.753569,30.572726,10.3126,244.043,FALSE POSITIVE
1374.01,190430205,FP,1.06884,2.512,470.0,10.3628,3736.0,32361.2,9222.0,3.42,4.94,324.922517,46.220215,9.8261,1013.56,FALSE POSITIVE
1375.01,190442486,FP,5.4561177,3.1,1360.0,5.78741,1480.0,796.96,7465.0,4.31,1.51,324.935562,41.950794,10.4568,365.168,FALSE POSITIVE
1376.01,190743990,FP,1.7380504,1.496,956.0,4.42263,1476.0,787.969,6026.0,4.16,1.45,325.787112,45.646806,10.2566,240.012,FALSE POSITIVE
1377.01,240613164,FP,1.99143,4.136,16745.8,,5058.0,108701.0,9458.2,,,326.305217,45.812547,10.1441,4984.88,FALSE POSITIVE
1378.01,249812036,FP,5.7785318,2.348,4990.0,42.6903,1921.0,2264.51,8224.0,3.81,2.92,339.785541,49.426562,9.624,547.399,FALSE POSITIVE
1379.01,252490659,APC,1132.0244686,4.119,18121.2,30.6957,1283.0,449.947,5984.0,3.98,2.07,344.35978,53.140835,10.3842,366.242,CANDIDATE
138.01,277683130,APC,6.1982658,1.912,3896.0,7.84585,,234.343,5722.0,4.35582,1.11,328.926018,-61.673257,9.5739,128.488,CANDIDATE
1380.01,274170255,FP,1.41072,2.623,500.0,8.4993,1863.0,2001.09,5197.0,,3.84,316.446344,46.845151,9.32845,305.674,FALSE POSITIVE
1381.01,275722992,PC,6.5601782,4.058,2474.0,28.2675,3318.0,20126.7,9976.0,4.01,2.62,318.784961,44.899679,10.379,737.108,CANDIDATE
1382.01,276360911,FA,0.44482,1.058,1610.0,10.8884,3038.0,14152.2,7184.0,4.1,1.88,329.05345,55.740977,9.62426,285.666,FALSE POSITIVE
1383.01,313506357,FP,1.532703,2.698,1250.0,10.8699,3568.0,26916.4,6023.1,4.24,1.39,347.757547,45.93369,9.5621,178.003,FALSE POSITIVE
1384.01,328167090,FP,0.7131492,2.428,450.0,4.89712,3234.0,18159.7,5128.9,3.88,1.93,331.663464,55.686255,10.0009,235.218,FALSE POSITIVE
1385.01,329864959,FP,4.52318,5.099,25109.1,,,,,,,333.245043,53.98452,8.437,324.346,FALSE POSITIVE
1386.01,343019899,CP,25.8386422,5.209,1806.0,4.31235,667.0,32.9135,5769.0,4.43,1.03,334.504103,54.319045,10.0618,146.858,CONFIRMED
1387.01,343442463,FP,0.78381,1.443,426.099,3.89595,2743.0,9401.36,7842.0,4.22,1.72,341.518718,55.162935,8.95861,239.688,FALSE POSITIVE
1389.01,353038705,PC,3.062624,1.767,580.0,,1053.0,204.269,5086.8,,,333.131944,31.364667,9.957501,,CANDIDATE
139.01,62483237,CP,11.0708575,2.1937617,1149.7328034,2.3337648,554.9934842,22.4219066,4356.0,4.53491,0.700727,336.402414,-34.909713,9.3636,42.4061,CONFIRMED
1390.01,365389353,FP,2.6380089,3.55,1683.0,12.8098,3551.0,26423.9,7495.0,3.88,2.5,323.86462,51.323577,10.3093,523.373,FALSE POSITIVE
1391.01,389182138,FP,2.7260173,2.703,1165.0,4.98036,2317.0,4788.29,5256.0,4.59,0.79,343.635061,54.161814,10.4602,115.746,FALSE POSITIVE
1392.01,416987878,FP,2.86876,2.422,1030.0,8.48351,1983.0,2571.69,8342.0,3.9,2.65,322.892141,50.320713,10.399,594.193,FALSE POSITIVE
1393.01,430528566,FP,0.5590256,0.688,660.0,4.22851,1866.0,2015.68,,,1.35,333.171245,52.900886,10.1993,248.79,FALSE POSITIVE
1394.01,431156009,FP,2.958148,3.769,980.0,4.47387,2311.0,4739.26,6294.0,4.13,1.58,340.395784,51.965285,9.44275,195.022,FALSE POSITIVE
1395.01,468472950,FP,0.98736,1.464,370.0,3.41784,1987.0,2591.32,6301.3,4.07,1.69,321.283221,40.887821,10.1277,279.953,FALSE POSITIVE
1396.01,468845640,FP,3.99307,4.783,3892.81,6.35126,1667.0,1282.52,4731.1,4.35,0.93,337.8341,53.796052,10.3217,102.931,FALSE POSITIVE
1397.01,64553698,FP,8.6795072,3.628,10160.0,24.132,1366.0,578.958,6057.0,4.43,1.14,338.452968,57.563539,10.1799,194.993,FALSE POSITIVE
1398.01,66445643,APC,6.5560604,2.703,861.0,13.1465,1588.0,1056.97,8918.0,3.51,4.58,341.386298,48.161556,8.6291,648.398,CANDIDATE
1399.01,66783360,FP,1.3812787,2.4,1573.0,5.91488,3488.0,24595.6,6483.0,4.28,1.38,341.970903,49.918072,10.2107,252.396,FALSE POSITIVE
140.01,140068425,APC,2.2813432,1.1601933,1126.6619488,12.7387194,2221.9981475,5760.9720984,6174.0,4.27404,2.35511,330.301777,-49.060077,9.7828,337.105,CANDIDATE
1400.01,258801269,FP,5.48923,3.29,910.0,11.8401,1987.0,2592.62,6004.0,4.06,1.62,287.025089,66.290697,10.938,370.791,FALSE POSITIVE
1401.01,259126549,FP,7.3845072,4.531,25160.0,23.6091,,514.397,6149.2,,1.43,291.411851,69.11298,10.9828,383.166,FALSE POSITIVE
1402.01,259129875,FP,0.43889,0.947,650.0,6.69456,3049.0,14357.3,7111.0,3.91,2.32,291.880247,68.014695,10.5896,576.745,FALSE POSITIVE
1403.01,328750515,FP,2.3359622,6.0165684,3066.2492749,18.3852989,2362.6020308,7363.4830838,7577.0,4.05,2.0780001,332.287103,57.938972,10.7387,482.603,FALSE POSITIVE
1404.01,352239069,PC,6.8674054,3.488,779.0,2.4024,1157.0,297.944,6051.5,4.48,1.03,292.196087,58.614764,10.9425,247.074,CANDIDATE
1404.02,352239069,PC,14.431887,3.265,1687.0,3.73311,749.0,52.4908,6051.5,4.48,1.03,292.196087,58.614764,10.9425,247.074,CANDIDATE
1405.01,387834907,FP,12.64001,6.893,9458.38,,1434.0,703.834,5195.1,,,315.669109,70.0803,8.4239,,FALSE POSITIVE
1406.01,231736113,CP,10.5739824,4.04,5460.0,9.43898,1007.0,171.146,6519.0,4.36,1.27,82.127963,-48.409067,11.4266,414.23,CONFIRMED
1408.01,364186197,CP,4.4247042,1.318,2447.0,8.3621,1293.0,465.179,6594.0,4.23,1.49,313.511047,72.580646,8.82374,139.484,CONFIRMED
1409.01,115771549,APC,4.7182888,4.046,3000.0,15.2763,1516.0,876.886,6112.0,,2.74,339.815915,33.889459,8.3764,83.2324,CANDIDATE
141.01,403224672,CP,1.0082361,1.41,228.0,1.7202,1835.0,1882.94,5795.29,4.438,1.13,338.983717,-59.864829,7.384,48.0883,CONFIRMED
1410.01,199444169,CP,1.2168732,0.86,1240.0,3.43106,980.0,153.719,4634.6,4.51,0.78,334.882849,42.560314,10.1917,72.7512,CONFIRMED
1411.01,116483514,CP,1.4520486,1.339,393.0,1.404,1125.0,266.85,4184.0,4.57376,0.69,232.946047,47.055551,9.1043,32.4778,CONFIRMED
1412.01,116483734,APC,4.731977,0.361,3470.0,6.97384,367.0,3.01841,4223.45,4.61744,0.66,233.065833,47.860746,11.0997,81.0643,CANDIDATE
1413.01,119700084,PC,6.1182129,0.6671441,1805.1895773,6.1579891,891.1240042,149.0299553,5427.0,4.51461,0.890109,333.253171,37.627574,10.1188,115.417,CANDIDATE
1414.01,125442121,APC,3.0197807,3.5896763,12016.7483851,17.9176077,1813.9505159,2558.7198805,7128.0,4.23768,1.58815,351.579721,38.55294,11.029,460.951,CANDIDATE
1415.01,148782377,PC,14.4204896,5.1737619,1061.4991496,4.7909139,942.9968937,186.8796664,6383.0,4.24518,1.41048,219.037047,42.378458,8.39816,112.152,CANDIDATE
1416.01,158025009,CP,1.0697621,1.356,376.0,1.60037,1590.0,1061.92,4946.0,4.53834,0.8,216.923489,41.952986,9.0739,55.0135,CONFIRMED
1417.01,164173105,CP,3.0726434,2.2602485,10471.4949697,19.9197757,1793.7963398,2446.8848714,7164.0,4.25661,1.55831,335.825303,35.03492,8.51017,151.528,CONFIRMED
1418.01,224600500,FA,0.6763235,4.916459,30.1617977,1.700035,3663.5419408,42572.1587375,8475.0,3.82228,2.9486499,254.958579,58.462633,6.76754,161.067,FALSE POSITIVE
142.01,425934411,PC,0.8533534,1.2018737,25080.3290695,12.600718,1026.213105,262.1025386,3658.0,4.438,0.608076,4.60586,-62.847875,14.7109,320.237,CANDIDATE
1420.01,321857016,CP,6.9561134,3.3628003,15989.231101,12.090823,872.4987884,136.9557694,5387.0,4.46259,0.940037,322.941809,66.349005,11.2287,201.918,CONFIRMED
1421.01,329277372,APC,2.8879675,3.6626399,23489.3314084,,1279.9105013,634.2192374,5780.0,4.438,,332.630396,57.282437,10.5998,74.2281,CANDIDATE
1422.01,333473672,CP,13.001789,4.4847322,1339.5837664,3.84805,786.6834253,90.515093,5914.0,4.46,1.00826,354.240829,39.639279,10.1308,155.141,CONFIRMED
1423.01,346418409,FP,2.7556532,3.3967282,2854.4589288,6.4145519,967.6926252,207.2386368,4993.0,4.66918,0.696945,344.609651,39.658712,10.9243,112.383,FALSE POSITIVE
1424.01,418959198,PC,4.8962484,2.362418,1186.0289925,3.5246468,796.4215716,95.080851,4528.99,4.48318,0.799965,344.907267,36.517666,10.5152,86.8203,CANDIDATE
1425.01,350132371,APC,1.0318213,1.599,5577.0,28.2906,2668.0,8422.18,5810.6,4.13,1.49,329.091358,68.998035,9.25755,153.904,CANDIDATE
1426.01,128501004,FP,0.78999,1.153,5750.0,1.99,2398.0,5497.38,5558.0,4.43,1.1,339.03342,37.841042,9.76952,129.284,FALSE POSITIVE
1427.01,2041563029,FP,12.80758,3.596,27112.7,11.4222,643.0,28.4034,5094.4,,0.63,346.517442,43.898633,10.0526,72.6157,FALSE POSITIVE
1428.01,377304435,FP,11.35626,6.047,2190.0,12.9372,1731.0,1493.65,6314.0,3.87,2.14,287.050161,55.303691,10.8475,504.976,FALSE POSITIVE
1429.01,138968089,FP,0.6412558,1.1161082,1029.5348333,4.841202,2573.9569471,10373.5192117,5854.65,4.1262,1.47292,295.101088,40.986723,11.6459,435.255,FALSE POSITIVE
1430.01,293954617,CP,7.4341456,2.424,701.0,1.97737,733.0,48.0098,5064.0,4.57887,0.78,300.615453,53.377442,8.3879,41.1706,CONFIRMED
1431.01,375506058,CP,2.650232,2.03,6449.0,15.9327,1720.0,1454.53,7400.0,4.11,1.94,316.203692,55.588022,7.79824,148.925,CONFIRMED
1432.01,256783784,PC,6.1095756,2.441,510.0,2.19963,916.0,117.102,5587.0,4.51,0.91,329.401792,36.321404,9.4653,95.1757,CANDIDATE
1433.01,13684720,APC,12.4379715,1.7137815,123693.2601599,24.6478297,348.5191947,3.4868062,3275.0,4.75761,0.476997,305.538257,36.064784,12.4647,67.9631,CANDIDATE
1434.01,138588540,PC,29.871853,4.6960535,712.5668187,2.4078494,474.9939578,12.0302137,5393.86,4.67802,0.735511,176.380591,65.541314,8.0621,37.7873,CANDIDATE
1435.01,153976959,PC,0.6858178,1.3936363,148.2277582,0.9996714,1707.7366899,2010.0397143,5142.0,4.54622,0.82354,203.537946,67.62123,9.9802,92.8659,CANDIDATE
1436.01,154383539,PC,0.8675883,1.3814953,321.4840933,1.4302423,1474.8095115,1118.0589981,5011.22,4.6136,0.74524,215.602155,55.334259,11.0906,131.601,CANDIDATE
1437.01,198356533,CP,18.840891,5.765,331.0,2.00342,868.0,94.5008,6093.0,4.32207,1.22,256.138751,56.842549,8.69378,103.297,CONFIRMED
1438.01,229650439,CP,5.1396666,0.8991981,769.5996824,2.259057,883.3765229,143.9144538,5374.0,5.96065,0.815924,280.923784,74.937833,10.3237,110.513,CONFIRMED
1438.02,229650439,CP,9.4280902,1.377,799.0,2.49195,623.0,25.1545,5374.0,5.96065,0.82,280.923784,74.937833,10.3237,110.513,CONFIRMED
1439.01,232982558,CP,27.6438617,5.321,560.0,3.68027,801.0,68.4355,5873.0,4.043,1.62,241.763937,67.87764,9.98671,230.306,CONFIRMED
144.01,261136679,CP,6.267832,2.789,321.0,1.99779,1052.0,203.434,5950.0,4.438,1.15,84.29928,-80.464604,5.1054,18.2702,CONFIRMED
1440.01,233617847,PC,15.5174519,5.322,434.0,2.43592,1056.0,207.048,5780.0,4.438,1.34,283.794562,64.53137,9.80972,237.152,CANDIDATE
1440.02,233617847,PC,4.6274206,4.6582573,152.4142924,1.43332,1239.4886654,557.8163511,5780.0,4.438,1.34,283.794562,64.53137,9.80972,237.152,CANDIDATE
1441.01,233951353,PC,22.092974,5.813,435.0,2.33525,790.0,64.932,5885.0,4.27782,1.24,305.412906,58.140828,9.48477,141.133,CANDIDATE
1442.01,235683377,CP,0.4090681,0.6165726,1281.2294665,1.1833779,967.4422529,207.0242436,3328.0,4.91612,0.308799,287.292101,74.174276,12.4934,41.1659,CONFIRMED
1443.01,237232044,CP,23.5407467,4.025,956.0,2.11441,564.0,16.8576,5236.0,4.63898,0.75,297.398678,76.139178,9.9377,85.8034,CONFIRMED
1444.01,258514800,CP,0.4702719,1.3258819,209.49313,1.4344026,2147.7419002,5028.6262848,5466.0,4.48625,0.92499,305.474925,70.943705,10.1522,125.463,CONFIRMED
1445.01,259172391,PC,9.8130697,3.91,630.0,2.67352,1013.0,175.261,6240.0,4.46607,1.06,292.76774,71.497358,10.6074,215.246,CANDIDATE
1445.02,259172391,PC,4.7842093,2.947,390.0,2.14401,1267.0,428.772,6240.0,4.46607,1.06,292.76774,71.497358,10.6074,215.246,CANDIDATE
1446.01,294471966,PC,6.3170657,2.4466954,688.3375977,2.4720516,822.8089031,108.3220651,5180.0,4.54308,0.83031,302.001457,51.361796,10.7502,133.863,CANDIDATE
1446.02,294471966,PC,4.5057387,1.885675,428.7456455,1.7133121,920.906304,169.9741138,5180.0,4.54308,0.83031,302.001457,51.361796,10.7502,133.863,CANDIDATE
1447.01,298073824,FA,1.2273079,4.8114753,66.4147779,3.6075647,2575.4100491,10396.9641276,6906.0,4.438,4.12041,201.336817,75.982713,8.1033,309.2709,FALSE POSITIVE
1448.01,343628284,CP,8.0970819,3.127852,4723.0724376,2.6354043,388.1291894,5.3632275,3391.0,4.84373,0.381586,316.324003,57.771095,13.1717,73.3345,CONFIRMED
1449.01,356158613,FA,,3.417725,2167.3207374,3.492429,272.9870031,1.3124685,5780.0,4.64751,0.604385,300.708664,39.668371,10.745,56.3228,FALSE POSITIVE
1449.02,356158613,PC,2.3691849,1.6840374,699.3113402,1.614201,1160.0492093,427.9831307,5780.0,4.64751,0.604385,300.708664,39.668371,10.745,56.3228,CANDIDATE
145.01,265612438,PC,5.13002,4.78,3376.0,8.86428,1501.0,842.866,5430.7,4.4,1.58,333.174716,-55.978803,11.6789,438.421,CANDIDATE
1450.01,377293776,CP,2.0439268,1.008937,465.1929875,1.0924808,660.3898166,44.9492524,3407.0,4.7606,0.473603,286.854063,59.086625,10.0306,22.4467,CONFIRMED
1451.01,417931607,CP,16.5379864,2.796,608.0,2.51948,751.0,53.0216,5781.0,4.43068,1.03,186.524282,61.258929,8.9989,91.9362,CONFIRMED
1452.01,420112589,CP,11.0619937,1.7587777,3249.1164334,1.6184944,304.152939,2.0225025,3248.0,4.95407,0.275364,290.173974,73.195108,12.295,30.5212,CONFIRMED
1453.01,198390247,CP,6.5886877,1.678,852.0,2.12746,646.0,28.9612,4920.0,4.64,0.71,258.22327,57.197778,10.1426,78.7415,CONFIRMED
1453.02,198390247,CP,4.3135263,1.874,274.0,1.17405,963.0,142.833,4920.0,4.64,0.71,258.22327,57.197778,10.1426,78.7415,CONFIRMED
1454.01,294179385,PC,2.6794168,2.988801,13578.3447901,13.6925582,1444.134709,1027.9022729,6075.0,4.38,1.14394,300.842307,53.294181,11.1612,289.372,CANDIDATE
1455.01,387259626,APC,3.6231364,2.385,17749.0,18.4921,1306.0,483.742,6458.8,4.32,1.35,308.670288,66.440384,10.1543,245.692,CANDIDATE
1456.01,199376584,CP,18.712253,6.475,6066.0,10.3984,1008.0,171.765,6125.0,4.29,1.27,306.741134,33.744388,8.0417,80.6665,CONFIRMED
1457.01,176860064,APC,6.3768174,2.752,2760.0,,1469.0,774.775,6393.0,,,354.836651,45.719851,7.1145,41.2482,CANDIDATE
1459.01,16920150,FA,9.155934,3.1412022,908.2412562,2.4949092,727.3657867,66.1504006,5219.0,4.55718,0.82204,19.361773,26.745951,10.1583,101.358,FALSE POSITIVE
146.01,355636844,FP,6.30556,2.946,860.0,,,,,,,358.302034,-56.013252,10.7124,739.632,FALSE POSITIVE
1460.01,17005768,FP,6.8424983,3.3079378,8029.880305,16.4578474,977.1959895,215.5002138,5766.0,4.438,1.1282001,20.610639,26.925729,9.9176,150.102,FALSE POSITIVE
1461.01,44631965,APC,3.5686777,2.5811179,20121.1854664,20.2503751,1387.9223847,876.963913,6046.0,4.26929,1.28529,22.236394,35.864854,11.3805,359.959,CANDIDATE
1462.01,188768068,CP,2.1779407,2.098,110.0,1.28228,1462.0,759.183,5801.89,4.25132,1.26,261.349585,52.790472,5.8961,27.0498,CONFIRMED
1464.01,229944666,PC,11.3125266,2.5943007,861.7265878,2.686447,698.0518398,56.1140618,5290.0,4.53286,0.854841,288.384969,62.203124,10.8597,151.654,CANDIDATE
1466.01,237086564,PC,1.8718991,1.475,920.0,2.40733,1001.0,167.099,4201.0,4.5079,0.75,307.396532,61.550725,11.0278,86.5783,CANDIDATE
1467.01,240968774,CP,5.9711357,1.5478671,1437.1086027,1.8721145,525.9795517,18.0882455,3834.0,4.74552,0.490737,19.114644,49.233138,10.5977,37.4418,CONFIRMED
1468.01,243185500,CP,15.5324385,1.7640717,2937.4953214,2.013576,308.4743596,2.1399188,3382.0,4.85532,0.369306,16.653872,19.224919,10.8858,24.7399,CONFIRMED
1468.02,243185500,CP,1.880531,1.1911684,1214.0066593,1.4548629,623.5511988,35.7280633,3382.0,4.85532,0.369306,16.653872,19.224919,10.8858,24.7399,CONFIRMED
147.01,220435095,FP,3.4231002,2.4377583,8643.1016455,35.4084057,1900.9587948,3086.1129325,5620.9,3.6,2.6126101,73.641474,-57.513453,11.8999,820.079,FALSE POSITIVE
1470.01,284441182,CP,2.5272822,1.265861,1847.4872236,2.2007181,661.896336,45.3608214,3624.0,4.74607,0.49012,10.089143,61.213387,11.4752,51.9503,CONFIRMED
1471.01,306263608,CP,20.7724316,5.508,1415.0,3.91576,1060.0,209.722,5625.56,4.46798,0.97,30.905006,21.281327,8.5725,67.5478,CONFIRMED
1471.02,306263608,CP,52.5637056,6.5,1193.0,3.28372,542.0,14.3711,5625.56,4.46798,0.97,30.905006,21.281327,8.5725,67.5478,CONFIRMED
1472.01,306955329,CP,6.3634106,2.692302,2368.6952027,4.4784698,826.0146095,110.0200699,5103.0,4.50257,0.859483,14.114261,48.637517,10.5508,121.84,CONFIRMED
1473.01,352413427,CP,5.2544884,2.898,567.0,2.1916,1144.0,284.941,5958.0,4.48217,0.99,15.598144,37.185439,8.297,67.6203,CONFIRMED
1474.01,427654774,FP,5.222621,4.693629,15867.9920175,3.7216015,329.6508495,2.7908584,3453.0,4.95337,0.275946,349.289072,70.190576,14.1431,83.8106,FALSE POSITIVE
1475.01,431514478,PC,8.4953513,0.9060555,718.4869448,5.2961699,1813.345207,2555.3062468,10012.0,4.29876,1.88016,357.001275,49.790533,8.77994,294.237,CANDIDATE
1478.01,409794137,CP,10.1802014,4.613,11500.0,12.3422,1119.0,261.013,5623.0,4.4,1.04,126.433743,-13.559548,10.2042,152.892,CONFIRMED
1479.01,421308357,FP,16.6828999,1.804,2054.0,17.1854,550.0,15.2595,6423.0,3.74,2.63,288.818098,57.760569,10.364,531.96,FALSE POSITIVE
148.01,393940766,CP,4.86709,3.103,4210.0,7.42915,1272.0,435.152,5814.3,4.34,1.15,338.320803,-38.159828,11.7835,395.257,CONFIRMED
1480.01,335483600,FP,3.354053,1.8984151,6389.1712796,,2652.2635415,11694.6627862,8181.0,,,332.613639,63.55055,8.7514,893.093,FALSE POSITIVE
1481.01,197650870,FP,2.1853174,1.656,1168.0,14.8742,1952.0,2412.11,8332.0,3.54,4.02,336.705071,52.227842,10.3209,1026.12,FALSE POSITIVE
1482.01,252616865,PC,5.7121916,4.775,7555.0,15.4584,1570.0,1009.66,6720.0,4.09,1.79,345.994881,52.562695,10.0687,318.277,CANDIDATE
1483.01,452803785,FP,5.0037857,4.154,1950.0,6.77338,2028.0,2812.53,6109.0,4.42,1.09,338.435039,52.636337,10.4935,209.69,FALSE POSITIVE
1484.01,67309890,FP,1.1623941,1.266,1099.0,8.21669,1723.0,1464.16,5843.7,3.82,2.23,343.156204,48.55001,10.2108,368.134,FALSE POSITIVE
1485.01,377191482,FA,2.9551881,1.361,230.0,5.60201,989.0,158.866,5054.0,,6.17,285.937105,59.164074,8.8052,386.266,FALSE POSITIVE
1486.01,233541860,FP,0.2666485,1.075,230.0,1.30468,2072.0,3064.12,4154.0,4.53,0.71,281.197877,62.685644,9.9592,44.3531,FALSE POSITIVE
1487.01,459978312,FA,23.28798,3.462,120.0,14.6492,507.0,11.0443,5047.0,,8.95,255.565408,64.600893,5.28906,110.923,FALSE POSITIVE
1488.01,198457103,FA,0.4721054,1.6995515,45.2185132,1.3988866,3774.0009529,47943.4214221,7269.0,4.08,1.93752,261.921033,57.510557,8.07023,160.832,FALSE POSITIVE
1489.01,219751469,FA,6.98301,3.472,270.0,13.6402,973.0,148.818,5118.0,,8.4,261.199848,61.423521,8.2285,411.532,FALSE POSITIVE
149.01,260985861,PC,3.3399432,4.2534704,9074.0787832,,1219.3519117,522.4427099,5095.6,,,76.635176,-80.768009,10.8727,380.81,CANDIDATE
1490.01,283474780,APC,3.9943,4.876,550.0,11.9767,1456.0,746.666,4939.0,,5.11,13.017676,36.393013,8.39511,247.112,CANDIDATE
1491.01,53875855,PC,4.4902667,2.758,2513.0,5.56985,1180.0,322.83,5899.0,4.29,1.23,14.652947,34.148042,10.3996,204.881,CANDIDATE
1492.01,354594208,FP,0.86673,1.089,662.925,3.54647,1739.0,1519.96,5904.0,4.31,1.25,1.887805,32.43753,9.76119,163.083,FALSE POSITIVE
1493.01,15692883,CP,5.147905,5.405,3710.0,18.0411,1760.0,1594.76,6064.0,3.57,2.9,17.47474,25.681649,9.7116,371.414,CONFIRMED
1494.01,411608801,CP,5.0267996,2.754044,6358.0060702,12.9814741,1378.3967823,853.1354811,6434.0,4.21,1.4782799,18.995312,21.616906,10.3002,278.514,CONFIRMED
1495.01,431148743,FP,2.6277641,2.997,490.0,,1687.0,1344.6,3294.0,,,334.981312,53.662497,8.706101,1610.79,FALSE POSITIVE
1496.01,384045439,FP,10.82661,6.877,5890.0,11.5303,1463.0,760.667,5113.0,4.71,0.68,327.275942,53.293768,10.0478,78.3164,FALSE POSITIVE
1497.01,371673488,FP,0.8165295,2.294,468.0,4.12435,5356.0,136662.0,8911.0,4.26,1.85,343.233217,59.850951,9.95717,405.174,FALSE POSITIVE
1498.01,316402246,FP,1.4014167,3.661,2730.0,11.8932,4713.0,81940.9,8014.0,4.32,1.6,321.97348,54.519818,9.6788,265.402,FALSE POSITIVE
1499.01,414870287,FP,4.95898,1.831,230.232,,528.0,12.992,3295.0,,,336.872671,59.43379,7.8165,2509.86,FALSE POSITIVE
150.01,271893367,CP,5.8574075,5.8548029,6489.7302346,13.8892762,1335.1143401,750.9220273,5982.9,4.03,1.67987,112.965421,-73.606036,10.9031,336.267,CONFIRMED
1500.01,377420580,FP,1.4147363,2.429,990.0,,1667.0,1283.11,4980.0,,,341.964758,60.173635,10.1871,89.156,FALSE POSITIVE
1501.01,329145325,FP,1.077774,2.682,2680.0,10.1773,4387.0,61535.5,7274.0,4.25,1.58,332.712572,59.650554,10.4089,351.079,FALSE POSITIVE
1502.01,410528770,FP,2.7536237,2.39,1460.0,11.1685,2565.0,529.9,5647.0,3.68,2.41,328.215897,60.569156,10.4824,387.982,FALSE POSITIVE
1503.01,428065977,FP,1.6534102,3.102,600.0,6.07704,4329.0,58331.7,6928.0,4.29,1.46,339.120372,52.115714,10.2347,289.116,FALSE POSITIVE
1504.01,326114850,FP,1.2456423,1.354,691.0,3.80598,1695.0,1370.47,6194.0,4.16,1.5,331.569908,52.701917,9.98645,231.273,FALSE POSITIVE
1505.01,331034236,FP,3.4272549,5.9083927,569.4677099,7.7503736,1836.8876704,2690.6140029,6338.0,3.9,2.0707099,326.091506,58.551567,9.27116,236.734,FALSE POSITIVE
1506.01,64836837,FP,10.9115374,3.269,1039.0,18.4382,3198.0,17372.4,9195.0,3.75,3.37,338.796529,55.031026,9.8115,705.851,FALSE POSITIVE
1507.01,430677414,FP,0.46741,1.25,1592.12,7.77804,5361.0,137211.0,7960.5,4.23,1.77,333.669705,53.239557,8.41718,195.542,FALSE POSITIVE
1508.01,415741431,FP,2.1575124,2.236,550.0,11.8527,2244.0,4213.12,8326.0,3.58,3.87,339.14435,58.276061,10.471,852.233,FALSE POSITIVE
1509.01,272828463,FP,1.577609,1.646,1055.0,9.73924,2058.0,2982.64,7856.0,3.78,2.91,356.588834,60.487025,9.42218,431.14,FALSE POSITIVE
151.01,382302241,FP,1.59782,1.49,1713.69,3.59995,1548.0,955.676,5037.6,4.72,0.79,83.349121,-58.745093,11.0264,137.504,FALSE POSITIVE
1510.01,377739433,FP,1.23852,3.138,440.0,7.11712,2736.0,9304.06,6524.0,3.5,3.4,348.574188,65.957972,10.1975,500.543,FALSE POSITIVE
1511.01,376682699,FP,1.1025238,2.321,2919.0,15.8737,5314.0,132458.0,9218.0,4.21,2.0,340.352259,69.074447,10.381,544.233,FALSE POSITIVE
1512.01,434718964,FP,1.597226,5.3721722,3834.1260621,,1559.2651198,1397.0143195,,,,345.488066,64.067337,10.262,,FALSE POSITIVE
1513.01,269509393,FP,1.76589,3.807,730.0,4.06597,2509.0,6579.97,6221.0,4.13,1.55,350.373796,60.175637,10.2866,275.906,FALSE POSITIVE
1514.01,270238522,FP,1.36991,4.156,1170.0,11.8886,3254.0,18625.3,7339.8,3.56,3.64,351.648417,64.304699,7.5586,242.006,FALSE POSITIVE
1515.01,470709084,FP,3.66505,2.346,910.0,7.19016,1352.0,555.083,6370.0,3.81,2.32,357.368097,61.682819,10.4433,337.288,FALSE POSITIVE
1516.01,376637093,CP,2.0560153,2.773,17453.0,17.2767,1839.0,1899.83,6485.0,4.37,1.24,340.08462,69.503731,10.377,247.054,CONFIRMED
1517.01,455962313,FP,2.25505,3.034,658.0,,,,,,,340.036593,65.439728,9.599,184.762,FALSE POSITIVE
1518.01,427761355,CP,1.902606,2.3653693,8984.9897271,19.576504,2917.5260913,17123.005499,9918.0,4.32,1.82241,352.267521,67.034806,8.75127,225.888,CONFIRMED
1519.01,272049972,FP,1.0960111,3.167,2150.0,9.05714,,14474.6,6083.0,,1.58,355.416664,62.921485,10.1914,294.851,FALSE POSITIVE
152.01,403287048,FP,7.00776,2.68,3666.99,8.1288,1161.0,302.511,6347.0,4.23,1.22,332.357482,-62.334453,11.3569,376.849,FALSE POSITIVE
1520.01,269238073,FP,6.1461734,5.386,1034.0,6.96236,2649.0,8177.52,6153.0,4.15,1.5,350.232731,62.161179,9.68805,196.55,FALSE POSITIVE
1521.01,366074069,FP,4.1812866,4.394,4280.0,15.448,1585.0,1049.28,6146.0,3.78,2.31,356.770579,69.049522,9.78876,317.752,FALSE POSITIVE
1522.01,367102581,FP,2.9798592,2.737,580.0,4.92227,2704.0,8878.81,9024.0,4.24,1.89,314.269036,78.674917,9.39575,303.976,FALSE POSITIVE
1523.01,387413037,FP,6.72694,2.649,1070.0,5.19273,1123.0,264.81,6745.0,4.23,1.53,311.236535,69.151807,10.3197,305.758,FALSE POSITIVE
1524.01,314338017,FP,10.9554897,6.772,370.0,22.7316,3316.0,20081.6,8522.0,,6.79,319.144978,58.772809,9.1325,792.79,FALSE POSITIVE
1525.01,276380902,FP,0.6171788,1.433,519.0,7.26341,3260.0,18771.3,9603.0,3.83,3.14,308.065776,58.328901,10.3202,799.447,FALSE POSITIVE
1526.01,313761775,FP,1.5309799,1.37,654.0,6.01061,1613.0,1124.09,6298.0,3.77,2.38,318.347586,56.943732,9.693811,320.06,FALSE POSITIVE
1527.01,202375913,PC,5.0625809,3.69,2884.0,15.2343,1757.0,1582.94,7664.0,3.81,2.76,5.965461,51.468293,9.6968,482.203,CANDIDATE
1528.01,285543785,APC,9.9385448,3.933,8500.0,,,,,,,13.222022,60.891685,9.716,392.878,CANDIDATE
1529.01,312259170,FP,0.8229,2.068,2660.0,,4343.0,59083.0,8078.0,3.8,,11.042775,59.464498,10.4049,969.594,FALSE POSITIVE
153.01,231081369,APC,7.6316384,2.054,4580.0,12.4425,,212.617,6338.3,4.16,1.49,68.073785,-66.916299,11.7349,436.225,CANDIDATE
1530.01,312469860,FP,0.50261,1.127,1120.0,6.28067,,15525.5,6941.0,,1.67,12.881425,55.710926,9.9475,257.461,FALSE POSITIVE
1531.01,312678993,APC,0.5175204,1.0433667,1347.965557,,2270.2112839,6277.4912154,5095.6,,,13.597343,54.528009,8.3593,,CANDIDATE
1532.01,327579226,PC,8.905407,2.71,6702.0,12.3602,1092.0,236.656,6659.0,4.29,1.41,4.736238,57.200629,10.1786,259.563,CANDIDATE
1533.01,345143460,PC,3.6458046,1.828,1168.0,2.93272,1011.0,173.908,5053.0,4.48,0.88,355.246721,57.485242,10.1128,100.051,CANDIDATE
1533.02,345143460,PC,8.0637954,0.804,2301.0,9.29431,628.0,25.9007,5053.0,4.48,0.88,355.246721,57.485242,10.1128,100.051,CANDIDATE
1534.01,354600221,FP,1.41853,2.728,560.0,3.93221,2481.0,6293.46,6329.0,4.08,1.68,6.074676,57.881718,9.867621,241.204,FALSE POSITIVE
1535.01,420288086,FP,6.5344463,2.774,3240.0,15.3823,1559.0,982.822,7715.3,3.96,2.67,10.962717,61.835626,10.4397,694.491,FALSE POSITIVE
1536.01,445137888,FP,2.013653,2.1214907,822.8974252,9.0269074,3580.9202252,38859.7127334,10310.0,4.01,2.67713,11.3024,56.070058,10.3654,795.905,FALSE POSITIVE
1537.01,173612049,PC,6.4902646,2.545,1080.0,3.24146,990.0,159.69,5999.0,4.52,0.96,348.58145,44.508759,10.473,165.589,CANDIDATE
1538.01,177244357,PC,6.54692,4.589,2400.0,5.62882,1306.0,483.652,6034.0,4.39,1.12,356.995693,47.655601,9.8931,160.251,CANDIDATE
1539.01,252636888,FP,2.590266,4.378,700.0,9.54526,2985.0,13184.6,5855.0,3.45,3.22,346.518266,52.787014,10.4116,530.347,FALSE POSITIVE
154.01,389525208,FP,6.74657,1.803,2970.0,16.2785,833.0,80.0277,5910.7,3.59,2.57,313.261454,-38.594923,10.0704,402.734,FALSE POSITIVE
1540.01,318746829,FP,5.2273176,3.572,2856.0,,584.0,19.367,3593.0,,,349.718625,56.008598,10.4234,2537.64,FALSE POSITIVE
1541.01,319068154,FP,3.7983639,1.594,3194.0,13.7263,,2113.11,9500.0,,2.36,350.108816,55.52411,9.7436,581.487,FALSE POSITIVE
1542.01,367607434,FA,8.2916,3.361,470.0,6.71582,900.0,109.067,5119.0,,3.1,348.874923,46.576022,8.40348,161.65,FALSE POSITIVE
1543.01,431585347,FP,5.13664,4.45,930.0,7.04152,2355.0,5106.92,9238.0,4.08,2.32,357.674034,50.354962,10.06,605.832,FALSE POSITIVE
1544.01,455791689,PC,1.2918334,1.429,1224.0,,,,4630.4,,,346.347361,46.903117,10.4143,454.3057,CANDIDATE
1545.01,127425841,FP,1.5166573,1.607,1590.0,7.73846,1954.0,2422.33,6905.3,4.03,2.0,6.030617,40.165571,9.83204,355.69,FALSE POSITIVE
1546.01,194203348,PC,1.13345,1.894,490.0,3.03424,2159.0,3611.25,6223.0,4.23,1.4,1.196825,41.59388,9.87731,210.101,CANDIDATE
1547.01,409520860,FP,0.71933,1.474,478.823,3.45648,2210.0,3964.33,5758.0,4.21,1.44,355.451893,37.186566,10.3973,241.296,FALSE POSITIVE
1548.01,440100539,FA,12.6017,4.835,800.0,3.34292,949.0,135.068,5861.6,4.3,1.21,4.358519,42.282204,8.7282,96.5232,FALSE POSITIVE
1549.01,191146556,FP,2.5798051,3.413,5740.0,25.2815,2619.0,7814.19,6116.5,4.18,1.49,8.304382,46.340305,10.3959,282.833,FALSE POSITIVE
155.01,129637892,PC,5.4499753,4.319,973.0,5.28759,1499.0,839.203,6220.5,3.99,1.79,321.11498,-37.850181,9.0284,187.131,CANDIDATE
1550.01,241065596,FP,1.6256942,1.988,1720.0,32.1007,3151.0,16378.0,6628.0,3.43,3.96,21.736201,49.388653,10.2936,816.238,FALSE POSITIVE
1551.01,288348498,PC,1.67546,1.202,1250.0,6.44889,1506.0,855.787,6745.5,4.09,1.78,19.700387,41.506112,9.967,313.229,CANDIDATE
1552.01,326919774,FP,7.57193,2.656,420.0,10.2119,1479.0,795.635,9146.0,3.45,4.72,22.972973,46.399826,8.19,519.941,FALSE POSITIVE
1553.01,327341626,APC,5.9382163,2.244,6171.0,18.5099,1364.0,576.071,6775.5,3.97,2.09,24.690503,42.677739,10.3478,441.44,CANDIDATE
1555.01,441732151,FP,2.09989,0.908,27336.4,10.1564,1263.0,422.491,6025.3,4.46,1.04,257.876742,72.135555,10.1688,169.788,FALSE POSITIVE
1556.01,405794804,FP,1.44127,2.605,2750.0,9.20279,3409.0,22433.7,8009.0,4.29,1.65,324.714399,65.039172,9.79455,315.386,FALSE POSITIVE
1557.01,320506985,FP,1.08697,1.967,860.0,4.98445,2042.0,2889.01,5751.0,4.0,1.69,8.163572,54.654594,10.4925,285.876,FALSE POSITIVE
1558.01,117322779,FP,0.68601,1.614,910.0,,,,,,,48.352264,49.783757,10.485,,FALSE POSITIVE
1559.01,241040309,PC,3.4648951,1.046,1339.0,9.72728,1225.0,374.648,8455.3,3.95,2.54,20.717398,48.955364,10.3978,685.251,CANDIDATE
156.01,220518305,FP,14.152,3.599,3800.0,10.6751,1148.0,288.531,5823.9,4.6,1.28,41.467598,-64.320687,10.294,234.138,FALSE POSITIVE
1560.01,241076290,PC,0.2580006,0.5351356,812.7310325,6.2776081,5634.0594403,238125.9359212,9035.0,4.16,2.08687,29.032856,52.585482,10.1942,560.222,CANDIDATE
1561.01,245462406,FP,2.27456,3.32,1020.0,13.266,3374.0,21521.5,6777.0,3.55,3.35,38.821696,55.703217,10.2948,551.666,FALSE POSITIVE
1562.01,249862365,FP,0.98999,2.05,420.0,3.95137,2612.0,7729.29,6208.0,3.99,1.84,38.123017,52.704091,9.10226,184.69,FALSE POSITIVE
1563.01,249945230,PC,1098.2258586,6.121,4496.0,5.13949,93.0,0.0125876,4582.0,4.55,0.74,38.810203,48.273763,9.4397,51.0409,CANDIDATE
1564.01,250724252,APC,0.5596691,1.478,4538.0,24.4148,,149293.0,8368.0,,2.3,33.505238,53.121508,10.2845,574.869,CANDIDATE
1565.01,251384275,PC,1099.2560385,5.661,2970.0,23.8658,,,8494.0,,2.18,44.720241,58.735245,9.2085,328.658,CANDIDATE
1566.01,256414077,FP,3.01106,3.073,1617.22,7.20703,1666.0,1281.74,6516.0,,1.63,15.606503,60.715521,10.5907,377.17,FALSE POSITIVE
1567.01,259151170,FP,,4.149,54500.0,21.0557,,,4503.5,4.42,0.86,50.345888,52.692112,10.374,86.1112,FALSE POSITIVE
1568.01,284050395,FP,1.35932,2.831,2840.0,10.3751,3113.0,15609.5,5421.0,4.46,0.94,8.989872,65.026035,9.74734,104.358,FALSE POSITIVE
1569.01,285666479,FP,1.71614,2.038,681.449,14.1349,1550.0,958.34,5511.5,3.28,4.92,43.61065,52.07103,10.424,755.795,FALSE POSITIVE
157.01,140691463,CP,2.0845434,2.017038,12504.825019,13.4432705,1463.9513087,1085.4942586,5638.0,4.35,1.10646,73.70144,-76.680606,12.0166,355.683,CONFIRMED
1570.01,285674856,FP,1.74626,3.88,1110.0,5.62786,3218.0,17804.9,8348.0,4.24,1.8,53.196298,51.884502,9.4883,294.123,FALSE POSITIVE
1571.01,285677945,FP,1.2427,1.563,663.745,6.05271,1660.0,1263.34,5624.8,3.92,2.14,53.098973,50.49904,10.2353,317.968,FALSE POSITIVE
1572.01,292321872,FP,8.66698,6.104,9854.3,27.4804,1998.0,2647.36,6322.2,3.77,2.52,31.902189,45.500156,10.4562,505.331,FALSE POSITIVE
1574.01,307111282,FP,,9.597,7440.0,11.3282,,,5791.0,4.29,1.21,14.640115,50.936428,10.2978,186.665,FALSE POSITIVE
1575.01,316254876,FP,2.4611008,3.13,1795.0,12.3334,2685.0,8632.97,5429.5,4.01,1.63,51.988839,54.865617,10.3775,248.563,FALSE POSITIVE
1576.01,327011842,FP,0.783879,1.4870966,274.5156373,9.6813253,2252.7956163,6087.0682501,4975.0,,5.3874698,23.466893,45.010329,9.7828,493.702,FALSE POSITIVE
1577.01,332154944,FP,0.99837,1.632,2730.0,5.29489,1963.0,2465.96,6082.0,4.39,1.13,19.278636,57.514232,9.60027,143.575,FALSE POSITIVE
1578.01,348135793,FP,1.97741,6.549,5470.0,17.5768,4083.0,46143.6,6742.0,3.95,2.11,34.376965,56.42149,10.1042,341.514,FALSE POSITIVE
1579.01,354400186,FP,9.07768,2.78,19171.9,,1571.0,1012.12,8393.7,4.01,,27.738026,48.352316,9.7745,524.755,FALSE POSITIVE
158.01,403136413,FP,2.51266,2.411,2790.01,13.3617,1478.0,793.471,5988.0,4.08,2.3,333.578718,-55.378981,11.2314,601.367,FALSE POSITIVE
1581.01,370759867,FP,,4.23,8410.0,18.6201,,,5865.0,4.49,0.97,28.16355,55.185971,9.76978,124.547,FALSE POSITIVE
1582.01,374400599,FP,1.8932775,3.118,3415.0,21.043,3814.0,35143.2,6904.3,4.05,2.04,34.69789,64.356382,10.0188,386.181,FALSE POSITIVE
1583.01,403256331,FP,3.77188,2.923,450.0,10.0329,2363.0,5181.65,10097.0,3.52,4.62,4.249336,58.679253,9.5425,867.296,FALSE POSITIVE
1584.01,418987806,FP,0.88654,1.679,870.0,24.9348,4438.0,64431.5,6919.0,3.36,4.27,6.519425,63.319412,9.27904,479.659,FALSE POSITIVE
1585.01,444415148,FP,1.83641,2.222,470.0,10.6176,2722.0,9124.8,9542.0,,5.03,6.308908,62.543115,8.9676,670.885,FALSE POSITIVE
1586.01,445144327,PC,1.80794,2.17,540.0,20.9267,1349.0,550.041,4628.0,,8.61,11.234154,58.712058,10.4396,800.464,CANDIDATE
1587.01,458914949,FP,12.5343031,4.572,1517.0,8.71775,1292.0,463.57,7275.0,3.91,2.51,48.423422,61.907831,10.2543,563.997,FALSE POSITIVE
1588.01,50120414,PC,3.581083,3.454,760.0,17.1017,2467.0,6158.1,9503.0,,5.96,39.891102,62.433306,8.951,742.441,CANDIDATE
1589.01,52041724,FP,35.4028219,4.221,12666.0,21.7639,766.0,57.342,7455.0,4.17,1.78,14.119486,65.679038,9.87542,278.829,FALSE POSITIVE
159.01,394657039,PC,3.7628372,3.956,11360.0,17.3305867,1660.7594667,1797.8272074,6979.2,4.22,1.58746,51.782268,-78.549831,10.5132,347.593,CANDIDATE
1590.01,71854745,FP,3.10315,3.535,1760.07,,4184.0,50910.7,9050.3,3.96,,26.299423,54.56844,10.2146,749.127,FALSE POSITIVE
1591.01,82010657,FP,,8.06,3010.0,10.4319,,,7519.0,4.22,1.7,48.753158,60.238195,9.64805,282.1,FALSE POSITIVE
1592.01,186599508,FP,5.6318074,3.4553092,1186.1481873,4.8217692,1190.3562406,474.4919122,5669.9,4.16,1.38826,45.08847,39.068266,9.76636,170.592,FALSE POSITIVE
1593.01,192372961,FP,2.06313,2.157,600.0,11.9118,1831.0,1866.39,6716.5,3.24,4.77,45.598372,43.183802,9.1222,550.183,FALSE POSITIVE
1594.01,201154493,FP,1.51233,2.59,640.0,11.1245,3240.0,18303.0,9447.0,3.54,4.35,56.143332,41.064351,9.7479,831.907,FALSE POSITIVE
1595.01,385105624,FP,1.7498117,1.641,2549.0,8.13315,1520.0,886.867,6222.3,4.15,1.53,50.808098,46.682113,10.4511,295.452,FALSE POSITIVE
1596.01,431899140,FP,1.9734615,3.69,1295.0,16.6678,3193.0,17275.6,7962.9,3.6,3.62,56.222542,45.507188,10.0888,710.919,FALSE POSITIVE
1597.01,68152139,FP,0.73772,1.057,980.0,4.68288,1853.0,1958.84,6001.0,4.14,1.49,44.401798,40.016703,10.1342,226.234,FALSE POSITIVE
1598.01,67418624,PC,1.1020719,0.864,580.0,4.33066,1549.0,958.145,6011.0,4.04,1.73,28.660315,37.005042,8.6344,143.239,CANDIDATE
160.01,253917293,FP,4.608,3.383,3213.22,7.99698,1445.0,724.001,5935.0,4.29,1.28,337.500827,-31.924356,11.2901,341.854,FALSE POSITIVE
1600.01,187029841,FP,0.361112,0.756,710.0,6.69136,2003.0,2677.39,6056.9,3.99,1.95,34.555963,38.478824,9.66027,252.419,FALSE POSITIVE
1601.01,139375960,CP,5.33155,6.191,4220.0,14.6101,1593.0,1071.42,5917.0,3.78,2.22,38.361569,41.013432,10.1035,336.608,CONFIRMED
1602.01,129991079,FA,6.15952,3.834,1230.0,3.90515,1309.0,487.519,6175.9,4.44,1.09,37.13241,40.891254,10.4375,208.771,FALSE POSITIVE
1604.01,118301361,FP,3.46608,4.403,1620.0,20.8363,3450.0,23536.1,7249.8,3.69,3.02,34.195855,29.570473,9.08054,380.062,FALSE POSITIVE
1605.01,101037590,CP,8.7094632,3.027,4510.0,20.9625,1185.0,327.472,5597.0,4.03,1.59,54.48089,33.079897,9.62924,159.748,CONFIRMED
1606.01,125735470,APC,4.7126743,1.061,1941.0,6.97602,691.0,38.0033,5626.5,,1.55,56.660282,27.471523,9.08995,143.312,CANDIDATE
1607.01,26433869,FP,1.0357235,1.366,480.0,15.828,1691.0,1358.51,4963.0,,7.83,56.814344,30.149498,8.4107,329.591,FALSE POSITIVE
1608.01,138017750,FP,2.4727425,2.341,2929.0,23.6289,2298.0,4630.82,6057.7,3.84,2.13,50.80115,33.078133,7.42812,100.635,FALSE POSITIVE
1609.01,229951289,FA,13.3118,4.492,750.0,2.67981,901.0,109.875,6011.0,4.5,0.98,288.675423,60.670948,10.2572,165.808,FALSE POSITIVE
161.01,348770361,PC,2.7684331,4.223,3234.0971112,4.61938,,1330.16,5388.0,,0.98,46.686553,-82.316371,11.4964,333.651,CANDIDATE
1610.01,219776325,PC,2.5287981,1.286,387.0,2.29951,1083.0,228.804,5740.2,4.3,1.19,263.543417,61.121472,10.3727,191.957,CANDIDATE
1611.01,264678534,CP,16.2016817,2.792,885.0,2.38101,641.0,28.0911,5071.0,4.58,0.78,325.201645,84.333761,7.5825,28.2938,CONFIRMED
1613.01,272625214,FP,5.2469991,3.45,1180.0,5.46087,1381.0,604.151,6651.0,4.27,1.44,356.318574,62.142699,10.4641,304.76,FALSE POSITIVE
1614.01,317397615,FP,0.7438074,1.377,633.0,9.77911,1790.0,1705.03,5182.0,,4.04,349.796329,75.017864,10.2351,423.272,FALSE POSITIVE
1615.01,317507345,FP,3.9401791,1.991,13317.0,25.3897,1600.0,1090.26,7170.0,4.31,1.51,351.174718,77.627113,9.68708,260.494,FALSE POSITIVE
1616.01,322054600,PC,1.3433022,0.662,1052.0,4.72169,1218.0,365.857,6713.0,4.27,1.45,323.87017,68.987307,10.4505,304.408,CANDIDATE
1617.01,322202434,FP,1.4013505,1.562,1532.0,3.7143,1857.0,1975.13,5521.0,4.48,0.94,325.32505,68.807202,10.2505,133.496,FALSE POSITIVE
1618.01,376838000,FP,2.1679,1.39,560.0,5.32848,2820.0,10508.5,10596.0,4.27,2.0,340.909648,69.091928,9.9272,451.796,FALSE POSITIVE
1619.01,377144784,FP,2.3866952,2.654,586.0,9.72386,1936.0,2334.78,5017.0,,4.73,342.443925,68.251071,10.0552,396.201,FALSE POSITIVE
162.01,99493790,APC,7.764691,3.185,24530.0,15.6068,849.0,86.3134,5404.7,4.4,0.99,317.639908,-23.305817,11.6834,274.733,CANDIDATE
1620.01,378291076,PC,1.5982014,2.254,296.0,2.28827,2451.0,5992.53,6594.0,4.23,1.49,358.213636,61.36026,9.53523,207.505,CANDIDATE
1621.01,387260717,PC,6.453624,3.582,200.0,1.35756,1423.0,680.81,7257.0,4.64,1.02,309.348824,70.954088,9.97595,161.088,CANDIDATE
1622.01,388076005,FP,1.7126115,3.128,340.0,2.01928,2285.0,4528.0,5932.2,4.48,1.0,318.049804,68.05247,9.39435,113.845,FALSE POSITIVE
1623.01,407394748,FP,0.7522775,1.073,1301.0,6.75509,,13651.7,7325.2,,1.77,5.420651,77.880071,9.5287,280.381,FALSE POSITIVE
1624.01,461387302,FP,5.8089284,5.137,1111.0,3.79308,1664.0,1275.72,6406.0,4.34,1.27,3.021798,66.650523,10.2763,234.455,FALSE POSITIVE
1625.01,470852531,FP,1.49446,2.114,890.0,4.21366,2065.0,3024.1,6587.0,4.27,1.43,359.741171,61.554089,10.2918,269.476,FALSE POSITIVE
163.01,179317684,CP,4.2311173,4.3531635,7261.2759361,14.6260711,1584.3518526,1489.1126253,6671.0,4.14,1.6640199,79.768253,-71.895527,10.8719,411.719,CONFIRMED
1630.01,317597583,CP,12.0557353,1.959,807.0,2.39173,584.0,19.3677,5504.0,4.58,0.83,352.016676,75.552607,8.9943,66.0929,CONFIRMED
1631.01,29054413,APC,15.2521892,1.3463514,871.2527446,2.8346585,860.5738999,129.6204972,5473.0,4.46488,0.949022,50.916451,25.047935,10.4289,140.065,CANDIDATE
1632.01,51024887,FP,8.2491871,4.9807847,117724.0282614,8.0476984,264.4172054,1.1552603,2990.0,5.13581,0.165066,42.155188,62.18926,14.9885,41.5305,FALSE POSITIVE
1633.01,165551882,FA,12.1582804,2.1406837,3430.7762638,1.9160277,326.1491782,2.6741524,3429.0,4.90092,0.3232,266.767331,57.226662,12.5441,48.049,FALSE POSITIVE
1634.01,201186294,CP,0.98933,1.0357615,1519.669587,1.8303854,848.0098579,122.2150262,3455.0,4.76798,0.465258,56.39061,37.11228,11.0136,35.2736,CONFIRMED
1635.01,230086768,FP,34.9270483,2.7546907,110264.9392094,18.8285063,242.488665,0.8171218,3496.0,4.9,0.389199,246.624072,66.144224,13.4447,89.6716,FALSE POSITIVE
1636.01,269892793,FP,1.7729239,1.8255671,26694.3797428,14.9468862,1076.8402129,317.7796355,4769.0,4.64845,0.687841,44.292951,33.312657,11.9056,152.983,FALSE POSITIVE
1637.01,286355915,FP,4.076684,4.4132181,10459.727229,17.5223182,1571.9653862,1443.0883389,6531.44,4.13711,1.64302,37.893241,34.368925,10.6479,374.442,FALSE POSITIVE
1638.01,312862941,PC,0.9150623,0.6662728,4304.9322224,5.386904,1109.3660254,357.9484179,3810.0,4.56875,0.701237,15.321545,55.69801,12.1312,126.283,CANDIDATE
1639.01,348673213,FP,0.901465,2.5562155,3156.5658264,3.4348127,1083.3609617,325.5470241,3896.0,4.64192,0.611023,35.807322,56.570014,12.974,153.986,FALSE POSITIVE
164.01,79395355,FP,7.31898,3.771,3809.3,8.79673,1296.0,468.718,5926.0,4.27,1.3,320.054292,-51.309972,11.407,360.131,FALSE POSITIVE
1640.01,396562848,CP,1.9495403,0.8060618,2089.2444115,1.3929217,560.7827791,23.3722044,3414.0,4.97292,0.260187,44.338874,76.551405,11.0548,18.2276,CONFIRMED
1641.01,422923265,PC,1.8646725,1.028,570.0,12.8352,2202.0,3903.88,9898.0,3.77846,3.4,40.245588,42.871248,9.616,769.138,CANDIDATE
1642.01,229940491,APC,37.4590076,2.863,5850.0,20.3559,554.0,15.6505,5730.0,4.09817,1.5,288.049519,63.657061,11.1169,338.948,CANDIDATE
1643.01,298647682,PC,20.0795217,1.2186554,1065.5355707,2.7170462,508.9693869,15.8594327,4763.0,4.54306,0.777584,272.264241,53.217729,8.6628,40.6988,CANDIDATE
1644.01,22843856,FP,1.8497201,1.757,5750.0,11.2477,,2139.72,6019.0,4.438,1.24,39.006522,25.588461,9.8203,163.49,FALSE POSITIVE
1645.01,184679932,FP,2.1721416,2.7480823,17864.5520776,18.0850347,1677.7485906,1872.5289135,6198.0,4.27912,1.30937,32.294112,40.401942,9.25319,146.653,FALSE POSITIVE
1646.01,387527558,FA,3.623909,2.6568012,26979.8210456,6.9347137,373.8573643,4.6168393,3514.0,4.81377,0.414101,312.32708,70.796604,13.0367,82.1294,FALSE POSITIVE
1647.01,154927364,FP,6.9744232,2.124,9189.0,37.9891,1103.0,245.906,5821.7,3.97,1.86,207.874218,84.071615,10.249,306.502,FALSE POSITIVE
1648.01,376353509,PC,7.3315684,1.287,893.0,2.77433,637.0,27.4026,4871.6,4.48,0.84,45.401179,69.229924,9.5831,69.835,CANDIDATE
1649.01,116608612,FP,3.4557863,2.164,6423.0,16.0772,2058.0,2978.62,8170.0,4.24,1.78,85.66321,35.185708,9.17041,267.683,FALSE POSITIVE
165.01,350743714,FP,7.757643,2.8561356,7336.6908822,12.7936991,993.2304197,161.5793695,6038.0,3.96,1.91151,88.886226,-57.290745,9.6686,210.311,FALSE POSITIVE
1650.01,122485078,FP,9.1505,2.986,1370.0,11.1497,1132.0,272.763,7719.0,3.74,3.02,76.851285,36.275085,10.0106,463.156,FALSE POSITIVE
1652.01,154867950,FP,0.6664948,1.38,260.0,3.217,2004.0,2681.48,5329.0,3.8,1.99,188.3547,84.678957,8.68013,130.942,FALSE POSITIVE
1653.01,156724719,PC,10.9568722,3.469,4643.0,21.7036,2489.0,6376.83,7106.5,,2.5,72.031822,39.966936,9.353,408.36,CANDIDATE
1654.01,258829450,PC,1.8347892,2.414,242.0,,,,5286.9,,,287.666559,66.768082,10.1556,304.865,CANDIDATE
1655.01,266500992,PC,3.2786617,2.631,1101.0,3.61232,1243.0,396.593,5411.0,4.29,1.15,61.172234,52.256992,10.3309,165.314,CANDIDATE
1656.01,267694283,APC,1112.7562924,9.386,6669.0,20.062,1388.0,617.103,6324.0,4.34,1.26,63.230018,53.68705,8.54941,106.477,CANDIDATE
1657.01,27677846,FP,5.6309047,3.877,1683.0,7.00844,1933.0,2320.13,5304.0,4.6,0.79,66.370139,46.365902,9.5668,78.7137,FALSE POSITIVE
1658.01,286561122,FP,0.6803433,2.0674164,565.5754223,8.1888041,4165.8164478,71174.0244493,7325.5,3.71,2.97877,65.876229,35.495109,10.2674,506.864,FALSE POSITIVE
1659.01,288631580,CP,5.8775548,2.9027641,412.2881337,2.1822904,1031.1383185,267.1706249,5977.0,4.47,1.00568,277.925194,82.305949,9.56906,122.494,CONFIRMED
1659.02,288631580,PC,3.3985674,2.197,171.0,1.18609,1288.0,456.908,5977.0,4.47,1.01,277.925194,82.305949,9.56906,122.494,CANDIDATE
166.01,147203645,PC,5.0611315,1.5562414,5276.0349302,9.1484302,1002.9601068,239.1418795,5254.0,4.45,1.00217,323.196086,-44.018036,10.7258,172.157,CANDIDATE
1660.01,311121985,FP,1.3561596,2.504,482.0,4.12493,2908.0,11881.9,6375.0,4.0,1.86,85.581285,49.513452,9.00007,187.823,FALSE POSITIVE
1661.01,312122956,FP,2.0492064,3.417,1030.0,,,,,,,88.475966,30.446042,10.1283,4488.38,FALSE POSITIVE
1662.01,339538183,FP,2.6093167,1.175,1984.0,11.4272,,526.719,7235.0,,1.78,93.318904,63.685008,9.7053,294.292,FALSE POSITIVE
1663.01,353367071,FP,2.37532,2.957,1940.0,13.5855,3490.0,24634.5,7895.7,4.06,2.11,89.934847,33.506969,9.84095,402.261,FALSE POSITIVE
1664.01,353782445,PC,11.835079,2.094,336.0,2.5354,750.0,52.6622,6225.0,5.06078,1.34,276.937885,55.755753,9.17708,143.031,CANDIDATE
1665.01,354006740,FP,1.76406,3.086,870.0,12.3762,3961.0,40901.7,6481.7,,2.03,88.369051,37.339411,6.4018,66.5241,FALSE POSITIVE
1666.01,368536386,FP,1.69433,2.169,650.0,5.20733,2165.0,3651.29,7185.0,4.04,2.0,89.420179,36.765805,10.3693,428.948,FALSE POSITIVE
1667.01,409183335,FP,3.32125,4.304,5760.0,25.5824,,12389.8,7174.0,,1.76,81.807832,38.597453,9.7229,225.941,FALSE POSITIVE
1668.01,417705690,FP,2.363311,3.294,1121.0,2.74038,1697.0,1379.02,5420.0,4.38,1.04,348.607533,76.93432,10.0233,130.543,FALSE POSITIVE
1669.01,428679607,CP,2.6800536,1.758,456.0,2.3437,1198.0,342.997,5550.0,4.37,1.07,45.956474,83.587427,9.52906,111.276,CONFIRMED
167.01,149990841,PC,4.4531846,1.687,5910.0,,1027.0,184.842,5766.0,,,90.662482,-64.819484,11.6349,310.951,CANDIDATE
1670.01,441739020,CP,40.7501028,4.873,6026.0,10.1271,544.0,14.5514,6453.0,5.20004,1.31,259.017252,72.161181,9.4682,168.067,CONFIRMED
1670.02,441739020,CP,10.9836724,2.636,315.0,2.35616,1043.0,196.694,6453.0,5.20004,1.31,259.017252,72.161181,9.4682,168.067,CONFIRMED
1670.03,441739020,PC,123.0586028,9.7316587,485.2393663,2.9538423,443.4993569,9.1430897,6453.0,5.20004,1.31225,259.017252,72.161181,9.4682,168.067,CANDIDATE
1671.01,459903429,FA,8.13664,2.084,840.0,11.75,649.0,29.5076,4913.0,,3.96,130.969393,86.228398,8.71289,221.791,FALSE POSITIVE
1672.01,468828873,FP,3.8954139,2.832,911.0,5.15915,1359.0,566.299,6064.0,3.94,1.89,91.872047,66.857699,10.045,281.902,FALSE POSITIVE
1673.01,470315428,FP,1.08625,2.534,1110.0,4.65122,2226.0,4081.88,5562.6,,1.4,64.648489,52.865034,10.2851,222.358,FALSE POSITIVE
1674.01,73104318,FP,7.45494,3.465,2280.0,15.1922,1303.0,479.468,5029.7,,2.45,61.721603,58.465452,9.46925,201.645,FALSE POSITIVE
1675.01,81831095,PC,3.133084,1.237,1192.0,10.3743,1922.0,2269.81,7478.0,4.05,2.06,47.806635,61.762385,9.9944,399.401,CANDIDATE
1677.01,87090944,PC,0.6435807,0.6659322,876.6807794,4.8452813,2608.950134,10949.2435224,5919.7,4.12,1.49305,58.486586,58.9683,10.1089,197.14,CANDIDATE
1678.01,96291218,FP,13.7058173,2.597,5788.0,20.2141,,350.05,8001.0,,2.05,73.034809,30.280386,10.3614,391.546,FALSE POSITIVE
1679.01,9837861,FP,0.6565741,1.908,423.0,5.01154,2309.0,4719.59,5235.5,,2.68,70.54858,54.292058,9.9021,299.399,FALSE POSITIVE
168.01,369457671,PC,2.31446,1.347,1190.0,3.40668,1015.0,176.692,4801.5,,0.73,311.64359,-37.904399,11.5147,130.977,CANDIDATE
1680.01,259168516,CP,4.8026561,1.1658648,4358.1157678,1.4202459,370.455897,4.4510969,3231.0,5.04064,0.213459,292.313979,65.973802,13.3081,37.2209,CONFIRMED
1681.01,321041369,PC,1.5379237,0.766,1135.0,8.73996,1677.0,1313.48,5672.5,4.51,0.93,81.671049,56.963615,10.4445,153.896,CANDIDATE
1683.01,58542531,CP,3.057524,1.3790503,1117.9638175,2.4878486,848.2229732,122.3379291,4402.0,4.59,0.695095,65.97965,27.82237,9.794,51.1884,CONFIRMED
1684.01,85031598,PC,1.1549925,0.911,739.0,9.15106,1392.0,624.87,4815.0,,2.99,65.346085,62.245206,7.3543,87.5878,CANDIDATE
1685.01,28900646,CP,0.6691449,0.9921631,1254.3711932,1.9200407,964.704855,204.6910522,3457.0,4.7705,0.462408,68.593953,43.03704,11.1117,37.6153,CONFIRMED
1686.01,102672709,PC,6.7053949,3.8459321,575.2056582,3.7076274,1209.2246588,505.2996309,6141.0,4.17616,1.45858,61.731142,66.119599,9.86671,209.153,CANDIDATE
1687.01,103448870,PC,10.2596322,1.8234891,1080.9213165,3.9130735,819.8012135,106.7468895,5734.0,4.4674,0.978325,66.834993,73.023689,9.83739,124.854,CANDIDATE
1688.01,121966220,FP,6.7171913,7.5037208,9138.715071,22.875658,1484.8121463,1148.7011293,5843.0,3.7177,2.3529,75.797813,41.785784,10.8001,472.704,FALSE POSITIVE
1689.01,198384408,FA,9.1238101,5.1188391,283.324087,2.0471844,890.69861,148.7455904,5470.16,4.30008,1.1485,257.78508,56.658901,6.3196,26.9148,FALSE POSITIVE
169.01,183120439,CP,2.2554459,1.6678604,5283.7103901,11.0535293,1579.7828847,1472.0095217,5817.0,4.23,1.29661,16.778688,-75.198945,11.788,407.84,CONFIRMED
1690.01,267574918,CP,1.4079369,0.3063531,484643.7441389,,1626.2264571,1652.8943345,5780.0,4.438,,284.415675,53.509024,16.338,24.7359,CONFIRMED
1691.01,268334473,CP,16.7368995,4.561,989.0,2.88015,834.0,80.3869,5759.0,4.44767,1.0,272.404118,86.860343,9.52636,111.445,CONFIRMED
1692.01,288636342,PC,17.7286608,6.4427868,1086.4618139,4.9572307,909.5495957,161.7433903,6554.0,4.24316,1.45796,279.46436,78.61111,10.741,341.119,CANDIDATE
1692.02,288636342,PC,32.2079698,7.519958,2409.2943157,7.3178089,793.0,72.9642265,6554.0,4.24316,1.45796,279.46436,78.61111,10.741,341.119,CANDIDATE
1693.01,353475866,CP,1.766692,1.4196682,830.5082973,1.5574734,700.8548645,57.0208084,3474.0,4.77152,0.46126,90.308345,34.77309,10.6714,30.7947,CONFIRMED
1694.01,396740648,CP,3.7701296,2.8512056,4361.1801082,5.4800266,953.4195932,195.2881696,5058.0,4.53907,0.81833,97.74871,66.360596,10.7424,124.68,CONFIRMED
1695.01,422756130,CP,3.1342946,1.2158796,1183.6060713,1.7992966,618.3628631,34.5537033,3575.0,4.72334,0.516105,21.921735,72.296615,11.0294,45.1309,CONFIRMED
1696.01,470381900,CP,2.5005291,0.8809865,12579.3504758,3.1713853,491.6465759,13.8080731,3181.0,4.94798,0.280475,65.280648,48.819831,13.9664,64.9172,CONFIRMED
1697.01,1884091865,PC,10.716524,3.075,1280.0,2.34185,587.0,19.7169,4067.0,4.50609,0.65,290.10886,61.085447,11.1744,83.7441,CANDIDATE
1698.01,190223929,PC,17.04198,1.578,3520.0,,1092.0,236.097,7697.2,,,98.502971,41.900782,11.1018,756.791,CANDIDATE
1699.01,22705558,PC,4.5470055,2.382923,813.7370725,3.0070741,1096.3569775,341.4514343,5654.4,4.41,1.03909,125.188745,46.203604,10.8756,205.283,CANDIDATE
170.01,394698182,PC,3.7115129,2.685,12280.0,13.941,1245.0,399.006,5973.0,4.31,1.22,54.989595,-83.088518,11.9692,428.915,CANDIDATE
1700.01,23650642,FP,1.12355,1.611,1020.0,3.49799,2055.0,2963.42,5524.0,4.41,1.01,126.088625,42.104735,10.8219,189.762,FALSE POSITIVE
1701.01,274215536,PC,1.3341738,1.3470884,2283.6562849,4.5073642,1320.8410635,719.3218467,4685.1,4.42,0.878958,99.898189,42.131339,10.9263,123.643,CANDIDATE
1702.01,371210825,FP,0.40312,0.853,1000.0,2.95177,1645.0,1215.98,4252.9,4.37,0.89,111.559352,32.383825,10.9894,103.107,FALSE POSITIVE
1703.01,453387619,PC,1.2016105,0.6498366,2414.8791188,5.3210497,1759.6991613,2266.0772453,5747.6,4.39,1.07532,113.874367,49.478068,10.6414,198.501,CANDIDATE
1704.01,95129101,FP,3.929983,2.153,2270.0,6.51515,1244.0,398.651,6621.9,4.33,1.34,114.932863,28.120146,10.8508,343.469,FALSE POSITIVE
1705.01,137500798,FP,13.2054538,4.875,644.0,3.74642,1039.0,193.559,6653.0,4.14,1.67,132.635012,82.92712,10.3042,335.518,FALSE POSITIVE
1706.01,230377505,PC,4.5156072,2.628,449.0,2.07194,1297.0,470.034,5617.0,4.47,0.97,285.205602,60.233671,10.486,161.185,CANDIDATE
1706.02,230377505,PC,7.4057777,2.778,325.0,1.67743,1111.0,253.592,5617.0,4.47,0.97,285.205602,60.233671,10.486,161.185,CANDIDATE
1707.01,240148934,FP,2.02365,2.585,1710.0,5.96472,1952.0,2411.54,6582.0,4.24,1.48,101.382168,31.465533,10.3135,291.007,FALSE POSITIVE
1708.01,241173474,APC,11.44192,3.841,5510.0,9.64245,1006.0,170.262,6259.0,4.34,1.24,116.107291,43.009079,10.388,235.782,CANDIDATE
1709.01,29119552,PC,7.6288424,3.311,10850.0,18.0261,1194.0,338.345,6157.0,4.1,1.6,118.629831,45.807841,10.2061,268.655,CANDIDATE
171.01,309257814,PC,1.238601,1.9048913,12167.5309178,12.1897562,1639.963909,1709.4569331,5237.0,4.2427,1.1072299,124.269428,-63.213403,11.6626,256.345,CANDIDATE
171.02,309257814,FP,1.8135767,1.0753316,4166.2802035,7.660458,1819.5378757,2590.3914807,5237.0,4.2427,1.1072299,124.269428,-63.213403,11.6626,256.345,FALSE POSITIVE
1710.01,445805961,CP,24.2833782,5.132,2844.0,5.21152,654.0,30.5138,5675.0,4.46,0.98,94.283837,76.21102,8.9134,81.2271,CONFIRMED
1711.01,461662295,FP,10.2558,5.088,5740.0,7.44683,934.0,126.859,5326.0,4.43,0.97,124.446664,51.01037,9.92871,112.978,FALSE POSITIVE
1712.01,67926921,FP,3.566276,4.197,3870.0,20.2251,1851.0,1949.16,6831.4,3.61,3.17,127.945702,44.832314,9.9841,574.264,FALSE POSITIVE
1713.01,15863518,PC,0.5572565,0.5671304,1198.7212417,3.2761782,1949.7515652,3415.3727761,5097.6,4.42,0.946,100.520595,39.842904,10.618,138.371,CANDIDATE
1715.01,142090065,FP,2.8269356,1.1692366,950.9544382,4.8112209,1795.9446278,2458.6277073,7072.0,4.28,1.50581,79.073505,79.737727,9.01249,182.907,FALSE POSITIVE
1716.01,14336130,CP,8.082354,3.284,559.0,2.72432,959.0,140.474,5878.6,4.28,1.24,105.083329,56.824194,8.82897,104.158,CONFIRMED
1717.01,149833117,PC,4.052389,2.169,8976.0,13.1098,1227.0,377.016,6578.0,4.31,1.36,104.628546,67.677336,9.52339,188.086,CANDIDATE
1718.01,257241363,PC,5.5870396,2.745,1907.0,4.24332,948.0,134.155,5378.0,4.46,0.94,112.018025,30.321732,8.2558,52.3044,CANDIDATE
1719.01,293617835,PC,2.7552586,1.17,338.0,9.65945,1481.0,799.261,6096.4,3.26,4.17,135.297462,55.85994,7.7649,227.754,CANDIDATE
172.01,29857954,CP,9.47686,4.392,2980.0,9.80856,993.0,161.969,5801.8,4.32,1.79,316.631879,-26.692865,10.7379,342.831,CONFIRMED
1722.01,85242435,PC,9.6052235,3.628,1437.0,3.86469,952.0,136.86,6137.0,4.43,1.09,114.345213,61.153925,9.52682,136.419,CANDIDATE
1723.01,71431780,CP,13.7270395,4.007,901.0,2.95921,802.0,68.9542,5777.0,4.38035,1.09,116.797198,68.476685,9.09942,100.727,CONFIRMED
1724.01,81212286,FP,0.6850808,1.0565887,2675.7176662,1.9806358,922.0627729,170.8295335,3541.0,4.8452,0.380019,127.032597,56.427529,12.507,58.3171,FALSE POSITIVE
1726.01,130181866,CP,7.107934,3.440833,501.6058242,2.2881711,885.9071544,145.5706555,5694.11,4.53108,0.902932,117.47937,27.363134,6.2683,22.4035,CONFIRMED
1726.02,130181866,CP,20.5438153,4.0537919,799.3817133,2.5734283,621.931143,35.3582059,5694.11,4.53108,0.902932,117.47937,27.363134,6.2683,22.4035,CONFIRMED
1727.01,241225337,PC,1.8308782,1.5764906,464.5713657,2.1988321,1430.8837135,990.6913333,5566.0,4.44006,0.98869,93.558549,53.135925,9.75149,115.362,CANDIDATE
1728.01,285048486,CP,3.4913952,1.763,5400.0,4.9395,718.0,44.3221,3907.0,4.62346,0.63,120.611679,64.797153,10.7921,60.798,CONFIRMED
1729.01,298666530,FP,0.5732087,0.4582376,432048.7343961,,,,5780.0,4.438,,278.399911,58.205529,18.3324,151.383,FALSE POSITIVE
173.01,270341214,PC,29.7537451,8.0780445,6350.8299407,11.9868976,777.9510591,86.5625631,6409.0,4.20097,1.46863,33.458853,-80.582711,8.8784,152.023,CANDIDATE
173.02,270341214,PC,9.1702265,5.6855842,305.9835677,2.6317754,1151.7002703,415.7946307,6409.0,4.20097,1.46863,33.458853,-80.582711,8.8784,152.023,CANDIDATE
1730.01,318022259,PC,6.2262315,2.239,1488.0,2.75524,910.0,114.271,3691.0,4.70931,0.53,107.865826,48.327933,10.3595,35.6917,CANDIDATE
1730.02,318022259,PC,2.1555232,1.445,742.0,1.47809,944.0,132.347,3691.0,4.70931,0.53,107.865826,48.327933,10.3595,35.6917,CANDIDATE
1730.03,318022259,PC,12.5739572,2.722,2170.0,2.4359,439.0,6.20302,3691.0,4.70931,0.53,107.865826,48.327933,10.3595,35.6917,CANDIDATE
1732.01,470987100,PC,4.1192231,2.1841675,1236.5042452,2.2236629,657.7908482,44.2458262,3876.0,4.62394,0.632571,111.801451,53.045268,11.3266,74.7599,CANDIDATE
1733.01,53427308,FP,5.80322,1.569,1710.0,6.3744,781.0,61.8583,5846.0,4.11,1.5,118.881765,54.596601,10.379,251.27,FALSE POSITIVE
1734.01,224596152,PC,28.8745078,4.4849765,584.5089133,2.7122882,586.7970552,28.0202951,5773.0,4.46229,0.988898,254.503289,57.305263,10.2713,156.571,CANDIDATE
1735.01,365673804,PC,10.3857602,3.101,380.0,2.37414,904.0,110.973,6439.0,4.35142,1.26,313.339157,64.229166,8.3412,99.4495,CANDIDATE
1736.01,408618999,CP,7.0731057,3.819,439.0,2.69175,1099.0,242.723,5656.0,4.1408,1.41,43.434461,69.101345,8.3302,88.9482,CONFIRMED
1737.01,233009109,PC,14.4479828,6.353,218.0,2.79468,1605.0,1104.29,6669.0,4.01,1.95,248.253233,72.925534,8.57502,177.63,CANDIDATE
1738.01,104208182,PC,3.6985817,1.5474205,3061.8238445,4.3816478,709.1406179,59.7654849,3948.0,4.59404,0.6692,54.502163,50.955115,12.4851,142.042,CANDIDATE
1739.01,159418353,CP,8.3033493,1.705,571.0,1.95844,685.0,36.5628,4814.0,4.54519,0.78,240.172481,83.258659,9.812,70.9819,CONFIRMED
174.01,425997655,CP,17.6671687,2.525,854.0,1.87042,462.0,7.60884,4813.0,4.38,0.69,55.459031,-62.767267,8.7513,39.0341,CONFIRMED
174.02,425997655,CP,29.7975205,2.782,671.0,1.60982,374.0,3.2713,4813.0,4.38,0.69,55.459031,-62.767267,8.7513,39.0341,CONFIRMED
174.03,425997655,CP,12.1623316,2.614,317.0,1.15643,638.0,27.5458,4813.0,4.38,0.69,55.459031,-62.767267,8.7513,39.0341,CONFIRMED
174.04,425997655,CP,3.9766833,1.859,142.0,0.757588,855.0,89.0886,4813.0,4.38,0.69,55.459031,-62.767267,8.7513,39.0341,CONFIRMED
174.05,425997655,CP,7.9076222,2.611,217.0,0.969819,720.0,44.8107,4813.0,4.38,0.69,55.459031,-62.767267,8.7513,39.0341,CONFIRMED
1740.01,174041208,PC,19.428419,3.5727154,850.4127883,2.4616462,582.3179815,27.1745153,5366.0,4.56253,0.835173,351.017992,43.37667,10.4274,114.046,CANDIDATE
1741.01,198206613,PC,10.9406641,2.175,440.0,1.36492,503.0,10.665,4324.0,4.697,0.61,247.043455,63.499098,10.5783,61.9251,CANDIDATE
1742.01,219857012,CP,21.2690422,5.893,350.0,1.87711,770.0,58.618,5707.0,4.31886,1.16,257.328868,71.876672,8.2865,72.8871,CONFIRMED
1743.01,219860288,CP,4.2660553,0.69,1700.0,3.30511,506.0,10.8837,3281.0,4.90415,0.32,257.747332,71.872204,12.4251,41.2758,CONFIRMED
1744.01,229455001,CP,22.3417286,2.582,472.0,2.54102,598.0,21.2584,6179.0,4.3969,1.14,294.291071,60.881302,9.01932,114.39,CONFIRMED
1745.01,232635922,PC,5.984871,2.2695614,2583.7788262,3.4443503,519.0,13.8196717,3759.0,4.80439,0.424468,281.13629,54.949899,12.7963,84.0287,CANDIDATE
1746.01,232650365,PC,2.5253323,0.989829,1258.5718559,1.4761503,576.4840036,26.1017752,3340.0,4.81708,0.410465,281.767709,54.910682,11.9589,62.55347,CANDIDATE
1746.02,232650365,PC,3.8776815,1.0297542,1077.9105507,1.365807,499.6923767,14.7343811,3340.0,4.81708,0.410465,281.767709,54.910682,11.9589,62.55347,CANDIDATE
1747.01,233071822,PC,2.7546548,0.561,394.0,2.08088,808.0,71.0366,4435.0,4.58929,0.7,270.80605,60.675192,10.4302,70.1306,CANDIDATE
1748.01,233071926,PC,1.8318623,1.4211172,403.1219726,1.5299007,1144.0968579,404.9227459,4837.0,4.51662,0.768226,270.73931,60.417638,10.5657,101.084,CANDIDATE
1749.01,233602827,CP,4.4891367,1.8833377,1271.1867023,1.9980298,625.4009463,36.1538988,3959.0,4.68416,0.561356,282.737228,64.419466,12.2574,99.5561,CONFIRMED
1749.02,233602827,CP,9.0447039,1.7653148,1611.0010188,2.2493746,495.1628187,14.2073509,3959.0,4.68416,0.561356,282.737228,64.419466,12.2574,99.5561,CONFIRMED
175.01,307210830,CP,3.6906759,1.107,1657.0,1.36751,479.0,8.77401,3469.0,4.9401,0.31,124.53286,-68.314466,9.41242,10.6194,CONFIRMED
175.02,307210830,CP,7.4507305,0.475,1542.0,3.04528,329.0,1.96064,3469.0,4.9401,0.31,124.53286,-68.314466,9.41242,10.6194,CONFIRMED
175.03,307210830,CP,2.2531062,0.9939837,682.3972723,0.826635,567.3025213,24.4782213,3469.0,4.9401,0.31416,124.53286,-68.314466,9.41242,10.6194,CONFIRMED
1750.01,237099296,PC,11.3373614,2.8611319,1194.0451617,2.619494,612.9150641,33.3520232,4765.0,4.55138,0.768675,240.301978,68.9373,11.7077,162.46,CANDIDATE
1751.01,287080092,CP,37.4685042,7.685,429.0,2.56325,1037.0,192.521,6114.0,4.293,1.27,243.488853,63.53353,8.80616,113.335,CONFIRMED
1752.01,287139872,PC,0.9351891,0.7694649,1150.2871156,1.8032935,952.065635,194.1728744,3652.0,4.71387,0.526987,253.461486,60.70962,12.7463,103.021,CANDIDATE
1752.02,287139872,PC,32.7135406,5.075467,1469.2598788,2.4202837,291.1102616,1.6972705,3652.0,4.71387,0.526987,253.461486,60.70962,12.7463,103.021,CANDIDATE
1753.01,289580577,CP,5.3846239,3.2617296,630.6901313,2.6170633,1001.7564461,237.9959598,5700.0,4.48088,0.959022,252.469835,61.173577,11.2078,226.671,CONFIRMED
1754.01,332477926,PC,16.2143217,3.8395249,1553.7064339,2.8235075,404.1671972,6.3061639,3849.0,4.65688,0.593295,265.59431,57.447771,11.7229,81.5511,CANDIDATE
1755.01,356978132,APC,60.1848926,3.546,2242.0,11.0047,597.0,21.2072,6499.0,4.35362,1.27,273.781707,56.878102,9.90051,205.933,CANDIDATE
1756.01,364074068,PC,2.7830114,1.7406295,916.2640701,1.7104603,696.3924073,55.5823764,3756.0,4.68309,0.562607,306.328774,77.636412,12.0948,86.7159,CANDIDATE
1757.01,367753709,PC,2.125687,1.4649664,570.6858828,1.6780073,970.7631647,209.8814988,4428.0,4.57977,0.707159,255.400714,79.067126,11.2906,104.346,CANDIDATE
1757.02,367753709,PC,5.0097113,0.9457107,560.4159621,1.6316574,729.4723335,66.920057,4428.0,4.57977,0.707159,255.400714,79.067126,11.2906,104.346,CANDIDATE
1758.01,367858035,CP,20.7051499,3.348,1822.0,3.39245,531.0,13.1989,5169.0,4.57,0.81,354.741581,75.685232,10.0907,96.6215,CONFIRMED
1759.01,408636441,CP,18.8500438,3.407,2610.0,3.09094,435.0,5.95531,3960.0,4.62853,0.63,326.851662,62.753816,9.92838,40.0654,CONFIRMED
176.01,272086159,FP,16.155373,1.556705,71225.723174,10.424281,297.2885497,1.8460086,3270.0,4.98242,0.271,115.003473,-72.205678,13.4004,65.9528,FALSE POSITIVE
1760.01,420112587,FP,11.062666,2.0842156,4957.8780942,2.6437021,293.8838939,1.7628857,3212.0,4.98029,0.254522,290.173976,73.195993,12.4989,30.5373,FALSE POSITIVE
1761.01,424391516,PC,11.5922513,3.4868947,373.1625573,2.4230886,926.7725725,174.3466841,6311.0,4.37813,1.19407,281.577645,75.303367,10.5951,242.537,CANDIDATE
1762.01,435680451,PC,24.141229,3.069765,1612.7795426,4.0770689,637.122924,38.9416122,6156.0,4.55262,0.94842,17.915004,79.165492,10.5949,174.195,CANDIDATE
1763.01,441739871,PC,3.797872,1.0636976,1501.0825028,1.9296055,554.7006125,22.3746156,3520.0,4.76125,0.472869,259.564164,74.302721,12.8123,88.0677,CANDIDATE
1764.01,1551345500,PC,47.3860753,1.81,19550.0,9.77368,248.0,0.636581,4415.0,4.69831,0.62,277.29301,55.313107,11.2018,87.2876,CANDIDATE
1765.01,272672133,PC,3.493958,1.961,3650.0,5.65971,984.0,156.241,5203.4,4.47,0.9,234.241791,67.452579,11.7176,229.44,CANDIDATE
1768.01,137906197,CP,7.3377236,4.243,795.0,3.2807,1566.0,998.435,5994.0,4.4,1.1,152.102783,55.53996,9.91008,157.597,CONFIRMED
1769.01,287225295,APC,0.6097554,0.416,670.0,3.5774,1599.0,1086.19,5493.0,4.52,0.89,144.000344,51.607784,9.4819,90.6965,CANDIDATE
177.01,262530407,CP,2.8531016,1.142,1395.0,2.02068,610.0,23.0419,3703.0,4.76229,0.52,20.438428,-46.714723,9.49275,22.4751,CONFIRMED
1770.01,457138169,FP,1.0924536,1.2245785,874.580104,6.5935026,2235.1877779,5898.9818226,6273.0,4.2,1.4487799,141.367951,50.908874,9.22437,163.438,FALSE POSITIVE
1772.01,85293053,CP,8.0542207,3.0287161,706.8165307,2.8337706,877.6725493,140.2332705,5583.1,4.44,0.995254,156.837704,34.39095,9.3523,97.7562,CONFIRMED
1772.02,85293053,PC,,5.3489749,2162.8449313,4.7263644,811.6771905,102.5780334,5583.1,4.44,0.995254,156.837704,34.39095,9.3523,97.7562,CANDIDATE
1774.01,4897275,CP,16.7100422,5.4004652,615.2873631,2.7396616,747.4400609,73.7609475,5853.7,4.38636,1.09271,148.161931,35.111008,7.6474,53.974,CONFIRMED
1775.01,9348006,CP,10.2405483,3.538,9950.0,8.69623,760.0,55.4426,5251.0,4.54337,0.84,150.115101,39.457751,10.9184,149.234,CONFIRMED
1776.01,21535395,CP,2.8009915,1.4985399,204.8553325,1.4033915,1240.8853925,560.3349224,5723.87,4.49543,0.945408,164.777291,40.983718,7.6586,44.647,CONFIRMED
1777.01,29191624,CP,14.6503935,2.08,330.0,1.81908,580.0,18.7938,5859.45,4.4776,0.98,151.807032,46.114881,8.737001,79.7665,CONFIRMED
1778.01,39699648,CP,6.5273884,3.1190657,415.430891,2.8972637,1149.830319,413.1007903,6023.0,4.23995,1.32944,136.777644,46.672425,8.4594,99.451,CONFIRMED
178.01,251848941,CP,6.5578513,2.08,1596.0,2.54474,622.0,24.9125,4111.0,4.55528,0.66,7.302011,-30.454116,10.42,62.699,CONFIRMED
178.02,251848941,CP,20.708504,2.236524,1657.067907,3.751004,535.9397866,19.4977725,4111.0,4.55528,0.701202,7.302011,-30.454116,10.42,62.699,CONFIRMED
178.03,251848941,CP,9.9616347,2.4648052,1084.4327062,2.2807327,551.2319188,21.8201851,4111.0,4.55528,0.660806,7.302011,-30.454116,10.42,62.699,CONFIRMED
1782.01,160045097,CP,4.9877056,2.2769107,1192.3398198,2.4703077,697.8376698,56.0452278,4336.0,4.62012,0.668693,213.078772,74.411791,11.3069,95.2649,CONFIRMED
1782.02,160045097,CP,1.8290294,1.6679098,704.8493933,2.1268375,974.9472494,213.5233995,4336.0,4.62012,0.668693,213.078772,74.411791,11.3069,95.2649,CONFIRMED
1782.03,160045097,PC,18.7559765,2.5550705,1506.818331,2.9737536,448.7537809,9.5841474,4336.0,4.62012,0.668693,213.078772,74.411791,11.3069,95.2649,CANDIDATE
1783.01,229938290,PC,1.4198659,1.3058497,465.2106205,2.2822776,1520.4997021,1263.1832531,5406.0,4.42475,0.984511,287.681017,64.153662,9.2742,88.3983,CANDIDATE
1784.01,241196395,APC,2.0937563,0.433,1250.0,6.75578,1014.0,175.656,6435.69,4.3758,1.23,153.549683,29.085524,9.61433,171.945,CANDIDATE
1785.01,230386259,PC,11.0023133,5.305,298.0,4.25882,1120.0,261.664,6264.0,4.25903,2.87,285.728523,63.948849,9.6746,384.225,CANDIDATE
1786.01,86280613,FP,9.573548,2.036,2788.0,15.6118,1135.0,275.837,6505.0,4.04,1.83,141.721087,61.698996,9.5173,248.695,FALSE POSITIVE
1787.01,372730331,PC,8.7046669,2.58,9660.0,28.8458,1172.0,313.381,6427.0,4.11,1.67,152.33046,39.162411,10.3774,327.863,CANDIDATE
1788.01,450327768,FP,5.34326,1.426,6980.0,10.4171,751.0,52.9343,5776.0,4.25,1.26,160.229227,35.913354,10.1883,191.532,FALSE POSITIVE
1789.01,172518755,CP,3.2087149,1.639,1960.0,12.3921,1287.0,455.479,5971.4,3.77,2.26,142.743406,26.539995,9.1824,229.067,CONFIRMED
179.01,207141131,CP,4.1374379,1.8454937,1125.5354645,2.6757659,918.6796864,168.3361754,5058.0,4.51761,0.802633,44.262014,-56.191869,8.1796,38.5653,CONFIRMED
1790.01,310981412,FA,9.62517,3.725,540.0,2.03371,1007.0,170.739,6149.0,4.57,0.93,161.42778,69.20078,10.2728,164.178,FALSE POSITIVE
1791.01,233684293,FA,48.4808217,8.081,110.0,2.36501,684.0,36.5063,6153.0,3.72,2.47,260.762886,63.110741,9.05769,247.435,FALSE POSITIVE
1792.01,29191596,PC,8.8164887,3.895,170.0,1.28915,973.0,149.167,5502.5,4.43,0.99,151.720029,45.883328,8.676,69.3223,CANDIDATE
1793.01,304142124,CP,55.087,5.709,2509.0,4.36639,562.0,16.5899,5175.0,4.51,0.87,164.856336,-56.623556,7.8436,36.9941,CONFIRMED
1794.01,286916251,CP,8.7655468,4.0264463,572.6986983,3.3302665,992.0587214,228.9130329,5707.0,4.21803,1.29921,203.397486,49.060843,9.69924,155.791,CONFIRMED
1795.01,135083444,FP,2.7917911,1.4664254,1018.9771433,6.0002066,1435.6065273,1003.8358436,6071.0,4.36,1.16271,184.3669,19.839989,10.0721,183.175,FALSE POSITIVE
1797.01,368435330,CP,3.6451549,2.055,780.0,2.99324,1143.0,283.719,5922.0,4.43,1.05,162.776697,25.641065,8.6259,82.3432,CONFIRMED
1797.02,368435330,CP,1.0376109,1.588,210.0,1.53671,1926.0,2287.71,5922.0,4.43,1.05,162.776697,25.641065,8.6259,82.3432,CONFIRMED
1798.01,198153540,CP,8.0214735,3.2087652,882.3089291,2.3381058,737.0887807,69.7589934,5165.2,4.59,0.784618,211.093937,46.519283,10.5191,113.181,CONFIRMED
1798.02,198153540,CP,0.4378083,1.1404291,290.8856184,1.374002,1943.1657306,3369.4605233,5165.2,4.59,0.784618,211.093937,46.519283,10.5191,113.181,CONFIRMED
1799.01,8967242,CP,7.093853,2.5107626,284.2381135,1.6277147,911.9619079,163.4661355,5690.0,4.48062,0.956941,167.232915,34.303015,8.3662,62.1274,CONFIRMED
180.01,51912829,APC,0.8353899,1.0385175,2265.3656619,10.0508253,2917.1103577,17113.247799,6082.0,3.77654,2.0701201,14.298639,-67.496189,9.5183,264.72,CANDIDATE
1801.01,119584412,CP,10.6439385,2.713,1240.0,1.98891,504.0,10.7276,3815.0,4.69775,0.55,175.575599,23.027033,9.85623,30.6796,CONFIRMED
1802.01,138762614,PC,16.7961107,3.4989302,1816.2755985,2.5066457,397.8391483,5.9204002,3859.0,4.66612,0.582436,164.255313,24.882338,11.1341,60.6931,CANDIDATE
1803.01,144401492,PC,12.8858629,2.098,3170.0,4.21693,576.0,18.3406,4868.61,4.6604,0.69,178.046105,35.1718,11.1476,119.24,CANDIDATE
1803.02,144401492,PC,6.2932111,2.188,1810.0,2.98555,769.0,58.2524,4868.61,4.6604,0.69,178.046105,35.1718,11.1476,119.24,CANDIDATE
1804.01,148679712,PC,4.9246365,2.756,803.0,2.74529,1060.0,210.206,5428.81,4.3631,1.06,172.171122,46.480464,10.1345,139.11,CANDIDATE
1805.01,165763244,PC,24.0510453,3.3687329,1194.9103544,2.9822257,538.7398234,19.9084441,5232.43,4.52455,0.855433,232.140492,55.18532,10.7939,142.849,CANDIDATE
1806.01,166648874,CP,15.1512051,2.3438166,4955.304292,2.8411799,308.7009384,2.1462129,3272.0,4.82521,0.401575,166.118147,30.458576,12.6196,55.5211,CONFIRMED
1806.02,166648874,PC,8.1960758,1.4883227,4699.5344472,2.7663658,378.8654659,4.8692389,3272.0,4.82521,0.401575,166.118147,30.458576,12.6196,55.5211,CANDIDATE
1806.03,166648874,PC,0.5019031,0.9470423,1536.5683135,1.8451862,961.1999156,201.7325126,3272.0,4.82521,0.401575,166.118147,30.458576,12.6196,55.5211,CANDIDATE
1807.01,180695581,CP,0.54937,0.883,370.0,1.53904,1706.0,1407.22,4612.99,4.56172,0.74,201.282626,38.922367,9.0363,42.5775,CONFIRMED
1808.01,307734817,FP,2.1075001,1.9093483,4256.1743008,11.7706128,1896.6316071,3058.1088297,6351.66,4.13453,1.59204,171.59704,28.056535,11.6735,556.917,FALSE POSITIVE
181.01,76923707,CP,4.5320502,2.3754425,7874.5852788,7.0590799,850.9218562,123.9023995,4983.0,4.61445,0.805573,352.172541,-34.49141,10.4654,96.2338,CONFIRMED
1811.01,376524552,CP,3.7130701,1.654,19610.0,11.7215,762.0,55.9743,4719.0,4.49738,0.81,188.922358,27.214377,11.1237,128.23,CONFIRMED
1812.01,207425167,PC,,7.3027567,9219.8978429,7.0430812,571.1843728,25.1551128,5059.36,4.62542,0.738692,242.747885,58.294553,11.6463,172.534,CANDIDATE
1812.02,207425167,PC,11.6098182,3.5623705,1391.5795455,2.7371461,623.412155,35.6962064,5059.36,4.62542,0.738692,242.747885,58.294553,11.6463,172.534,CANDIDATE
1812.03,207425167,PC,48.3320223,5.3736904,4780.0505501,5.0923959,307.5828267,2.1152872,5059.36,4.62542,0.738692,242.747885,58.294553,11.6463,172.534,CANDIDATE
1813.01,377290815,FP,0.798,0.679,190.0,2.95586,1525.0,898.537,6194.2,4.0,1.84,286.592985,56.629312,9.91892,285.002,FALSE POSITIVE
1814.01,160440924,PC,6.3684627,6.3480149,461.2506691,5.1407901,977.8321546,216.0619339,4971.0,,2.3894999,236.816882,77.232643,10.8247,362.522,CANDIDATE
1815.01,233720539,FP,2.555332,5.14,6550.0,20.5128,2259.0,4328.46,6454.0,3.77,2.48,276.379287,63.488103,10.8946,617.233,FALSE POSITIVE
1816.01,237108272,FA,22.7873,5.334,410.0,2.42982,,57.1127,5845.0,,1.16,257.139454,78.587055,9.303001,117.652,FALSE POSITIVE
1817.01,285094173,PC,13.3983724,2.2302111,1329.4475111,6.0631073,957.0695694,198.2873611,6131.3,4.18,1.45244,186.581874,46.470824,10.4966,276.417,CANDIDATE
1818.01,330799746,PC,5.5115114,4.7379743,3342.8070054,10.0325305,1378.4287279,853.2145726,6236.9,4.09,1.63332,193.131175,34.901028,10.9901,401.96,CANDIDATE
1819.01,341815767,FA,3.09374,2.451,150.0,1.72207,1541.0,936.396,6610.0,4.24,1.47,267.520221,54.636127,8.98018,160.295,FALSE POSITIVE
182.01,76989773,APC,1.76918,1.768,9570.0,11.6236,1780.0,1670.21,5569.0,4.32065,0.96,353.293998,-35.463992,9.683,107.399,CANDIDATE
1820.01,393831507,CP,4.860673,2.632,6140.0,11.4272,1151.0,292.245,5778.2,4.16,1.4,187.686721,27.452002,10.5268,248.504,CONFIRMED
1822.01,9392421,APC,9.6136615,5.292,7000.0,14.5701,1037.0,192.623,5637.7,3.97,1.71,167.777848,39.526673,10.7184,312.52,CANDIDATE
1823.01,142381532,CP,38.8135498,5.944,9593.0,8.20695,486.0,9.29717,4760.0,4.49,0.82,196.21972,63.753261,9.7722,71.6456,CONFIRMED
1824.01,142387023,CP,22.8085719,3.847,977.0,2.45459,544.0,14.6287,5182.0,4.55,0.82,197.731229,61.744849,8.9754,59.4314,CONFIRMED
1825.01,229750058,PC,10.1824299,2.788,10610.0,10.7723,768.0,57.9125,5450.0,4.42,1.01,280.679168,66.303112,11.7204,285.509,CANDIDATE
1826.01,229400092,CP,4.1419805,2.3809654,10130.9411804,12.9812632,1182.988488,462.8529919,5418.3,4.31,1.15614,292.458821,62.529189,11.2086,265.471,CONFIRMED
1827.01,390651552,CP,1.467119,1.0069313,1550.632368,1.3241394,639.3631768,39.492214,3297.0,4.89,0.331472,191.981531,9.749418,8.8223,8.07426,CONFIRMED
1828.01,232982938,CP,9.0941239,4.389,2570.0,8.09838,1020.0,180.272,5759.8,4.07,1.56,241.562248,69.621802,11.1315,369.986,CONFIRMED
1829.01,235905185,PC,6.2895835,3.044,24300.0,15.9901,930.0,124.221,5565.0,4.41544,1.02,290.877426,78.754217,12.8784,479.529,CANDIDATE
183.01,183979262,FP,3.4307565,3.1443388,9664.2985634,29.7749124,2139.9713716,4956.2460141,6270.0,3.61332,2.72192,21.650295,-72.748874,8.3291,213.024,FALSE POSITIVE
1830.01,20182165,FP,9.7815625,3.736,20040.0,18.205,1079.0,225.192,6327.16,4.37297,1.21,226.181249,38.605375,7.0166,50.3098,FALSE POSITIVE
1831.01,27194429,APC,0.5553244,0.8336658,353.7045175,4.4033839,3711.6634241,44853.3980885,6864.0,3.89932,2.2681701,200.452735,17.765435,7.43229,128.273,CANDIDATE
1832.01,307956397,PC,4.1508569,2.19,8700.0,7.61178,837.0,81.7443,4652.0,4.52358,0.78,256.662266,63.778635,12.9233,270.313,CANDIDATE
1834.01,71612483,APC,1.2164402,1.847,15450.0,16.0243,2139.0,3477.13,5610.0,4.42006,1.02,202.294251,31.401916,11.4951,265.941,CANDIDATE
1835.01,347332255,PC,5.6419598,3.0871502,543.838848,1.8245844,843.1141848,119.4171181,5297.0,4.61016,0.782479,189.839224,20.027338,7.6621,32.1585,CANDIDATE
1835.02,347332255,PC,,3.9454498,886.4838237,2.5398986,672.7171326,48.4006234,5297.0,4.61016,0.782479,189.839224,20.027338,7.6621,32.1585,CANDIDATE
1836.01,207468071,CP,20.3807824,6.6590149,2371.5221505,8.2227994,897.7592727,153.5184581,6351.0,4.12,1.61988,245.907924,54.690077,9.29416,191.649,CONFIRMED
1836.02,207468071,FP,1.7727505,1.519,243.0,2.73549,2058.0,2981.98,6351.0,4.12,1.62,245.907924,54.690077,9.29416,191.649,FALSE POSITIVE
1837.01,144441148,APC,5.8182239,1.1943658,1069.5709916,7.8231031,1453.0357399,1053.479741,5961.28,3.87842,1.99038,207.905911,33.49239,8.70842,159.375,CANDIDATE
1839.01,381714186,PC,1.4238067,1.5009585,721.0458571,2.6855348,1405.3497526,921.846663,5382.69,4.55152,0.848099,196.833111,5.852046,10.2173,116.086,CANDIDATE
184.01,300871545,FP,4.8170684,3.1822663,23137.3629965,24.4342674,1416.8065929,952.2769628,6380.0,4.24852,1.44956,117.657401,-70.533461,10.0433,247.441,FALSE POSITIVE
1842.01,404505029,CP,9.5739531,4.172,3170.0,12.4956,1208.0,354.639,6115.0,3.87646,2.05,201.962655,9.030644,9.26733,223.465,CONFIRMED
1843.01,258871793,FP,9.1469122,4.618497,8770.0961182,12.7002634,999.320223,235.6892132,5954.0,4.26,1.2752,287.894787,66.328065,12.6445,627.627,FALSE POSITIVE
1845.01,272758199,PC,3.6610026,2.6047415,18701.4218317,13.3480688,1066.031538,305.2117259,5271.0,4.44,0.943402,237.317086,71.442944,12.889,418.239,CANDIDATE
1846.01,198385543,CP,3.9306746,1.4305142,1637.1984269,1.7902006,523.4432264,17.7418678,3512.0,4.81618,0.411452,257.954965,54.527848,11.8467,47.2496,CONFIRMED
1847.02,54002556,PC,12.7645811,2.132,3000.0,4.21676,550.0,15.1947,5076.0,4.53,0.83,23.52145,-14.419149,11.6235,190.422,CANDIDATE
1848.01,219824469,FP,5.4809161,5.031,2770.0,8.64837,1507.0,856.944,5923.0,4.05,1.62,204.440006,48.250123,10.5038,296.945,FALSE POSITIVE
1849.01,23740089,APC,9.862756,2.323,4278.0,8.40839,942.0,130.902,5595.0,4.32,1.14,208.099647,37.748612,10.4985,189.09,CANDIDATE
1850.01,149577217,APC,7.39143,1.252,5880.0,16.4641,774.0,59.8747,5224.6,4.28,1.14,195.761884,21.923072,10.626,171.205,CANDIDATE
1851.01,378976682,APC,6.0179742,1.278,13910.0,10.0342,562.0,16.6492,4567.0,4.53,0.76,197.748635,6.686564,13.1369,274.942,CANDIDATE
1852.01,219728669,PC,2.3601883,2.455,21460.0,13.4654,1321.0,505.623,5356.0,4.49,0.9,197.072025,23.120937,13.4891,543.277,CANDIDATE
1853.01,73540072,CP,1.2436239,1.211,1790.0,3.89334,1272.0,435.33,4968.8,4.5,0.84,211.459347,16.99237,11.3719,165.105,CONFIRMED
1854.01,157225097,PC,2.5267353,2.2654363,17543.876912,12.697976,1089.5431103,333.0417477,4836.0,4.45,0.871731,206.845428,19.758454,13.0383,346.457,CANDIDATE
1855.01,81247740,CP,1.3641482,0.952,7820.0,19.5876,1505.0,852.162,5347.0,4.33,1.08,205.353953,17.686872,10.6503,176.833,CONFIRMED
1856.01,224313733,FP,197.0336254,7.338,11900.0,12.0713,316.0,1.65744,5616.4,4.44,1.0,234.099145,57.890738,10.9374,210.486,FALSE POSITIVE
1857.01,180652891,APC,0.7759895,1.135,2450.0,10.4239,2359.0,5149.47,7218.0,3.94,2.26,199.607344,35.953983,9.2427,317.527,CANDIDATE
1858.01,424733642,PC,2.0912089,1.144,20760.0,18.3695,933.0,126.014,4220.9,4.49,0.77,199.412592,22.850101,12.8777,205.385,CANDIDATE
1859.01,229742722,CP,63.4839358,5.457,5357.0,11.1495,615.0,23.786,6415.0,4.26,1.4,279.831764,69.522873,9.93689,224.385,CONFIRMED
186.01,279741379,CP,35.6134391,3.512,1575.0,3.12194,505.0,10.8612,4628.53,4.32239,0.71,51.750188,-63.500166,6.9934,16.32,CONFIRMED
186.02,279741379,CP,7.7897726,2.376,194.0,1.00084,966.0,144.765,4628.53,4.32239,0.71,51.750188,-63.500166,6.9934,16.32,CONFIRMED
1860.01,202426247,CP,1.0662082,1.142,151.0,1.0883,1515.0,876.703,5668.0,4.51,0.93,226.456731,64.047682,7.7885,45.864,CONFIRMED
1861.01,323295479,PC,742.5142746,6.5744451,8486.4050981,11.1888239,466.0296958,11.1474457,5490.0,4.45,1.06113,130.80013,-83.061258,9.9486,135.758,CANDIDATE
1862.01,321668398,CP,5.6442112,2.980996,4136.2010063,11.4462895,1379.0312841,854.7074229,6310.0,4.1,1.63591,264.26302,53.021275,11.5429,527.995,CONFIRMED
1863.01,356919658,FP,1.42611,1.788,1890.0,9.21032,2877.0,11388.0,6404.0,4.31,1.32,273.580728,57.992976,11.2542,383.432,FALSE POSITIVE
1865.01,207425203,APC,1.2239134,1.037,1400.0,7.38849,1509.0,861.54,6618.5,3.99,1.92,242.919358,58.477001,11.871,757.572,CANDIDATE
1866.01,400430915,PC,2.1863095,3.9576915,2983.5525823,10.9791817,2134.7771952,4908.3013736,6728.0,4.03,1.92153,295.382219,57.325664,12.6557,1152.5,CANDIDATE
1867.01,400476523,FP,18.10671,4.562,10340.0,19.3734,1047.0,199.63,6615.0,4.14,1.65,295.558877,59.589129,12.2339,775.054,FALSE POSITIVE
1868.01,230087585,PC,8.8263579,3.4318591,5877.74804,12.1777996,1126.900714,381.1216482,6016.0,4.1,1.56043,247.125627,69.030975,12.6053,766.271,CANDIDATE
1869.01,299780329,PC,1.6024387,1.0090014,1372.6016905,5.5640916,1858.5229504,2819.6338493,5435.9,4.2,1.39294,37.530328,-79.75656,10.9679,305.601,CANDIDATE
187.01,260304296,APC,0.5125807,1.6430775,5691.1921109,19.2342563,3117.5523161,22324.2050264,6725.0,4.19532,1.55195,94.615541,-57.013501,9.109901,184.529,CANDIDATE
1870.01,230375747,PC,2.7633917,3.5061663,12405.1873299,16.4097207,1666.9054026,1824.5880178,6511.0,4.25,1.43103,285.020668,63.42983,12.8079,876.378,CANDIDATE
1871.01,233503636,FP,3.40612,1.714,1740.0,8.60495,1560.0,985.653,5955.3,4.06,1.67,251.235703,77.344038,11.5906,526.243,FALSE POSITIVE
1872.01,229490898,PC,2.2349708,2.016,3870.0,11.1799,,3419.38,6305.2,,1.57,296.257303,64.791904,11.9414,608.57,CANDIDATE
1873.01,328933398,PC,24.9341884,4.964,1390.0,3.93465,672.0,34.0216,5699.0,4.47,0.97,212.568476,84.371858,10.7447,182.014,CANDIDATE
1873.02,328933398,PC,900.1930987,6.3963069,1344.4884882,3.6185236,183.0091807,0.2651017,5699.0,4.47,0.971675,212.568476,84.371858,10.7447,182.014,CANDIDATE
1873.03,328933398,PC,7.0056805,3.3182125,766.894462,3.1039232,923.4952393,171.8935756,5699.0,4.47,0.971675,212.568476,84.371858,10.7447,182.014,CANDIDATE
1874.01,232641326,APC,17.8683999,5.638695,11197.9522339,19.3843075,1006.6890424,242.7182138,7013.0,4.2,1.63559,281.44921,56.381701,11.5816,639.003,CANDIDATE
1875.01,233047097,PC,11.3091849,1.713,11960.0,15.4356,631.0,26.4473,5817.0,4.27,1.25,268.6609,60.356411,12.9417,677.874,CANDIDATE
1876.01,233078665,PC,6.4827647,2.2930359,4140.8329483,11.487382,1412.5995193,941.0164562,6748.0,4.12,1.73025,271.611889,62.176751,12.8182,1119.32,CANDIDATE
1877.01,233497719,FP,3.801591,2.752,18950.0,14.4297,1242.0,395.697,6051.0,4.48,1.01,249.519983,77.756401,12.8746,565.519,FALSE POSITIVE
1878.01,219762508,PC,3.2351013,0.9645922,3974.2319128,6.9705803,1293.8496408,662.3022648,5976.0,4.43,1.06446,262.605271,63.123014,12.9737,603.015,CANDIDATE
1879.01,243335710,PC,13.7045951,5.8535412,10116.0470111,17.0437214,1001.2767573,237.5404319,6531.0,4.22,1.49611,289.861603,59.670112,12.9935,982.768,CANDIDATE
188.01,280830734,APC,1.1619531,0.95926,331.6208111,3.4842503,2358.2580075,7309.4764762,6340.3,4.18,1.66089,44.555588,-70.760786,9.4668,210.812,CANDIDATE
1880.01,359357695,PC,1.7263781,1.7874582,10118.353972,8.0540139,667.2699818,46.8519157,3631.4,4.69,0.556058,182.726187,-75.13193,13.0614,102.608,CANDIDATE
1881.01,59859387,FP,1.1203828,1.665,1901.0,5.96207,2267.0,4388.96,6564.4,4.26,1.47,110.369675,-45.567737,10.2761,294.281,FALSE POSITIVE
1882.01,396368313,PC,3.0898836,1.7898868,5784.3735169,18.4456585,2248.1874488,6037.4156662,8828.7,4.39,1.63132,212.839201,-75.833202,11.2394,708.598,CANDIDATE
1883.01,348755728,CP,4.5063838,2.0392007,12522.9613662,5.5521734,524.924579,17.943561,3477.0,4.74303,0.493576,134.089246,-12.930644,13.3462,115.369,CONFIRMED
1884.01,219879302,PC,6.7822781,2.6460451,10143.2450255,9.0508641,833.6239348,114.1304957,5225.0,4.5,0.882285,261.129456,67.989121,12.6183,340.55,CANDIDATE
1885.01,258510872,CP,6.5440665,3.777,6060.0,14.1513,1176.0,318.224,6232.0,4.03,1.76,304.665223,66.155954,11.9742,560.901,CONFIRMED
1886.01,403136415,PC,2.5128483,2.5536063,18573.9655629,12.8342008,1274.3892523,623.3463235,5744.0,4.51952,0.924044,333.559696,-55.373338,13.0934,529.373,CANDIDATE
1887.01,229586455,PC,2.2001583,1.7564486,1295.5985443,2.5006782,913.1591724,164.3262502,4250.0,4.58048,0.705729,271.368524,75.145628,12.2415,138.272,CANDIDATE
1888.01,459997997,FP,5.547485,5.412,3350.0,11.48,2122.0,3368.08,7397.0,4.1,2.04,156.250032,-60.575142,10.4748,521.829,FALSE POSITIVE
1889.01,139771134,APC,0.9134495,0.9674236,4262.0748689,5.4104686,1369.4455626,831.1895877,4791.0,,0.771805,324.128236,-52.513101,12.5093,211.794,CANDIDATE
189.01,278866211,APC,2.1940608,1.33,5980.0,8.0065,1332.0,523.7,6054.0,4.39416,1.04,100.807811,-55.244376,10.2638,181.879,CANDIDATE
1890.01,288636599,PC,19.9676936,6.280493,6084.3435425,10.0136343,759.6234924,78.6890952,5857.0,4.26,1.26949,279.744502,79.23835,11.6819,372.335,CANDIDATE
1891.01,139198430,APC,15.3617729,1.745,3321.0,14.7142,,51.0242,5984.0,4.30752,1.22,345.630986,-46.085195,9.3059,135.265,CANDIDATE
1892.01,63698669,PC,1837.8897313,5.1231542,784.5879336,2.231604,557.2150449,22.7830749,5256.0,4.55251,0.795285,5.165323,-33.984476,9.9312,97.4697,CANDIDATE
1893.01,264544388,PC,,16.2000201,560.4004393,3.9646898,797.1246051,95.4170227,6996.0,4.29542,1.46151,326.438392,79.613939,8.43389,134.912,CANDIDATE
1894.01,280865159,PC,739.2389832,19.1259714,3106.7675633,6.2876421,197.8803761,0.362353,5611.0,4.37718,1.0692,100.798591,-78.281094,10.7519,178.372,CANDIDATE
1895.01,384159646,PC,748.0739416,5.0652033,4627.3105593,9.5710516,256.91938,1.0296947,6762.0,4.39031,1.37387,243.713459,-81.680597,9.7556,206.229,CANDIDATE
1896.01,174302697,PC,,16.1046282,2816.5224185,8.9556287,1018.8300331,254.6407802,6750.0,4.18569,1.60572,352.17861,47.349521,8.88374,169.851,CANDIDATE
1897.01,420645189,FP,48.5340395,6.661,62170.0,26.827,144.0,0.0730269,5937.0,4.44855,1.03,48.370422,75.268379,10.1374,158.493,FALSE POSITIVE
1897.02,420645189,FP,48.5338626,6.137,4730.0,7.9008,341.0,2.2453,5937.0,4.44855,1.03,48.370422,75.268379,10.1374,158.493,FALSE POSITIVE
1898.01,91987762,CP,45.5221456,4.3839392,3028.5453279,9.7055757,681.5974916,51.0073705,6303.91,4.11765,1.61034,144.5553,23.546746,7.4098,79.6682,CONFIRMED
1899.01,172370679,CP,29.0902271,4.6769826,37562.3332736,12.1826517,323.8830195,2.600601,3854.0,4.63619,0.617863,299.426847,40.143346,12.5826,128.438,CONFIRMED
1918.01,308425348,FP,3.39829,2.634,4340.0,7.06633,1413.0,662.808,6271.0,4.45,1.09,167.582816,-58.982985,12.2876,477.322,FALSE POSITIVE
193.01,183985250,CP,0.7920646,0.466,1464.0,12.9674,1571.0,1013.69,5422.0,4.42223,0.98,358.668877,-37.628224,9.1031,80.4373,CONFIRMED
1937.01,268301217,CP,0.9466787,1.09,16490.0,14.6661,1646.0,1220.35,5707.0,4.39,1.07,116.370721,-52.383259,12.4933,415.135,CONFIRMED
1938.01,128449971,APC,12.7060866,2.4782523,5160.2020899,11.4460032,864.4786335,131.9890966,6200.5,4.33,1.10563,219.389377,-42.0294,10.7347,245.295,CANDIDATE
1939.01,325172035,FP,2.8970202,4.1502336,3080.9239308,,1278.5711929,631.5687933,8862.0,4.1,,177.494824,-63.949071,8.2376,3847.17,FALSE POSITIVE
1940.01,7413227,PC,3.4158668,1.9196262,2841.7825532,19.3376794,1860.4566612,2831.3869926,5986.0,3.66,2.19052,212.647819,-27.993072,9.46381,264.051,CANDIDATE
1941.01,167009792,FP,1.13305,1.073,100.0,2.16887,1536.0,925.999,5883.8,3.77,2.1,95.102051,-66.400466,8.5122,153.896,FALSE POSITIVE
1942.01,308919449,FP,1.6563738,1.741,246.0,1.42047,1566.0,1000.88,5614.1,4.34,1.02,122.61813,-65.852379,9.8146,130.335,FALSE POSITIVE
1943.01,382980571,PC,1.742573,1.962,947.0,3.2459,2157.0,3594.0,5309.7,,0.95,183.704117,-63.086718,10.1598,129.892,CANDIDATE
1944.01,461080504,FP,6.0988471,5.408818,8857.7284148,24.9943945,1566.6261042,1423.581832,7023.2,4.11,1.82219,159.580056,-61.289786,10.9572,525.922,FALSE POSITIVE
1945.01,357536526,FP,1.57363,2.558,710.0,7.59717,3262.0,18801.9,5342.5,4.01,1.66,137.66287,-64.471528,10.6707,279.155,FALSE POSITIVE
1946.01,127315102,FP,10.8458712,3.379,3120.0,21.6846,1516.0,878.752,6670.3,4.29,2.56,217.279625,-43.361979,8.4672,230.033,FALSE POSITIVE
1947.01,460140752,FP,12.0077462,2.818,2921.0,,913.0,115.384,4990.7,,,156.738469,-60.665225,8.9301,,FALSE POSITIVE
1948.01,31268146,FP,3.6473383,4.4572847,162.7642577,1.9083777,1470.447248,1104.8893752,5928.0,4.24,1.47579,88.071315,-70.920308,10.1302,219.482,FALSE POSITIVE
1949.01,334125713,PC,4.6211026,3.882,11700.0,15.4381,1546.0,948.955,6531.7,4.29,1.45,182.772117,-52.672196,9.4306,200.156,CANDIDATE
1950.01,327663613,FP,1.41144,2.509,414.379,,3316.0,20094.8,9208.0,3.85,,189.810101,-69.542013,8.4215,362.573,FALSE POSITIVE
1951.01,356590734,PC,4.829406,2.6761872,8222.9837003,19.9103402,1620.2980383,1628.9232666,5877.5,4.18,1.95583,172.156226,-78.801587,9.8722,278.462,CANDIDATE
1952.01,394509844,FP,6.89132,5.369,5940.0,11.3151,1419.0,673.704,5488.0,4.14,1.41,154.996219,-79.802603,10.5,241.981,FALSE POSITIVE
1953.01,242536549,FP,0.6923563,0.803,810.0,10.6207,3080.0,14950.4,6422.1,3.86,1.85,215.145569,-41.983318,9.5187,253.478,FALSE POSITIVE
1954.01,466113537,PC,4.9064175,6.5416975,1704.6576752,9.7548163,1685.6817323,1908.1975034,7119.5,4.14,1.98083,165.033297,-59.978409,8.9718,232.276,CANDIDATE
1955.01,166184426,FP,16.3152,1.992,2500.0,2.23088,630.0,26.312,3625.0,4.81,0.31,206.105083,-40.336403,11.1825,22.4731,FALSE POSITIVE
1956.01,334911765,FP,0.88958,1.844,1240.0,3.8492,2273.0,4433.23,5586.2,4.21,1.11,213.978422,-62.906643,10.4877,191.877,FALSE POSITIVE
1957.01,302659412,FP,14.5187891,2.897,429.0,3.60283,714.0,43.2598,5844.8,4.13,1.79,134.966386,-67.955597,9.4845,206.826,FALSE POSITIVE
1958.01,356747847,PC,14.6483913,2.352,1323.0,33.3954,865.0,93.0211,4851.6,,5.42,175.33562,-78.163008,9.9055,496.731,CANDIDATE
1959.01,400323948,FP,3.2242808,4.3100077,868.6214414,8.5752112,1222.3580538,527.6121099,4866.2,,2.62415,166.085979,-67.991833,11.0897,407.801,FALSE POSITIVE
196.01,234519192,PC,1.1630372,1.4568603,409.6006588,8.4237328,3797.3512801,49141.0122425,6495.0,3.32048,4.0595698,14.551689,-64.761541,8.0674,292.32,CANDIDATE
1960.01,318828309,PC,5.3418199,4.99,330.0,5.7387,1724.0,1467.54,6466.2,3.7,3.28,173.314149,-60.075995,9.1962,400.718,CANDIDATE
1961.01,179319057,PC,6.7018963,1.874,950.0,5.02216,,109.429,6231.8,4.21,1.52,211.593423,-40.523909,10.0032,240.34,CANDIDATE
1962.01,141663464,FP,1.76447,2.749,2640.0,27.921,3207.0,17578.1,8049.0,3.3,5.08,228.629109,-43.387085,7.185,326.628,FALSE POSITIVE
1963.01,190271688,FP,12.6534664,4.0982077,27095.439949,20.5105778,819.7441326,106.7171624,5394.6,3.77,1.18915,221.343502,-54.761146,10.163,158.09,FALSE POSITIVE
1964.01,242083025,PC,0.6466988,1.0248899,1063.700888,5.8435673,2978.9067943,18610.0980659,6308.3,4.0,1.71404,201.642206,-39.629886,10.7892,405.208,CANDIDATE
1965.01,295354126,FP,2.2778177,3.212,880.0,,4896.0,95451.3,9096.5,,,223.151952,-61.568677,8.177301,401.097,FALSE POSITIVE
1966.01,242120884,PC,0.6227257,1.0110042,565.9410837,6.3159749,3509.3947426,35846.7581896,6390.7,3.83,2.30849,209.982525,-43.327316,9.0492,254.169,CANDIDATE
1967.01,320079492,APC,0.4262223,0.5111692,835.5797306,4.3877473,2918.8715623,17154.6137164,5343.0,4.1,1.4990799,174.845028,-65.176299,9.9666,186.789,CANDIDATE
1968.01,210445631,APC,3.97195,4.297,7670.0,13.8556,,1605.22,6535.3,4.2,1.55,212.193247,-56.322341,10.52,357.686,CANDIDATE
1969.01,293708935,FP,2.6855915,2.0491187,488.2401788,3.5729712,1674.1918061,1856.700481,5796.0,4.14,1.51715,222.333572,-60.080256,8.5941,106.955,FALSE POSITIVE
197.01,441462736,CP,14.278122,8.6972718,827.9264426,8.3566078,789.1468373,91.6541814,5105.0,3.39182,2.90324,353.033186,-21.801201,7.3566,95.5483,CONFIRMED
1970.01,162695785,PC,2.5599667,2.9695871,11049.7594662,17.5040682,1833.2621832,2669.4348198,6432.2,4.11,1.56996,190.720365,-53.688304,11.0048,421.946,CANDIDATE
1971.01,253132689,FP,3.217824,1.735,1288.0,5.84702,1081.0,227.191,5418.0,4.17,1.67,194.769773,-57.253713,10.3345,247.145,FALSE POSITIVE
1972.01,267414551,PC,4.7631,1.838,850.0,4.06445,1026.0,184.105,6105.1,4.12,1.48,176.070255,-59.911853,9.7472,202.033,CANDIDATE
1973.01,47617161,PC,3.9194856,2.3461465,5155.2335962,,1156.0210269,422.069467,5149.0,4.35,,220.4268,-33.826133,10.7565,204.984,CANDIDATE
1974.01,295562522,APC,5.438218,1.675,7830.0,14.7798,987.0,157.789,5342.0,4.09,1.49,171.378387,-67.778575,10.5833,238.426,CANDIDATE
1975.01,467281353,FP,2.8319354,3.21,780.0,4.18335,1531.0,914.113,5408.7,,1.48,168.076087,-60.93258,10.2081,205.367,FALSE POSITIVE
1976.01,329888006,APC,7.6943096,8.903,7400.0,,1536.0,925.441,4956.8,,,212.846611,-50.069977,8.8681,201.2072,CANDIDATE
1977.01,383531859,FP,17.0614756,3.384,2730.0,17.1048027,1158.6125921,425.8669904,9184.7,4.09,2.14183,216.147711,-60.383601,9.5918,437.902,FALSE POSITIVE
1978.01,458856474,FP,6.0783344,4.8904528,16168.288913,16.9877965,998.7280008,235.1310083,8719.5,4.08,1.0,161.140515,-59.737608,5.666,2503.46,FALSE POSITIVE
1979.01,458857720,FP,1.30924,2.535,3370.0,,4208.0,52079.9,8832.5,4.26,,161.046711,-59.92517,9.8678,395.582,FALSE POSITIVE
198.01,12421862,CP,10.2150168,1.9683066,994.1089045,1.4777754,420.9334696,7.4195034,3763.0,4.83739,0.447336,2.271509,-27.121745,9.92801,23.7262,CONFIRMED
1980.01,127793615,FP,9.27898,6.514,9020.0,15.0807,1589.0,1058.72,5898.8,4.08,1.45,218.270079,-43.298512,10.9805,343.388,FALSE POSITIVE
1981.01,378613125,PC,2.4763492,3.593,593.0,4.72716,3064.0,14633.4,8749.3,,2.14,155.59062,-63.65462,10.001,540.252,CANDIDATE
1982.01,437329044,PC,17.1725007,5.016,3610.0,9.89011,897.0,107.942,6617.0,4.21,1.41,207.584824,-23.383379,10.1919,266.509,CANDIDATE
1983.01,89535068,FP,6.1110945,4.2566318,1098.152672,5.873208,1013.3467617,249.203041,5725.0,4.54,1.07235,127.281049,-57.194209,10.3349,162.148,FALSE POSITIVE
1984.01,162246865,FP,0.5646193,1.295,510.0,3.01498,2674.0,8493.1,6237.0,4.24,1.3,168.871533,-44.428987,10.361,252.81,FALSE POSITIVE
1985.01,469212332,APC,30.7864669,3.466,8750.0,23.8125,861.0,112.151,6101.8,,2.05,148.390562,-58.376077,9.9681,332.321,CANDIDATE
1986.01,468997317,APC,7.5043829,4.8967771,12479.7176832,,930.973018,177.5290293,8613.8,,,144.023758,-51.744648,8.135,,CANDIDATE
1987.01,349088467,APC,2.5861465,1.299,2510.0,11.9748,1131.0,271.803,5635.4,3.71,2.33,185.331855,-14.062379,9.62418,273.491,CANDIDATE
1988.01,161156159,FP,2.2818488,3.973,1483.0,7.2854,1940.0,2351.9,5368.0,,2.15,190.132487,-48.740903,10.1854,299.378,FALSE POSITIVE
1989.01,324395151,FP,3.4551479,5.7444704,5191.7260014,,1205.6461821,499.3447666,8046.5,4.12,,176.866343,-64.882975,10.2581,1541.16,FALSE POSITIVE
199.01,309792357,CP,104.8729635,6.554,12183.0,10.223,358.0,2.75278,5350.0,4.52347,0.88,80.105873,-59.895433,10.0391,102.27,CONFIRMED
1990.01,457939414,FP,3.7899524,5.5268401,4345.4373432,11.7871267,1263.4194534,602.1590809,5579.5,4.22,1.10456,158.670633,-59.748482,10.1574,171.127,FALSE POSITIVE
1991.01,82707763,FP,6.6570835,5.285,7164.0,14.8934,1336.0,528.884,5805.6,4.13,1.73,169.958638,-51.866071,10.1405,268.254,FALSE POSITIVE
1992.01,147340931,FP,4.31224,2.704,4990.0,12.3576,1414.0,664.873,,,1.72,162.91688,-44.984741,10.5287,375.933,FALSE POSITIVE
1993.01,453464017,FP,3.9416903,2.537,12840.0,19.6321,1722.0,1460.48,6190.4,4.15,1.48,152.28015,-72.798117,10.248,290.78,FALSE POSITIVE
1994.01,445903569,CP,4.0337201,3.48,2868.0,11.5159,1841.0,1910.26,7369.0,4.27,2.22,147.174575,-51.756564,10.2396,515.603,CONFIRMED
1995.01,299023386,PC,3.1056464,1.772,800.0,13.2277,1546.0,949.504,7804.8,3.78,4.44,143.466387,-53.561643,9.8153,873.401,CANDIDATE
1996.01,275384718,FP,7.72433,8.03,7120.0,20.0285,1630.0,1173.53,6249.4,4.19,2.32,178.547176,-46.896887,10.2372,422.884,FALSE POSITIVE
1997.01,142378043,PC,1.8359766,1.062,1073.0,5.11603,1363.0,573.168,6311.5,4.17,1.61,181.632505,-31.645713,9.8916,254.439,CANDIDATE
1998.01,429295277,FP,1.10833,2.288,1060.0,4.58274,2270.0,4415.23,5972.0,4.08,1.4,184.259218,-51.075153,10.186,218.438,FALSE POSITIVE
1999.01,447206604,APC,7.2133579,2.345,8814.0,21.2234,,271.595,5843.0,4.33,1.16,156.995108,-48.428547,10.4109,183.691,CANDIDATE
200.01,410214986,CP,8.1382222,3.2797025,3852.0299874,6.1757682,836.7056912,115.8275563,5414.0,4.438,0.951985,354.915467,-69.196043,7.8541,44.0622,CONFIRMED
2000.01,371188886,CP,9.1270519,3.549,4568.0,8.34235,970.0,147.466,5400.0,4.43,1.18,146.397063,-66.686631,10.3579,175.713,CONFIRMED
2000.02,371188886,CP,3.098367,1.963,496.0,2.47118,1185.0,328.067,5400.0,4.43,1.18,146.397063,-66.686631,10.3579,175.713,CONFIRMED
2001.01,118084044,PC,2.7435213,1.8047048,1518.9012847,22.0496668,3128.1792663,22630.1553062,7896.3,3.6,3.9611499,128.181355,-58.575511,8.9578,500.027,CANDIDATE
2002.01,356453768,FP,2.3330349,3.005,2795.0,15.6213,2951.0,12107.6,5986.5,4.32,1.56,134.190203,-61.371461,10.4879,296.179,FALSE POSITIVE
2003.01,58463434,PC,,3.529,3860.0,15.7171,1040.0,194.656,7043.2,3.98,2.46,201.527127,-27.41256,9.6569,379.972,CANDIDATE
2004.01,439610306,FP,1.79988,3.518,180.0,3.32197,2505.0,6540.68,6136.9,3.85,2.46,143.46695,-55.175763,9.0607,258.885,FALSE POSITIVE
2005.01,147660886,PC,17.3057923,4.1729767,2807.066874,12.4978402,1221.3889754,525.9409472,6995.5,4.1,2.2275901,164.031654,-43.376697,9.4916,328.475,CANDIDATE
2006.01,41173048,FA,6.40938,2.356,280.0,10.1474,740.0,50.0267,4650.0,2.54,8.3,91.22465,-69.360322,9.2225,485.257,FALSE POSITIVE
2007.01,219466784,PC,,9.1654068,912.2762923,3.1563904,282.0314027,1.4952399,5249.0,4.48682,0.895408,209.858415,74.151228,10.199,115.409,CANDIDATE
2008.01,70887357,FP,723.8345008,7.382946,3119.2983693,13.1361697,275.2869842,1.3572621,5463.0,3.77778,1.94771,63.857632,-16.902144,8.64807,139.212,FALSE POSITIVE
2009.01,243187830,PC,1071.0898448,2.1734134,865.169438,2.2407785,276.8338183,1.3880259,4755.33,4.62683,0.701499,16.908292,22.952868,7.3551,20.5272,CANDIDATE
201.01,350618622,CP,52.9781419,4.7965246,6347.2690959,11.4471492,598.2132842,30.2653161,6461.8,4.35,1.33031,87.401782,-54.910423,8.5822,113.825,CONFIRMED
201.02,350618622,PC,5.8492379,3.257,109.0,1.18919,1237.0,389.669,6461.8,4.35,1.33,87.401782,-54.910423,8.5822,113.825,CANDIDATE
2010.01,26547036,CP,1134.6723963,8.6844623,11679.2159464,11.7582195,437.2015486,8.6347102,5842.0,4.39929,1.0735199,292.166942,53.487369,9.26693,109.19,CONFIRMED
2013.01,188589164,CP,2.6162769,1.134893,1120.6014184,1.0972867,533.2271643,19.1060128,3352.0,4.8984,0.325635,239.577568,35.408114,10.2705,15.8095,CONFIRMED
2015.01,368287008,CP,3.3491408,1.207,7210.0,5.37673,657.0,31.0153,3223.0,4.89993,0.32,232.132653,27.361073,12.8387,47.3444,CONFIRMED
2016.01,219508169,PC,6.8161105,2.718,1377.0,2.98458,850.0,86.7877,5175.0,4.54,0.84,246.797267,42.687767,10.408,115.834,CANDIDATE
2016.02,219508169,PC,2.4590369,1.862,1179.0,2.74738,1160.0,301.374,5175.0,4.54,0.84,246.797267,42.687767,10.408,115.834,CANDIDATE
2016.03,219508169,PC,25.3369848,3.214,1330.0,3.23582,624.0,25.3267,5175.0,4.54,0.84,246.797267,42.687767,10.408,115.834,CANDIDATE
2017.01,357416482,FP,5.49826,2.04,12929.0,16.2801,,232.345,6362.6,,1.34,228.949819,27.36181,8.2057,115.605,FALSE POSITIVE
2018.01,357501308,CP,7.4355709,2.3450321,1310.6803156,2.2761564,576.3403106,26.0757607,4218.9,4.67,0.622512,229.837442,29.207877,8.962,27.9956,CONFIRMED
2019.01,159781361,CP,15.3468182,6.425,665.0,3.99579,933.0,126.052,5588.0,3.92293,1.8,234.431765,48.955206,9.6087,198.007,CONFIRMED
202.01,355509914,PC,1.7386695,1.1898354,13710.7615026,9.455763,1153.8594476,418.9214934,4746.0,4.52746,0.820258,15.52504,-59.087724,14.6723,627.339,CANDIDATE
2022.01,11996814,FP,0.4487349,2.8757897,3572.0328032,5.8054498,1408.021727,928.877466,3975.0,4.62844,0.627144,31.17055,65.289331,11.6484,89.3047,FALSE POSITIVE
2023.01,16884216,APC,11.1900486,2.9741507,567.7989939,1.6608182,602.7435196,31.192573,4958.0,4.66667,0.695992,232.863345,33.902516,8.5049,36.9284,CANDIDATE
2025.01,394050135,CP,8.8720542,3.6593396,6144.296801,11.9849813,1098.1716895,343.7177625,6042.0,4.15,1.47996,282.795256,82.245414,10.9461,335.985,CONFIRMED
2026.01,407059875,PC,7.1925327,2.551,1180.0,2.5719,821.0,75.7071,5050.0,4.59,0.77,5.469534,66.168119,10.5782,108.076,CANDIDATE
2027.01,335996558,FP,1.46329,2.431,750.0,3.54656,2149.0,3541.21,6168.0,4.29,1.28,333.331904,62.857385,10.5027,238.061,FALSE POSITIVE
2028.01,336456596,FP,0.77871,1.458,670.0,6.16036,2789.0,10057.7,7751.0,4.0,2.25,334.434433,62.465008,10.9141,609.996,FALSE POSITIVE
2029.01,445254275,FP,2.57134,3.824,920.0,10.7406,2382.0,5344.87,7125.0,3.54,3.56,12.216148,59.386718,10.9415,910.693,FALSE POSITIVE
203.01,259962054,FA,51.94509,8.094,2534.0,0.705818,402.0,4.34593,3203.0,5.01682,0.23,43.018076,-67.687016,12.2423,24.7894,FALSE POSITIVE
2030.01,422656370,APC,1.3254567,0.975,3365.0,14.4076,1470.0,776.933,5778.0,3.74,2.29,349.672086,68.299217,10.8489,367.355,CANDIDATE
2031.01,470127886,PC,5.7156075,4.0584797,12240.9298817,13.6015651,1207.9176608,503.1185454,6664.0,4.44,1.18444,331.117808,81.565951,10.7609,276.105,CANDIDATE
2032.01,470159478,APC,17.0096703,2.228,4730.0,13.5294,,63.3708,6542.0,,1.5,333.311732,81.739729,10.9293,293.0,CANDIDATE
2033.01,53617134,PC,18.8243063,4.397,1915.0,8.51397,860.0,90.9855,7014.0,4.05,1.95,17.680098,65.249648,9.46221,281.184,CANDIDATE
2034.01,427279997,FP,2.89453,3.327,550.0,6.20845,2743.0,9411.16,9714.0,3.98,2.68,351.380744,54.601182,10.5682,909.511,FALSE POSITIVE
2035.01,53709089,PC,8.51226,3.068,620.0,5.90105,,872.772,9387.0,,2.35,17.73671,61.092107,9.1196,359.404,CANDIDATE
2036.01,368320811,PC,1.261045,1.246,384.0,4.24615,1807.0,1770.66,6549.0,3.89,2.18,233.014923,24.085016,8.97913,231.827,CANDIDATE
2037.01,405559035,PC,11.1516668,4.623,580.0,2.91771,1056.0,206.982,6319.0,4.38,1.19,234.861293,55.153498,10.67,263.958,CANDIDATE
2037.02,405559035,PC,5.5470937,3.4350999,550.6948044,2.8717764,1183.747051,464.0413077,6319.0,4.38,1.1913199,234.861293,55.153498,10.67,263.958,CANDIDATE
2038.01,235937532,APC,3.7321195,5.738,4180.0,19.158,2421.0,5711.67,6570.0,3.68,2.8,293.914601,81.554791,10.5352,603.172,CANDIDATE
2039.01,237071229,PC,11.2479927,3.142,1277.0,4.96692,895.0,106.719,6308.0,4.19,1.48,307.022746,61.871411,10.4719,276.053,CANDIDATE
204.01,281781375,PC,43.8297863,4.3011392,647.2685163,2.8243863,507.3369958,15.6569489,5605.0,4.39973,1.03654,12.97601,-59.343647,9.2182,95.3428,CANDIDATE
2040.01,427730490,PC,3.8608551,2.571,14670.0,11.2224,995.0,163.361,5019.0,4.43,0.92,352.27473,71.506474,10.8407,144.717,CANDIDATE
2041.01,54364414,FP,1.37477,1.601,960.0,3.0101,1612.0,1122.82,5825.0,4.44,1.02,19.234846,62.35169,10.4608,177.331,FALSE POSITIVE
2042.01,269424395,FP,2.41872,2.685,1160.0,7.23529,1778.0,1660.52,6535.0,3.9,2.16,350.369407,60.801171,10.9518,511.22,FALSE POSITIVE
2043.01,346929661,PC,12.0135752,4.274,1171.0,3.7307,964.0,143.432,6178.0,4.33,1.23,0.977557,59.334681,10.1976,203.562,CANDIDATE
2044.01,270333769,FP,4.1207509,2.158,973.0,7.46471,1963.0,2466.19,9953.0,4.09,2.38,351.880281,61.392515,10.4887,664.006,FALSE POSITIVE
2045.01,347013211,PC,9.07763,5.928,5912.0,12.6842,1236.0,388.441,6125.9,4.03,1.72,1.119248,54.934497,10.7799,366.962,CANDIDATE
2046.01,468574941,CP,1.4971447,2.4024159,16266.2491958,16.2528494,1828.8199186,2643.654975,6081.0,4.31,1.2431901,16.184942,74.331306,10.996,289.668,CONFIRMED
2047.01,363761216,FP,7.4072602,3.019,14765.0,14.7857,1116.0,258.039,5887.0,4.35,1.14,5.867146,71.158807,10.4708,196.538,FALSE POSITIVE
2048.01,159873822,CP,13.7905315,3.301,1140.0,2.60168,646.0,29.035,5021.6,4.6,0.76,237.924107,52.306308,10.7545,116.567,CONFIRMED
2049.01,314835525,PC,5.30329,3.707,1200.0,11.7443,1299.0,473.142,6054.7,3.41,3.48,346.90982,56.694513,10.6568,571.487,CANDIDATE
205.01,281575427,PC,4.2529842,3.138,283.0,2.26991,1399.0,636.914,6222.5,4.06,1.45,7.975464,-56.965081,9.4525,177.759,CANDIDATE
2050.01,316468545,PC,13.5970194,2.781,604.0,2.03572,708.0,41.8338,5985.0,4.59,0.88,323.908297,65.437536,9.70362,113.725,CANDIDATE
2051.01,375850439,PC,1.1633325,1.7800569,384.9566815,5.5717234,4559.9324771,102177.3532273,11265.0,4.07,2.61707,336.295039,67.971168,10.6234,809.88,CANDIDATE
2052.01,1100766816,FP,1.62263,1.555,1630.0,4.33692,1439.0,713.443,5016.1,,1.01,238.501017,19.596887,10.0943,115.724,FALSE POSITIVE
2053.01,315755496,FP,4.27808,1.9576205,1096.6013542,17.8096125,1222.901639,528.551257,4772.0,,5.2787499,310.331372,82.435302,10.5008,583.511,FALSE POSITIVE
2054.01,378355116,FP,3.5684459,2.934,939.0,5.87762,1928.0,2297.53,8124.0,,2.08,358.248392,60.481667,10.7633,,FALSE POSITIVE
2055.01,322062001,APC,4.6981739,2.36,7417.0,31.434,,1344.6,6782.0,,1.61,324.238857,69.283946,10.6526,376.423,CANDIDATE
2056.01,396356111,APC,10.2207,3.848,300.0,2.95608,1081.0,226.74,6748.7,4.13,1.72,2.599567,58.489439,7.3307,92.8913,CANDIDATE
2057.01,229888286,PC,5.5986337,5.3892498,2541.1751726,9.9822897,1195.2228223,482.2991657,6081.3,,1.83732,226.116513,28.215715,10.7165,255.849,CANDIDATE
2058.01,326732851,FP,1.51567,2.281,750.0,14.18,1605.0,1102.82,4963.0,,4.96,359.678289,62.625907,10.5365,550.191,FALSE POSITIVE
2059.01,403308915,FP,3.7543552,1.878,470.0,4.6716,1539.0,931.407,8398.0,4.27,1.75,5.198855,55.542814,10.1731,385.274,FALSE POSITIVE
206.01,55650590,CP,0.7363132,0.6736853,1322.5461054,1.5332682,840.1706554,117.7581671,3358.0,4.438,0.351676,73.73822,-62.521874,12.4312,47.7465,CONFIRMED
2060.01,285542903,FP,2.2657506,3.419,388.0,8.00485,3256.0,18671.1,10125.0,3.62,4.14,13.27005,60.618112,9.8722,914.062,FALSE POSITIVE
2061.01,327577308,FP,1.45655,1.51,580.0,1.83776,1273.0,436.167,4475.0,4.59,0.7,4.747716,56.367066,10.636,78.9495,FALSE POSITIVE
2062.01,373785851,FP,4.04163,1.719,3100.0,13.1608,1163.0,304.098,6895.0,3.87,2.36,27.778642,63.081422,10.155,419.142,FALSE POSITIVE
2063.01,334811204,PC,21.07626,2.124,1890.0,11.6504,660.0,31.6166,7577.0,3.9,2.46,331.70177,63.599044,10.3499,514.968,CANDIDATE
2065.01,356710041,APC,,12.5551812,1341.1309509,10.443271,1105.1977778,352.5989492,5701.43,3.56597,2.7564499,192.577265,26.159536,9.0024,234.294,CANDIDATE
2066.01,141663460,FP,1.76442,2.749,8800.0,23.0,3189.0,17176.2,9277.7,,2.26,228.631968,-43.385063,8.522,326.04,FALSE POSITIVE
2067.01,147951030,PC,8.8128067,2.325,787.0,2.33219,749.0,52.4568,5491.0,4.5359,0.88,167.865299,71.540754,10.4547,138.308,CANDIDATE
2068.01,417931300,CP,7.7690887,2.6251447,1416.7912077,2.3663308,481.070845,12.6577686,3700.0,4.70036,0.542573,186.27356,60.418346,11.1806,52.9328,CONFIRMED
2069.01,198187049,PC,5.9214229,2.4606208,140.4285921,1.0470381,847.8110943,122.1004834,5268.0,4.56138,0.823126,245.728968,61.694836,7.9726,38.6215,CANDIDATE
207.01,260271203,FP,5.6492853,4.0424046,44346.559983,26.5608527,1144.213679,405.0881542,5963.0,4.31132,1.21025,94.218082,-58.229798,13.4734,969.506,FALSE POSITIVE
2070.01,233182695,PC,6.3839247,1.5808909,358.7464972,2.2843976,1062.7584328,301.4805095,5849.0,4.33017,1.16353,219.043374,68.940695,9.74428,148.003,CANDIDATE
2071.01,198360694,PC,5.6739336,2.8074156,641.2779235,2.587582,1029.3310585,265.3024804,5873.3,4.46212,1.00286,256.601181,57.661033,11.04,231.311,CANDIDATE
2072.01,900715901,PC,3.167981,1.352,970.0,,661.0,31.7519,3546.0,4.93943,,173.986546,75.546629,11.6434,39.1185,CANDIDATE
2073.01,441642457,PC,53.1991439,6.2024225,591.4602835,2.8396233,514.56613,16.568599,5729.0,4.32178,1.15632,209.882326,58.93291,9.45253,123.946,CANDIDATE
2074.01,158075010,PC,177.5830512,4.7901443,456.0908234,3.5953731,443.7085028,9.1603487,6594.0,4.16825,1.59978,218.184395,43.756428,8.38689,131.275,CANDIDATE
2075.01,23814735,PC,4.7981694,2.1425123,1051.0675882,2.3133532,669.0065237,47.3415434,4065.0,4.59496,0.667797,210.044615,38.705641,11.1345,74.1469,CANDIDATE
2076.01,27491137,CP,10.3563596,3.4814933,923.942127,2.4103206,671.7367777,48.1191014,5149.6,4.6,0.772148,217.392016,39.790399,8.3745,41.9091,CONFIRMED
2076.02,27491137,CP,35.1257472,2.839,2066.0,3.17021,388.0,3.78846,5149.6,4.6,0.77,217.392016,39.790399,8.3745,41.9091,CONFIRMED
2076.03,27491137,CP,21.0153047,4.315,2072.0,3.78219,641.0,28.033,5149.6,4.6,0.77,217.392016,39.790399,8.3745,41.9091,CONFIRMED
2077.01,230075227,PC,6.1155829,1.941,322.0,1.56167,979.0,152.993,5284.0,4.54246,0.85,244.376954,68.894664,9.7807,91.8282,CANDIDATE
2078.01,159244568,FA,6.2772478,1.5325014,910.5215536,2.5385441,816.9663784,105.278027,5244.0,4.58339,0.800741,227.179973,82.446925,11.0372,151.103,FALSE POSITIVE
2079.01,224298134,PC,1.4923179,1.1558314,669.71826,1.2607994,773.6710387,84.6732757,3577.0,4.75448,0.480553,185.338193,57.752364,10.8515,37.066,CANDIDATE
2079.02,224298134,PC,9.3174113,1.7011801,1790.5546209,2.0623382,420.1570972,7.3649163,3577.0,4.75448,0.480553,185.338193,57.752364,10.8515,37.066,CANDIDATE
208.01,314865962,PC,22.4586196,7.1989719,445.0003089,2.1229458,615.4050768,33.8973151,5493.0,4.43001,0.978381,53.28158,-72.744051,10.3539,148.372,CANDIDATE
2080.01,367739494,PC,63.5809449,3.6561358,1446.5029644,3.0597346,339.8006415,3.1507778,4868.0,4.61964,0.72252,250.382981,80.04588,11.4547,141.436,CANDIDATE
2081.01,321669174,CP,10.5054362,2.4850401,1320.6016253,1.947929,432.3359777,8.2567001,3742.0,4.72382,0.515547,264.302263,53.025567,11.642,62.3446,CONFIRMED
2081.02,321669174,PC,5.1097197,1.6354976,540.1814411,1.3996848,549.743853,21.5855207,3742.0,4.72382,0.515547,264.302263,53.025567,11.642,62.3446,CANDIDATE
2082.01,160039081,PC,30.2004765,4.517,520.0,2.6056,668.0,33.1236,6004.0,4.36245,1.15,241.581203,53.514641,7.8206,63.7194,CANDIDATE
2083.01,233633993,PC,17.969639,4.238817,1231.0381518,3.0570342,494.7274115,14.1574455,4410.0,4.507,0.767286,284.767733,60.154455,11.8737,146.594,CANDIDATE
2084.01,441738827,CP,6.0784031,2.117,1810.0,2.07448,554.0,15.739,3630.0,4.76664,0.47,259.254539,72.747023,13.3257,114.549,CONFIRMED
2084.02,441738827,FP,8.1490285,2.3210553,2850.6795113,2.5781465,441.633629,8.990204,3630.0,4.76664,0.466766,259.254539,72.747023,13.3257,114.549,FALSE POSITIVE
2085.01,103633672,PC,,6.7940415,1885.160909,3.4610442,277.6606693,1.4046835,5134.0,4.57244,0.799051,152.223473,70.394557,9.8499,84.5772,CANDIDATE
2086.01,230387153,PC,41.7540004,4.491,820.0,2.75297,468.0,7.9761,5337.0,4.48036,0.91,285.921685,65.785672,11.316,202.265,CANDIDATE
2086.02,230387153,PC,20.261655,2.9685197,612.9485468,2.4206095,598.3529678,30.2935939,5337.0,4.48036,0.914083,285.921685,65.785672,11.316,202.265,CANDIDATE
2087.01,219462190,PC,,16.0960466,548.082765,2.2664482,423.9008895,7.6309448,5647.0,4.48001,0.953815,208.052955,75.165261,10.0537,131.542,CANDIDATE
2088.01,441765914,CP,124.72987,7.2967692,1781.9160024,3.5130935,292.6629465,1.7337719,4902.0,4.5026,0.831423,261.374894,75.88228,10.8812,126.46,CONFIRMED
2089.01,341815197,PC,49.9950015,5.109,1080.0,2.65286,434.0,5.92112,5274.27,4.61038,0.78,267.307163,54.415932,11.5509,187.927,CANDIDATE
209.01,52204645,APC,4.3794298,1.6639354,969.6957616,2.3149088,845.782334,120.9359556,4892.0,4.50955,0.742779,19.394178,-66.903066,10.8545,113.387,CANDIDATE
2090.01,233721037,PC,230.92212,15.8602661,284.9247434,3.6785805,459.2148716,10.5095659,6395.0,3.89312,2.1204,276.394048,64.636881,8.80613,203.217,CANDIDATE
2091.01,219778329,PC,177.2188871,5.5590645,294.429628,2.0323111,347.4769843,3.4452852,5809.0,4.33351,1.15025,263.852071,64.380132,8.1529,70.2105,CANDIDATE
2092.01,393965778,PC,4.3032642,2.5737232,710.7656808,2.66568,1042.0,195.793,5468.73,4.37458,1.05,212.547487,45.563868,10.6375,176.759,CANDIDATE
2093.01,402898317,PC,53.8108713,4.2655099,965.1696621,2.2249096,337.4556203,3.0646979,4455.0,4.55621,0.730261,302.737523,70.869653,10.6699,82.7982,CANDIDATE
2094.01,356016119,PC,18.7931749,1.09889,1844.6985474,1.7151271,297.7046646,1.8563658,3457.0,4.84825,0.376775,254.142533,70.027316,12.2669,50.0248,CANDIDATE
2095.01,235678745,CP,17.664866,2.7644951,736.3925122,1.2984859,351.2711274,3.5982457,3746.0,4.76979,0.463205,285.636524,75.418514,11.0788,41.9176,CONFIRMED
2095.02,235678745,CP,28.1722501,3.3983448,950.5653623,1.4475246,300.6575117,1.9311199,3746.0,4.76979,0.463205,285.636524,75.418514,11.0788,41.9176,CONFIRMED
2096.01,142748283,CP,3.1190716,1.1585974,2964.5828911,1.6229796,454.5004101,10.0845871,3285.0,4.98992,0.247331,151.618699,74.827211,13.4764,48.4809,CONFIRMED
2096.02,142748283,CP,6.3878202,1.4551851,5857.0164704,2.041471,357.8973634,3.8775285,3285.0,4.98992,0.247331,151.618699,74.827211,13.4764,48.4809,CONFIRMED
2097.01,279982557,FP,1.7890217,1.9190564,391.6251669,1.6741803,1237.8242135,554.8261181,5264.0,4.59586,0.791524,297.393769,66.293958,11.6685,198.345,FALSE POSITIVE
2098.01,356700488,PC,,12.4131426,230.8387014,2.4661884,491.7838032,13.8234959,7788.0,4.32577,1.5457799,254.455649,68.699581,8.20773,148.944,CANDIDATE
2099.01,230386397,FP,19.5078657,4.603,1770.0,3.92839,780.0,61.4917,4316.0,4.56,0.71,285.786011,64.230256,11.2011,95.3985,FALSE POSITIVE
210.01,141608198,PC,9.0105414,1.8443264,4125.0713,2.1513682,345.2246743,3.3568205,3275.0,4.438,0.330146,88.96184,-73.985288,12.5395,42.8091,CANDIDATE
2100.01,219436394,PC,23.6573994,2.308778,1180.9350567,3.0681221,561.884745,23.5564568,5535.0,4.57126,0.846615,205.59347,76.647981,10.8676,163.982,CANDIDATE
2101.01,165527918,PC,9.0753271,3.6156842,586.9172699,2.5831328,849.1403218,122.8680194,5619.0,4.44,0.997589,266.13371,54.090971,10.6397,178.427,CANDIDATE
2102.01,289590465,PC,6.7060238,1.6782365,542.9365808,2.12647,808.0950027,100.7791488,5292.0,4.58201,0.807811,253.442793,65.293961,11.4106,183.737,CANDIDATE
2102.02,289590465,PC,,3.3394704,1474.5340825,3.219425,213.6889395,0.4927756,5292.0,4.58201,0.807811,253.442793,65.293961,11.4106,183.737,CANDIDATE
2103.01,160491359,PC,2.6620728,1.7235054,220.9994213,1.2172175,1031.3932912,267.4349792,4884.0,4.54,0.799716,239.016918,73.07392,10.3366,95.5156,CANDIDATE
2103.02,160491359,PC,20.2926468,3.7402567,319.9395199,1.7004976,524.0644631,17.826244,4884.0,4.54,0.799716,239.016918,73.07392,10.3366,95.5156,CANDIDATE
2104.01,367630162,PC,3.2723118,1.815,464.0,1.46772,947.0,133.517,4907.0,4.62,0.72,151.612215,83.08784,10.0556,76.7418,CANDIDATE
2104.02,367630162,PC,5.904369,2.653,351.0,1.35959,846.0,85.3357,4907.0,4.62,0.72,151.612215,83.08784,10.0556,76.7418,CANDIDATE
2104.03,367630162,PC,15.1808746,2.808,689.0,1.86864,574.0,18.1396,4907.0,4.62,0.72,151.612215,83.08784,10.0556,76.7418,CANDIDATE
2104.04,367630162,PC,1.9803146,1.66,306.0,1.16969,1160.0,301.491,4907.0,4.62,0.72,151.612215,83.08784,10.0556,76.7418,CANDIDATE
2104.05,367630162,PC,9.56111,3.0128111,381.556764,1.6790876,643.7214903,40.5800926,4907.0,4.62,0.723757,151.612215,83.08784,10.0556,76.7418,CANDIDATE
2105.01,156199502,PC,15.9152686,1.1393111,652.5574248,2.2277479,561.0187018,23.4115602,4718.0,4.49012,0.821067,181.064438,83.438034,9.8565,72.9091,CANDIDATE
2106.01,393911494,FP,0.6332593,0.8622011,1191.4597195,5.3027904,2032.1990726,4030.7512475,5590.0,4.45374,0.976212,207.178453,44.911752,9.85649,121.167,FALSE POSITIVE
2107.01,446549906,CP,2.45457,2.39,19250.0,14.183,1322.0,508.468,5565.0,4.45,0.97,286.796541,-58.696835,11.3819,236.705,CONFIRMED
2108.01,347538174,APC,6.8019625,2.9121651,15465.6374163,29.3148832,1207.2104771,501.9413628,6300.0,4.22,1.42268,247.481601,21.495162,10.223,251.884,CANDIDATE
2109.01,392476080,CP,0.67249,1.801,7890.0,15.7288,3053.0,14429.0,6647.0,4.12,1.7,253.186297,16.579915,9.78569,262.041,CONFIRMED
211.01,300293197,APC,6.5638575,1.7124147,2132.1775602,7.6270781,1003.4097296,239.5709931,5873.97,4.35182,1.08871,110.279707,-68.578366,9.4906,121.321,CANDIDATE
2110.01,394029948,FA,32.76639,6.089,500.0,3.20531,693.0,38.3962,6073.0,4.21,1.39,282.229631,78.568946,9.69902,182.323,FALSE POSITIVE
2111.01,356235833,FP,1.2680452,1.027,538.0,2.24707,1320.0,504.879,5477.0,4.46,0.95,260.096376,20.281856,9.1597,83.1749,FALSE POSITIVE
2112.01,427320001,PC,14.0120582,5.9348633,751.5203056,4.4835127,1091.1652269,335.0295174,7184.0,4.25,1.58046,343.854335,70.29729,7.1776,86.1058,CANDIDATE
2112.02,427320001,PC,155.8237,10.641846,1164.4006092,5.5521957,902.0914695,156.5032302,7184.0,4.25,1.58046,343.854335,70.29729,7.1776,86.1058,CANDIDATE
2113.01,1400212743,FP,5.24612,4.194,1030.0,5.61881,1220.0,368.522,5286.9,,1.76,267.354593,40.457105,10.5163,250.755,FALSE POSITIVE
2114.01,9828416,PC,6.2099619,4.49,4090.0,14.369,1670.0,1293.02,6382.0,3.9,2.1,261.096395,33.205073,9.8251,317.845,CANDIDATE
2115.01,54464870,FP,3.6944323,4.915,312.0,3.05838,2433.0,5824.87,8153.0,4.09,2.11,19.595393,63.545086,8.29254,213.097,FALSE POSITIVE
2116.01,422838133,FP,5.3089937,5.876,531.0,3.29803,1883.0,2090.71,6927.0,4.18,1.65,23.829473,72.936844,9.68129,239.945,FALSE POSITIVE
2117.01,279212407,FP,28.6620782,4.351,2600.0,12.4971,921.0,119.851,6280.0,4.05,1.72,25.690461,65.895769,9.98272,255.917,FALSE POSITIVE
2118.01,17416749,FP,2.34483,1.417,370.0,4.2647,1367.0,580.577,6398.0,3.89,2.13,242.201,35.691135,8.63532,186.825,FALSE POSITIVE
2119.01,236387002,CP,7.2008611,2.03,50063.0,12.0629,491.0,9.67439,3606.0,4.74,0.5,244.429882,26.304211,10.3978,31.4006,CONFIRMED
212.01,206609630,APC,0.3352715,0.7189856,19687.8213975,4.4688,2623.6739175,11198.5149308,3332.0,4.94964,0.3,22.550024,-59.583246,12.5595,,CANDIDATE
2120.01,389900760,CP,5.7998189,1.014374,8567.3390223,2.6346124,354.6027378,3.7367095,3179.0,4.99978,0.240233,23.507315,65.513988,12.8233,32.1755,CONFIRMED
2121.01,88996391,APC,2.3195654,2.0259086,19508.6953576,12.4030722,953.6736208,195.4879901,4325.66,4.438,0.628365,263.944366,36.196492,11.9441,,CANDIDATE
2123.01,105840719,PC,10.3088514,3.8012836,2122.245998,4.0217464,729.1224998,66.7917777,5432.0,4.56341,0.843702,243.940883,17.023904,9.5373,86.2732,CANDIDATE
2128.01,21832928,CP,16.3413889,5.3764481,372.0970618,2.629079,777.2060824,86.231465,5991.11,4.37711,1.12506,256.9818,32.105303,6.6813,36.578,CONFIRMED
213.01,234345288,PC,23.5199045,3.222,1243.0,2.30502,500.0,10.453,4566.4,4.93,0.67,38.887291,-71.624247,9.7806,54.3256,CANDIDATE
213.02,234345288,PC,7.7565534,2.4341043,286.2558604,1.1359985,629.8978948,37.2050274,4566.4,4.93,0.672062,38.887291,-71.624247,9.7806,54.3256,CANDIDATE
2133.01,39200363,PC,3.8266587,2.0605848,1181.8154296,2.4536347,765.3931102,81.1071602,4175.0,4.54,0.716312,261.243831,32.798397,10.8571,75.1973,CANDIDATE
2134.01,75878355,CP,9.2292078,2.817,1606.0,3.21883,690.0,37.6631,4406.0,4.50428,0.77,271.935501,39.072927,7.7945,22.6202,CONFIRMED
2134.02,75878355,CP,95.8531625,5.024,5975.0,5.95763,356.0,2.69104,4406.0,4.50428,0.77,271.935501,39.072927,7.7945,22.6202,CONFIRMED
2136.01,336128819,CP,7.8519082,1.6318726,3873.9591492,2.1705803,379.2777558,4.8904688,3384.0,4.87998,0.34388,281.176343,36.563132,11.7371,33.3631,CONFIRMED
2137.01,23059280,APC,14.1502269,3.8264451,41358.8663923,18.6317683,617.9412206,34.4595552,4882.0,4.45655,0.873952,274.143956,34.173012,12.2186,244.755,CANDIDATE
2138.01,336267424,FP,1.4821845,2.5956827,16269.2562793,27.5079498,2029.0310837,4005.675856,6835.31,4.37191,1.31284,281.6619,41.56002,12.5466,772.026,FALSE POSITIVE
214.01,167415965,PC,18.5537012,3.438,448.0,1.57606,623.0,25.0891,5346.2,4.6,0.8,99.458741,-70.931327,8.0089,38.96,CANDIDATE
214.02,167415965,PC,9.695961,2.772,122.0,0.808552,794.0,66.2914,5346.2,4.6,0.8,99.458741,-70.931327,8.0089,38.96,CANDIDATE
2141.01,287256467,CP,18.2616878,3.434,971.0,2.85973,767.0,57.4643,5674.0,4.49483,0.94,258.762346,18.340345,8.8975,77.682,CONFIRMED
2142.01,44313455,PC,9.3004351,2.3510062,1595.2088627,1.5550304,374.0815959,4.6279256,3472.0,4.86042,0.363966,267.046624,15.980109,11.0768,27.7525,CANDIDATE
2143.01,103195323,PC,5.5899401,5.032,3840.0,12.1202,1818.0,1816.63,7437.0,4.09,1.95,62.572982,75.170931,10.1041,378.684,CANDIDATE
2144.01,428988981,PC,37.3415931,5.351,766.0,2.1417,528.0,12.9381,5452.0,4.53224,0.88,350.25314,79.441782,9.90667,105.806,CANDIDATE
2145.01,88992642,CP,10.2611329,7.369,1900.0,12.2521,1327.0,515.939,6202.0,3.63,2.78,263.758075,40.695043,8.55942,224.731,CONFIRMED
2146.01,158916431,FP,5.8924856,3.134,4530.0,17.4655,1853.0,1958.56,7272.0,4.0,2.13,269.989998,29.655175,9.9094,402.908,FALSE POSITIVE
2147.01,341630071,PC,26.2049782,5.8635323,5593.1821784,10.15497,733.1847347,68.292759,6115.0,4.25,1.3363301,155.641594,83.083724,10.7047,282.108,CANDIDATE
2148.01,233569098,FP,23.48522,3.546,6020.0,14.0152,782.0,62.0856,5930.0,4.11,1.51,281.814167,64.806519,10.6746,299.668,FALSE POSITIVE
2149.01,1716467085,PC,0.5842495,0.559,1041.0,5.50799,1645.0,1217.74,6020.0,4.18,1.34,285.596508,42.507414,10.1099,222.25,CANDIDATE
215.01,231912935,PC,26.2851404,2.7692779,975.2076991,3.082863,592.4436342,29.1144876,5821.0,4.44094,0.96445,7.318008,-63.790623,10.5011,166.485,CANDIDATE
2150.01,230267547,FP,2.2263798,2.863,1270.0,6.51393,1877.0,2064.9,6446.3,4.03,1.84,264.591131,18.473875,10.4288,370.536,FALSE POSITIVE
2151.01,23389848,FP,15.64643,7.75,6010.0,16.1126,1181.0,323.367,5660.0,3.86,1.95,275.117976,30.85588,10.142,277.934,FALSE POSITIVE
2152.01,395393265,CP,3.3772835,3.6434514,7216.4961357,15.3058361,1745.8918919,2195.7879328,6688.0,4.11,1.73235,26.338972,77.790123,10.7053,303.006,CONFIRMED
2153.01,406855039,FP,2.7180835,6.1842922,329.1728205,4.2423946,1888.9879062,3009.1075587,5668.0,3.76,2.1805999,274.87052,71.248626,9.54581,238.675,FALSE POSITIVE
2154.01,428787891,CP,3.8240826,2.5172521,10096.1098633,16.0547024,1436.3420387,1005.8946259,6243.0,4.24,1.38719,71.028148,84.364265,10.6611,296.46,CONFIRMED
2155.01,461591646,CP,3.7246883,3.078,3320.0,10.8811,1426.0,686.503,6144.0,4.02,1.74,5.800269,84.452839,10.9939,416.077,CONFIRMED
2156.01,258402425,FP,0.67554,0.922,680.0,15.6973,2591.0,7493.17,4872.0,,2.74,274.416666,23.917679,9.87437,253.011,FALSE POSITIVE
2157.01,298495970,FP,8.4249043,2.311,21600.0,15.0361,864.0,92.8193,5756.0,4.51,0.93,261.71771,25.84927,10.7033,178.43,FALSE POSITIVE
2158.01,342642208,CP,8.6007557,3.304,5090.0,10.7988,837.0,81.4989,5389.0,4.06,1.5,276.810053,20.526887,10.1669,198.473,CONFIRMED
2159.01,270515566,APC,10.0509704,6.129,8660.0,13.5943,1121.0,263.046,5844.0,4.16,1.41,264.45404,47.230289,10.8595,294.398,CANDIDATE
216.01,55652896,CP,34.5059318,3.8206653,17387.9834231,10.4625162,448.7222169,9.5814512,5025.77,4.66348,0.801736,73.980013,-63.26033,11.5748,177.945,CONFIRMED
216.02,55652896,CP,17.3890454,2.6516541,2971.7532268,6.4840125,563.8759593,23.8921547,5025.77,4.66348,0.801736,73.980013,-63.26033,11.5748,177.945,CONFIRMED
2160.01,284477310,PC,2.2390502,1.64,490.0,2.73215,1401.0,640.033,6021.0,4.29,1.25,291.125974,56.881296,10.6071,244.804,CANDIDATE
2161.01,366563452,FP,1.5873866,1.51,110.0,1.09083,1294.0,466.553,5028.0,4.55,0.81,304.444709,77.166678,9.5998,73.1018,FALSE POSITIVE
2162.01,284564230,FP,12.9773004,4.391,997.0,7.75284,1740.0,1521.69,6610.0,4.14,1.66,291.524023,58.510182,10.2182,315.323,FALSE POSITIVE
2163.01,43429656,PC,5.2132496,3.765,750.0,3.72907,1410.0,657.521,6318.0,4.2,1.47,261.440953,23.057031,10.235,261.045,CANDIDATE
2164.01,49967354,FP,1.09333,1.975,1250.0,12.2642,1886.0,2102.07,5274.0,,3.39,277.907741,13.897884,10.879,529.49,FALSE POSITIVE
2165.01,73560357,APC,0.9499997,2.544,4200.0,14.0337,3042.0,14232.8,7421.0,4.0,2.16,281.405754,16.415367,10.8207,557.364,CANDIDATE
2166.01,233680651,PC,5.1354577,3.716,353.0,3.3405,1518.0,882.558,6515.0,3.97,1.99,260.30306,63.239282,10.0788,348.554,CANDIDATE
2167.01,160162987,FP,23.0531698,1.228,2940.0,9.12613,466.0,7.85406,5752.0,4.3,1.19,242.364094,84.491119,10.7791,232.304,FALSE POSITIVE
2168.01,364075352,FP,37.83633,5.713,8240.0,13.5094,833.0,80.1971,6641.0,4.38,1.26,306.223028,74.837343,10.9591,310.885,FALSE POSITIVE
2169.01,8516795,PC,8.2148505,3.839,3140.0,10.4375,1068.0,216.17,6183.0,4.0,1.81,279.170112,23.258619,10.5527,351.487,CANDIDATE
217.01,260043723,FP,3.1385875,3.541,584.0,4.70639,3201.0,17444.7,6278.0,4.08153,1.55,91.608698,-58.953703,8.735,142.018,FALSE POSITIVE
2170.01,154741689,PC,9.2786686,4.577,527.0,2.23168,1097.0,240.688,6018.0,4.39,1.12,164.313856,89.086923,10.4679,206.368,CANDIDATE
2171.01,75656058,FA,1.78166,2.765,8160.0,13.9111,,2772.81,6528.0,,1.49,270.898715,38.073512,10.8181,420.268,FALSE POSITIVE
2172.01,76197937,FA,1.78252,2.729,1920.0,18.6528,2275.0,4451.36,5085.0,,3.7,273.702683,37.629995,10.8642,600.502,FALSE POSITIVE
2173.01,293567206,FP,0.6856225,0.751,723.0,3.35129,1968.0,2492.49,5829.0,4.41,1.06,145.799111,87.86853,10.4929,185.849,FALSE POSITIVE
2174.01,159815224,PC,2.9601848,2.014,960.0,4.21067,1292.0,463.247,6069.0,4.24,1.33,268.823955,40.167475,10.5817,262.427,CANDIDATE
2179.01,237913194,CP,15.1689723,2.0633315,7818.5475582,11.7952966,770.7126737,83.3855897,5713.0,4.34,1.12898,22.445812,-60.73991,11.4864,306.063,CONFIRMED
218.01,32090583,PC,0.4384814,0.5192935,486.4774785,0.6505972,900.9491556,155.7120176,3146.0,4.438,0.284538,58.422001,-68.738628,13.3292,52.3428,CANDIDATE
218.02,32090583,PC,8.3522143,1.6637119,3924.642229,1.8017268,337.3521453,3.0609406,3146.0,4.438,0.284538,58.422001,-68.738628,13.3292,52.3428,CANDIDATE
2180.01,298663873,CP,260.1740061,24.0527095,4747.959592,11.3192423,360.169028,3.9769164,5739.0,4.03,1.62762,277.94363,56.650679,8.56854,116.685,CONFIRMED
2181.01,233068569,PC,8.379057,2.899,2930.0,4.97002,846.0,85.2468,5574.0,4.51,0.91,270.558091,63.54963,12.1625,322.09,CANDIDATE
2183.01,1715469662,PC,6.5011256,5.442,4370.0,,1237.0,388.818,5485.0,,,283.489697,37.380825,8.0348,105.334,CANDIDATE
2184.01,176956893,CP,6.9067868,6.6850674,1751.7778572,13.4176028,1676.0537927,1864.9741402,5731.8,3.65,3.1513801,100.833125,-66.947656,11.4057,788.317,CONFIRMED
2185.01,355096431,PC,7.2147718,4.0147754,8580.1836801,10.1239555,948.9016343,191.6045333,5440.3,4.4,1.08637,314.576665,-40.268633,12.7421,493.871,CANDIDATE
2186.01,238171173,PC,4.476922,2.971921,9095.8829177,14.3955457,1281.2166202,636.8120268,5772.2,4.4,1.37148,357.002336,-68.487698,13.0654,771.822,CANDIDATE
2187.01,270472265,PC,2.7492277,1.688,11250.0,12.683,1131.0,271.924,5344.0,4.4,1.14,96.940806,-79.409779,13.0769,587.277,CANDIDATE
2188.01,260797169,PC,3.735051,2.4293974,8964.0239073,14.2690959,1368.9996875,830.1076146,5829.0,4.3,1.36818,347.94394,-69.85417,13.0943,780.137,CANDIDATE
2189.01,270342589,PC,4.4343277,2.8960794,13087.3233045,11.8751226,1025.9981962,261.8830502,4979.4,,1.00254,34.085419,-78.70071,13.458,542.659,CANDIDATE
219.01,260609205,FP,4.4617755,5.4532494,18854.6431909,31.9660922,1723.6509122,2086.0189812,6354.0,4.24472,2.23892,97.453898,-57.254816,12.7222,1131.15,FALSE POSITIVE
2190.01,389421473,PC,5.3160704,4.3526595,14202.6126293,19.5006469,1273.3471283,621.3098726,5477.0,4.4,1.5522701,311.751171,-38.670656,12.5965,677.662,CANDIDATE
2191.01,262471759,PC,4.0115394,2.2686483,14587.5117969,15.3487909,1235.4438742,550.5706841,5741.0,4.3,1.13908,313.40292,-36.821547,12.8641,596.389,CANDIDATE
2192.01,277890574,PC,6.2643442,3.8202596,10552.2490654,11.6261491,985.937996,223.3157822,5262.0,4.4,1.12916,353.281713,-76.819155,12.5625,426.477,CANDIDATE
2193.01,401604346,CP,2.1223673,1.5855365,8056.3340252,12.9814367,1596.3943994,1534.9059997,6079.0,4.33912,1.19653,313.691232,-72.80464,11.3996,337.064,CONFIRMED
2194.01,271478281,CP,15.3419095,2.736,683.0,1.7005,541.0,14.2526,4669.0,4.63,0.69,299.156339,-31.335181,7.4259,19.5711,CONFIRMED
2195.01,24695044,PC,4.164514,2.0579197,7675.7705005,8.9598265,1018.7487636,254.5595417,5101.7,,0.933443,34.840097,-72.708894,10.9916,174.267,CANDIDATE
2196.01,372172128,CP,1.1953968,1.5752293,1127.2344564,3.5030245,1720.8556767,2072.5203184,5728.0,4.4217,1.02917,312.340074,-70.485072,11.3643,259.947,CONFIRMED
220.01,150098860,CP,10.6953083,2.044,920.0,2.84818,796.0,66.8553,5272.71,3.98846,0.88,91.799699,-61.99721,9.6878,90.7402,CONFIRMED
2200.01,142105158,PC,2.9360281,2.118,6790.0,7.18912,1147.0,288.087,4983.6,0.2,0.83,98.783507,-72.456778,12.3181,251.245,CANDIDATE
2201.01,219306934,PC,1.3477642,1.112,762.0,6.61528,2547.0,6992.14,6252.0,4.19,1.47,316.66971,-57.577978,10.2001,252.501,CANDIDATE
2202.01,358107516,CP,11.9124942,3.7520869,19304.2778014,11.3754057,652.0656914,42.7254261,5064.0,4.53576,0.823883,51.228421,-73.957546,12.173,235.933,CONFIRMED
2203.01,355600246,APC,3.05631,3.0708372,17308.3639678,20.0727443,1595.1946687,1530.297116,6344.0,4.21787,1.44638,325.104572,-54.034226,12.3775,701.717,CANDIDATE
2205.01,260298958,FP,0.8891483,1.1970992,44722.5890994,14.8249782,1043.8317455,280.571145,3653.0,4.60969,0.649887,94.315682,-56.509859,15.0804,409.034,FALSE POSITIVE
2207.01,90850770,CP,8.000489,4.6706895,4606.7419685,10.9709265,1178.0320316,455.1446051,6146.0,4.12,1.55738,307.596693,-44.887618,10.9651,373.345,CONFIRMED
2208.01,38680052,PC,0.6743453,0.9010413,103652.0705638,12.4716613,804.0969257,98.7994686,3228.0,4.90232,0.321846,65.528812,-61.36859,15.7438,181.731,CANDIDATE
2209.01,271806353,PC,3.4391152,3.3615891,12391.7493402,13.6350253,1306.3669377,688.3062667,4955.0,4.4,1.21438,111.442356,-77.776659,13.3304,626.478,CANDIDATE
221.01,316937670,FP,0.62425,0.774288,954.060325,1.671618,1106.2112728,353.894099,3765.0,4.75169,0.525,356.492464,-56.344047,12.1535,50.1632,FALSE POSITIVE
2210.01,317089588,PC,12.7846809,4.8533784,19658.0816662,11.7994875,675.6336681,49.2454527,5077.7,4.4,0.836244,347.462945,-79.699998,13.4669,483.235,CANDIDATE
2211.01,212253390,CP,3.0911721,1.9714799,349.193899,1.666703,1057.0895356,295.0992437,5253.0,4.54958,0.834386,308.539086,-29.672613,9.2551,70.2932,CONFIRMED
2212.01,280803917,PC,5.1293855,2.8939597,9414.7547938,8.9112749,936.3411803,181.6592422,5116.3,4.45,0.920804,44.529245,-66.949285,12.4235,324.412,CANDIDATE
2213.01,406318573,PC,5.179282,2.6320655,5746.9651279,9.3730831,1161.5074108,430.1391198,5784.0,4.3,1.21172,326.582729,-61.107837,13.2598,762.655,CANDIDATE
2214.01,272236017,PC,2.4156482,2.837,3550.0,,1629.0,1169.2,5727.0,4.3,,117.867565,-72.285046,12.6562,571.376,CANDIDATE
2215.01,425561347,CP,5.7772122,2.56341,1470.3821261,2.8693434,751.4597253,75.3605118,4882.7,4.6,0.729818,286.073121,-32.354279,9.977,70.9015,CONFIRMED
2216.01,39018923,PC,5.6807412,4.1093897,1892.9692302,6.2844217,1262.9460957,601.257159,6295.0,4.3,1.38612,12.074996,-68.439297,12.0253,563.621,CANDIDATE
2217.01,234330672,PC,3.8300359,4.1744985,7753.4083536,11.7278481,1360.8170209,810.4382547,5916.0,4.3,1.3126301,35.750418,-71.457945,12.8172,698.996,CANDIDATE
2218.01,348995212,APC,0.3456911,0.648,2800.0,10.1929,3243.0,18378.3,6282.0,4.3,1.05,107.155704,-64.232801,11.5547,330.15,CANDIDATE
2219.01,278138619,PC,10.1688722,4.3884108,7366.339761,12.8424534,1022.940591,258.7751983,5161.7,4.3,1.3986,107.819578,-78.238464,12.9901,687.409,CANDIDATE
222.01,144440290,FP,,0.68,5530.0,8.85869,777.0248613,86.1510668,5709.0,4.438,1.0929,359.162484,-44.719403,8.7635,84.0311,FALSE POSITIVE
2220.01,150437346,PC,1.3926549,2.0005269,7098.4535786,13.3635819,1792.5088851,2439.8676565,5615.0,4.39,1.2094899,97.320501,-65.337781,11.6659,356.5,CANDIDATE
2221.01,441420236,CP,8.4536777,3.5738006,2872.2887525,4.0269258,754.6240935,76.6379132,3588.0,4.60198,0.698009,311.291137,-31.34245,6.755,9.7221,CONFIRMED
2222.01,306510653,PC,2.2456869,3.155,12600.0,17.5083,1943.0,2366.82,6381.0,4.2,1.5,119.185192,-67.071931,12.7427,859.449,CANDIDATE
2223.01,273695332,PC,6.9309657,5.2921448,6887.4200394,13.513657,1254.9567552,586.1868131,5847.0,4.3,1.59136,18.689893,-81.982165,12.0599,601.919,CANDIDATE
2224.01,388198242,PC,0.5055105,0.648232,2269.199137,4.9709812,2138.6881512,4944.3687757,4996.3,4.5,1.01489,61.242969,-78.374681,11.9987,290.755,CANDIDATE
2225.01,271891552,PC,3.5775562,3.531,4060.0,,1191.7267626,476.6809228,5823.3,4.3,,112.767471,-72.667447,13.3639,842.388,CANDIDATE
2226.01,403135192,PC,0.9017685,0.635,958.0,4.77441,1280.0,446.986,5828.0,3.9,1.36,333.559598,-59.568325,9.6968,164.418,CANDIDATE
2227.01,405425498,APC,4.2217717,2.561,594.0,2.81922,1164.0,305.107,5763.48,3.99846,1.21,337.517756,-67.850146,10.0106,165.441,CANDIDATE
2227.02,405425498,APC,11.5472009,1.0326107,663.4411526,3.1457403,879.5749032,141.4530508,5763.48,3.99846,1.20847,337.517756,-67.850146,10.0106,165.441,CANDIDATE
2228.01,61733521,FP,3.36296,2.594,750.0,2.69668,1257.0,414.8,5420.0,4.5,0.9,289.018075,-46.480756,10.8911,167.24,FALSE POSITIVE
2229.01,143410850,PC,4.98668,2.267,860.0,5.51463,1196.0,339.923,6046.0,4.06,1.64,294.572181,-46.398078,10.6658,329.989,CANDIDATE
223.01,326453034,FA,14.445918,1.533311,1273.806981,3.290507,629.4950471,37.1099416,5063.0,4.48439,0.87237,339.677571,-25.631849,10.2733,365.053,FALSE POSITIVE
2230.01,129432342,FP,1.79217,1.797,1710.0,21.4342,1273.0,436.663,4884.0,,4.7,304.452849,-44.968454,10.9198,713.6,FALSE POSITIVE
2231.01,100504381,FA,5.46278,1.274,2982.0,19.5752,1141.0,281.499,,,1.69,308.563699,-48.274725,8.565,,FALSE POSITIVE
2232.01,439444938,PC,11.45959,0.956,650.0,,,,,,,301.540122,-33.667484,8.776,,CANDIDATE
2233.01,421455387,APC,2.50876,1.2523065,5830.0602325,11.5931606,1316.9386126,710.8584449,5226.0,4.28,1.13416,296.919659,-32.575966,10.9896,193.007,CANDIDATE
2234.01,271491157,APC,2.91615,1.481,2280.0,13.4791,1111.0,253.391,6103.0,3.64,2.69,299.229827,-35.397179,10.7837,558.211,CANDIDATE
2235.01,267093376,APC,17.14012,1.176,2180.0,8.14257,434.0,5.93171,6378.0,4.1,1.67,41.091524,-74.789817,10.8988,405.817,CANDIDATE
2236.01,394722182,CP,3.5315897,2.689,7230.0,14.2116,1349.0,551.242,6209.0,4.09,1.62,20.166011,-86.979965,10.8673,355.59,CONFIRMED
2237.01,389238529,FP,0.49642,0.572,1000.0,5.57222,2018.0,2758.3,7000.0,4.33,1.41,302.999475,-37.561663,10.9987,416.129,FALSE POSITIVE
2238.01,231077395,PC,3.3904897,2.878,260.0,2.40673,1464.0,764.344,6113.8,4.19,1.43,67.657808,-70.35491,10.7188,285.78,CANDIDATE
2239.01,388130235,FP,92.1950921,4.206,3760.0,18.9408,308.0,1.49663,5030.6,,3.0,65.410196,-67.467038,10.7891,454.103,FALSE POSITIVE
224.01,70797900,APC,705.5844658,1.9189212,101204.8459939,17.179547,515.743249,16.720729,3689.0,4.78104,0.487,1.977969,-29.979603,11.1427,64.77016,CANDIDATE
2240.01,98494121,FP,3.06555,2.483,2920.0,5.41363,1763.0,1605.05,5285.0,4.7,0.71,290.986777,-36.910419,10.9931,123.796,FALSE POSITIVE
2241.01,96973930,PC,3.3243,2.337,1150.0,21.7252,1023.0,181.989,4779.7,,5.76,295.256495,-27.859275,10.1738,,CANDIDATE
2242.01,92562123,PC,6.53144,5.713,700.0,6.77621,1485.0,808.553,6037.2,3.66,2.58,315.171774,-35.871099,9.9279,349.478,CANDIDATE
2243.01,1990842033,APC,5.41418,4.428,7850.0,,1489.0,816.558,6664.0,,,310.483615,-38.878009,10.8068,128.552,CANDIDATE
2244.01,1989628303,PC,5.46377,1.036,4010.0,12.894,612.0,23.3924,5286.9,,1.95,308.563502,-48.274841,9.1984,174.318,CANDIDATE
2245.01,278415929,PC,3.7981107,3.914,750.0,4.13478,1530.0,911.152,5042.0,4.04,1.51,117.281011,-80.893886,10.8366,264.842,CANDIDATE
2246.01,349786918,FP,2.9663437,4.44,206.0,2.02837,1927.0,2291.32,5807.0,4.14,1.59,113.043495,-65.811395,9.9676,226.06,FALSE POSITIVE
2247.01,376168473,FA,5.41402,4.418,7780.0,15.9563,,694.699,6394.3,,1.75,310.483618,-38.878003,10.787,325.492,FALSE POSITIVE
2248.01,179580045,PC,62.1624516,4.319,3710.0,10.3408,500.0,10.4285,7546.0,4.24,1.66,80.624017,-70.254329,10.4653,380.513,CANDIDATE
2249.01,152714791,FP,1.27349,1.655,920.0,13.6856,1522.0,891.053,4982.0,,4.35,304.628882,-30.648846,10.3486,502.103,FALSE POSITIVE
225.01,47525799,PC,,4.8120529,4104.5873474,5.5237367,338.5973763,3.1063855,4658.0,4.53096,0.710768,343.88039,-24.409733,11.0316,115.742,CANDIDATE
2250.01,264303333,FP,0.8153098,1.373,189.0,1.19041,2023.0,2785.3,5729.0,4.47487,0.97,296.355007,67.310971,10.1583,142.086,FALSE POSITIVE
2251.01,229715760,PC,11.5743561,6.0493763,14285.1321998,18.1309835,965.8481969,205.6631556,5776.0,4.13,1.4578,278.989527,70.160757,12.7778,711.751,CANDIDATE
2252.01,233066156,PC,12.379649,3.3314543,711.2691437,8.6993926,1420.5246749,962.3125052,6582.0,3.69,2.7841101,270.277609,61.347153,10.8841,713.878,CANDIDATE
2253.01,367855829,FA,85.4244796,3.6658465,1134.2233028,4.4208054,463.6093885,10.9176682,5697.0,4.21712,1.29609,276.868143,73.264575,9.9558,172.284,FALSE POSITIVE
2254.01,233688779,PC,26.4579842,3.372,397.0,2.90965,794.0,66.2935,5706.0,4.84423,1.37,275.393588,62.369002,9.34244,139.078,CANDIDATE
2255.01,265146266,PC,11.9526103,2.74,9860.0,11.4014,,48.2015,6049.0,4.438,1.25,316.892698,74.383252,12.0836,394.556,CANDIDATE
2256.01,262880065,PC,13.9631929,4.5245027,812.9002244,2.3118575,666.9105884,46.751059,5270.9,4.438,0.813544,225.315683,40.946827,10.446,117.892,CANDIDATE
2257.01,198485881,CP,35.1896444,3.3254029,4524.9353925,2.2253696,230.7752258,0.6703132,3446.0,4.89707,0.326932,194.739614,77.661716,12.9672,57.7911,CONFIRMED
2258.01,219821826,FP,9.6799809,1.806,15870.0,14.6081,658.0,31.1433,5980.0,4.39,1.11,268.029535,62.79094,12.2169,455.408,FALSE POSITIVE
2259.01,219501568,PC,16.5899263,2.1573675,642.4369483,5.4428798,1030.9494518,266.9749353,6690.0,4.1059,1.7449,244.5642,42.62706,7.97758,122.859,CANDIDATE
226.01,47484268,FP,,2.67,13400.0,4.214299,272.4674275,1.3025049,3396.0,4.91468,0.334,342.967188,-24.78778,12.4253,51.3563,FALSE POSITIVE
2260.01,232568235,CP,0.3524597,0.578,305.0,1.76224,1825.0,1844.98,5432.0,4.51,0.9,247.667,49.046789,9.75874,101.251,CONFIRMED
2261.01,229787062,PC,1.9011452,1.6128566,1640.9567262,5.7647423,1369.4137781,831.1124236,5392.0,,0.986402,284.022679,70.25412,12.4841,368.055,CANDIDATE
2262.01,165530380,PC,1.4937444,2.044,160.0,1.62102,1956.0,2431.71,6328.0,4.32136,1.28,266.406455,59.514199,10.4267,250.998,CANDIDATE
2263.01,159400561,PC,,14.9235889,357.7289632,1.6330887,245.4240451,0.8574118,5599.0,4.57217,0.852643,237.961131,83.110888,9.7115,99.9023,CANDIDATE
2264.01,235943205,PC,121.3342908,6.1861599,1830.5369311,4.1767182,373.1040687,4.5797413,6140.0,4.54184,0.957395,295.927746,78.725919,10.5653,189.22,CANDIDATE
2265.01,310231275,PC,0.8294084,0.5583289,254.6127529,2.4799192,2142.9193755,4983.6132078,5951.67,4.438,1.52424,239.787768,32.395973,9.1021,88.0815,CANDIDATE
2266.01,8348911,CP,2.326343,1.2195051,4153.6144436,1.9763187,502.933455,15.1203939,3244.0,4.97167,0.261162,245.28004,31.577041,13.5042,51.6004,CONFIRMED
2267.01,459837008,CP,3.4950422,1.0311342,2004.426903,1.2734423,400.3206181,6.0694989,3022.0,4.99625,0.242745,65.061496,84.900824,12.2591,,CONFIRMED
2267.02,459837008,PC,2.0344366,0.958248,1142.0994266,0.901106,479.450797,12.4881234,3022.0,4.99625,0.242745,65.061496,84.900824,12.2591,,CANDIDATE
2267.03,459837008,CP,2.2891027,0.8344032,1384.622855,0.9131404,460.9675388,10.6709326,3022.0,4.99625,0.242745,65.061496,84.900824,12.2591,,CONFIRMED
2268.01,20203297,PC,7.1566025,1.218975,674.5586897,3.1263063,1017.9407073,253.7528508,5910.35,4.35957,1.13489,226.46964,39.636553,10.1338,173.996,CANDIDATE
2269.01,441798995,FA,1.4206036,1.6483243,448.0101837,1.1974247,890.3162916,148.490368,3872.0,4.69525,0.548484,264.147896,77.126216,11.9521,82.1896,FALSE POSITIVE
2269.02,441798995,PC,2.8411415,1.174,530.0,1.42162,682.0,35.9524,3872.0,4.69525,0.55,264.147896,77.126216,11.9521,82.1896,CANDIDATE
2269.03,441798995,PC,10.4029111,1.3721731,824.1851185,1.8465904,458.4764117,10.4421274,3872.0,4.69525,0.548484,264.147896,77.126216,11.9521,82.1896,CANDIDATE
227.01,2760710,FA,,1.51,30400.0,2.432614,187.3235245,0.2909982,2808.0,5.20628,0.128,356.527357,-16.691464,13.8409,52.3436,FALSE POSITIVE
2270.01,198178505,PC,,4.6288711,261.9656428,2.7599934,389.8310122,5.4579122,6380.43,4.1278,1.61077,244.382265,61.368246,7.7293,94.2106,CANDIDATE
2271.01,258389327,APC,26.5456672,2.582,8290.0,29.1697,642.0,28.3073,6180.0,4.06,1.68,296.710289,70.071943,11.8248,543.564,CANDIDATE
2272.01,265460043,APC,32.8236817,15.237374,368.5500142,5.1519952,967.3721204,206.9642192,6258.0,3.68336,2.63025,359.853101,68.384119,8.1526,179.828,CANDIDATE
2273.01,142117976,PC,46.5710978,6.1832559,328.3531481,2.1305645,582.409103,27.1915284,6495.0,4.43957,1.15083,81.240221,79.74934,8.75584,110.177,CANDIDATE
2274.01,289164482,CP,2.6796164,0.9028948,827.5423687,1.8334769,771.4561825,83.7078249,3943.0,4.62547,0.63072,277.459311,40.541412,10.3543,48.876,CONFIRMED
2274.02,289164482,PC,1.1188024,1.119,427.0,1.44009,1104.0,247.175,3943.0,4.62547,0.63,277.459311,40.541412,10.3543,48.876,CANDIDATE
2275.01,272679240,PC,20.1546939,1.3244754,1039.4977103,2.3244125,494.4464236,14.1253091,4863.0,4.63136,0.712388,234.512299,69.017531,11.4208,138.034,CANDIDATE
2276.01,198456933,PC,76.8663962,6.7753035,341.5578492,1.9249103,383.3506039,5.1039406,5482.02,4.5343,0.877042,261.836763,58.214352,8.9072,68.1461,CANDIDATE
2277.01,288516853,PC,,12.4042036,178.9213506,3.3789105,644.2621741,40.7166029,6358.0,3.76624,2.43663,273.497311,80.658462,7.98614,156.777,CANDIDATE
2278.01,243313296,PC,1.4663344,0.447,920.0,1.87124,704.0,40.7842,3412.0,4.9014,0.32,289.513338,56.236779,12.4199,43.5829,CANDIDATE
2279.01,115623434,PC,3.1434463,1.501,803.0,2.34132,1160.0,301.599,4962.0,4.55115,0.79,255.245795,45.386283,10.2455,94.186,CANDIDATE
2280.01,115583726,PC,18.6016754,2.3690896,559.9932489,9.1300283,1375.4544745,845.8744041,6175.0,3.37301,3.7007,254.588507,45.936445,8.44143,282.689,CANDIDATE
2281.01,264171144,PC,210.668358,10.3865576,342.5966404,2.8961818,520.2849849,17.3175389,6683.0,4.22146,1.52592,294.390164,66.971432,9.13648,179.493,CANDIDATE
2282.01,237211410,PC,12.5520766,6.8268193,202.0868952,2.8228669,1203.1992033,495.3032121,7020.0,4.09526,1.84505,294.376052,74.78231,9.29735,242.63,CANDIDATE
2283.01,198211976,FA,0.4018586,1.5779753,111.3648011,0.5525072,1245.4940849,568.7058283,3621.0,4.7197,0.520283,248.333273,63.524496,11.2076,49.7627,FALSE POSITIVE
2284.01,115446313,FP,4.9707023,2.586,487.0,2.38733,1186.0,328.783,6109.0,4.33438,1.21,252.471891,47.316983,9.88372,174.932,FALSE POSITIVE
2285.01,329148988,CP,27.2672016,2.4164839,1154.3278885,1.5781136,287.0767134,1.6051398,3546.0,4.77262,0.460014,332.563264,58.706093,11.3078,42.409,CONFIRMED
2286.01,237201858,PC,179.4031712,10.7569968,618.5780905,3.7472354,434.6883098,8.4378703,6863.0,4.27882,1.4648,292.823315,72.538317,9.85236,233.507,CANDIDATE
2287.01,160077104,PC,11.8120707,3.3324162,189.027556,1.7481305,898.9288685,154.3200348,6037.0,4.32817,1.20105,222.75079,85.895391,8.5709,94.9685,CANDIDATE
2288.01,462615350,PC,8.9172211,2.6426767,2147.0816912,2.7931797,518.7006367,17.1075621,4066.0,4.67766,0.605243,251.11918,60.086043,12.709,132.907,CANDIDATE
2289.01,82452140,PC,63.39545,5.1295954,851.8694759,3.3507179,453.9864688,10.0390505,5717.0,4.43377,1.0149601,255.097557,39.73025,10.0011,139.616,CANDIDATE
2290.01,321688498,PC,0.3862197,0.9122445,437.6381201,1.1988782,1386.5985937,873.6229278,3863.0,4.67991,0.566304,321.599582,68.640531,11.1079,58.0924,CANDIDATE
2291.01,236934937,PC,9.405877,1.5560322,1425.9330181,1.977596,451.5202868,9.8226818,3869.0,4.75875,0.475701,304.299053,65.871559,11.9959,69.3787,CANDIDATE
2292.01,236934268,PC,7.0767314,2.444,630.0,2.4422,894.0,106.205,5781.0,4.45679,1.0,304.266636,65.153844,10.8746,204.888,CANDIDATE
2293.01,71347873,PC,6.0683318,1.9825707,1742.7332385,2.1199939,503.4234887,15.1794104,3668.0,4.73795,0.499376,115.593377,70.404076,11.814,62.7576,CANDIDATE
2294.01,284361752,PC,340.3877311,9.2318877,718.3774619,3.6888424,314.1604363,2.3021148,6424.0,4.33722,1.27808,288.108567,54.640427,9.78288,191.396,CANDIDATE
2295.01,48018596,PC,60.06632,2.409,990.0,7.64759,709.0,42.0912,5660.0,4.10485,1.47,281.576196,50.492466,9.00772,126.279,CANDIDATE
2296.01,165554103,PC,139.2632286,15.5650549,403.2688035,1.8388146,315.0609123,2.3286226,5373.01,4.49164,0.90717,266.931576,55.872814,10.4431,135.723,CANDIDATE
2297.01,233500935,PC,22.048775,3.8087167,540.6928554,1.9509885,504.6753756,15.3309639,4836.0,4.53282,0.794435,250.739892,76.449587,11.6702,168.911,CANDIDATE
2298.01,229608594,PC,,7.6412469,1990.1263914,2.8951165,212.0685941,0.4779984,4239.0,4.61861,0.659937,274.512058,74.466535,11.1919,84.1738,CANDIDATE
2299.01,362220495,FA,165.0031583,5.0545903,2976.5490435,4.5170453,297.6939099,1.8560976,5780.0,4.56973,0.699973,286.227961,79.755949,9.863,,FALSE POSITIVE
230.01,160074939,FA,13.340145,4.611198,589.893526,3.929267,1032.1480322,268.2186408,6467.0,4.16063,1.57943,346.319169,-36.945639,8.7435,140.941,FALSE POSITIVE
2300.01,280031353,PC,4.8566656,2.585881,1163.8416088,3.2987328,933.2585799,179.2788125,5607.0,4.63178,0.796892,297.416187,68.883354,11.8231,221.705,CANDIDATE
2300.02,280031353,PC,15.4432661,3.8493075,4652.019556,5.7063938,634.6510571,38.3407878,5607.0,4.63178,0.796892,297.416187,68.883354,11.8231,221.705,CANDIDATE
2300.03,280031353,PC,,17.0708835,8209.2875404,7.6712645,179.478432,0.245228,5607.0,4.63178,0.796892,297.416187,68.883354,11.8231,221.705,CANDIDATE
2301.01,283829553,PC,6.0541622,4.592,255.0,4.01623,2872.0,11299.9,6187.0,4.09624,1.61,228.568622,51.468846,8.36872,120.221,CANDIDATE
2302.01,144000801,APC,1.3103832,1.6240216,3904.2824741,9.8603222,1480.1291921,1134.2779729,5228.0,4.45189,0.928507,336.279186,-52.536671,11.0075,171.909,CANDIDATE
2303.01,197959526,FP,0.7196291,1.474746,4971.1456595,12.2917419,2797.5117326,14474.6698966,6454.0,4.3,1.69458,348.296702,-53.832813,11.8199,643.988,FALSE POSITIVE
2304.01,70420766,PC,9.4070515,2.6715391,967.7626685,3.9938238,1001.354025,237.6137635,6223.0,4.33525,1.2331001,339.436261,-30.608282,10.2356,218.091,CANDIDATE
2305.01,232079930,APC,0.918902,1.781955,6718.8492909,15.2109193,1958.3065353,3475.7112909,5382.0,4.4,1.1659,29.608056,-66.339155,12.8483,568.299,CANDIDATE
2306.01,147284470,PC,2.9905745,2.0941681,11083.8941211,13.2344892,1302.3502129,679.8798081,5535.6,4.4,1.10305,324.800775,-44.375271,13.3456,694.32,CANDIDATE
2307.01,270219048,PC,2.6820061,1.8238879,8514.9665485,14.1985341,1444.2022665,1028.0946298,5465.0,4.4,1.285,330.135944,-29.148589,12.2294,470.156,CANDIDATE
2308.01,234489976,PC,3.86866,2.3101443,8058.0771611,13.9784675,1418.9101379,957.9449856,6373.5,4.2,1.3337801,8.980505,-64.722442,12.2397,613.155,CANDIDATE
2309.01,328012209,PC,20.2656358,6.4172007,802.3053384,4.03042,822.6676779,108.2477155,6276.1,4.25063,1.37617,2.944822,-68.57012,10.0596,223.516,CANDIDATE
2310.01,38467100,PC,2.9432073,2.501,12560.0,13.6531,1186.0,328.976,5266.7,,1.18,61.524005,-60.467252,12.9565,,CANDIDATE
2311.01,25139786,APC,1.5933772,1.7732569,7842.0221441,9.012542,1350.2664813,785.5954321,5289.4,4.5,0.885125,326.272747,-20.032514,12.0892,264.874,CANDIDATE
2312.01,147425389,PC,3.1856867,3.1050115,7776.6827786,,1238.7235661,556.4403323,5590.5,4.4,,327.617657,-46.295257,12.526,490.314,CANDIDATE
2313.01,325468685,PC,1.8905304,1.2347831,3550.5585147,,1474.0567378,1115.7780219,5816.0,4.3,,354.816867,-78.746529,11.449,330.949,CANDIDATE
2314.01,355446093,PC,15.937546,4.5395335,4172.2924827,11.9220549,934.5436034,180.2682649,6093.1,4.1,1.55033,350.869745,-52.175942,11.7493,540.268,CANDIDATE
2315.01,302333151,APC,1.440707,1.8086852,4514.4039925,9.984491,1826.3371679,2629.3283978,5941.2,4.3,1.1648901,320.524083,-27.554409,11.0675,290.436,CANDIDATE
2316.01,61980227,FP,3.0958985,1.8584684,10354.9916952,19.2443952,1515.409487,1246.3528431,6764.0,4.3,1.25844,335.53692,-30.763927,12.0516,539.486,FALSE POSITIVE
2317.01,274599700,FP,,8.4494541,6007.8703021,11.625865,676.5210666,49.504685,5635.75,4.12397,1.43565,255.328342,51.529396,11.8831,448.143,FALSE POSITIVE
2318.01,88840705,APC,,4.6833042,2749.2099367,6.5071192,444.0780191,9.1909015,4968.0,4.438,0.844548,262.589332,40.369465,8.6512,45.0103,CANDIDATE
2319.01,349488688,CP,,6.1120058,855.5836036,4.1844083,253.0759438,0.9694479,6329.0,4.24509,1.39619,253.784885,20.491524,8.40302,107.898,CONFIRMED
2320.01,207501148,FP,,4.4875335,4111.2234826,18.0,769.2502648,82.7545001,5879.0,4.28122,1.23623,247.657124,56.399869,9.85317,167.542,FALSE POSITIVE
2321.01,138126035,PC,716.3497402,3.612,867.0,2.90826,101.0,0.0174179,5645.84,4.46148,0.97,196.736409,16.54934,9.84325,120.535,CANDIDATE
2322.01,300812741,CP,20.2254946,2.2719961,712.14897,1.9090249,458.0310383,10.4016117,4465.0,4.6,0.697547,116.973103,-71.001967,10.0534,59.861,CONFIRMED
2322.02,300812741,CP,11.3071786,2.824,264.0,1.02968,581.0,18.9311,4465.0,4.6,0.7,116.973103,-71.001967,10.0534,59.861,CONFIRMED
2323.01,293527670,FP,0.98656,0.724,390.0,3.78687,1363.0,574.294,5522.0,3.99,1.64,352.192845,-76.636896,10.3338,238.68,FALSE POSITIVE
2324.01,69819610,PC,1.0361758,2.93,348.0,2.62395,3265.0,18869.1,6413.0,4.2,1.5,337.887071,-23.16505,9.14425,165.158,CANDIDATE
2325.01,152800085,APC,4.26991,1.509,2240.0,8.95578,1415.0,667.336,6580.0,4.16,1.62,343.544632,-36.287777,9.5103,223.852,CANDIDATE
2326.01,175456679,PC,58.9970907,5.722,2725.0,,,,,,,350.491313,-40.174352,9.456,154.124,CANDIDATE
2327.01,177308364,PC,82.7899763,5.8475847,1017.8544172,3.1369358,406.5961278,6.459129,6115.0,4.5616,0.957772,103.422149,-73.075713,9.4088,100.351,CANDIDATE
2328.01,394287035,CP,17.1019622,3.357,11430.0,10.1067,589.0,20.0982,5302.3,4.4,0.93,31.690742,-81.247376,11.584,231.782,CONFIRMED
2329.01,238920875,PC,6.5346715,3.304,6370.0,10.7773,925.0,121.853,5424.0,3.35,1.33,94.278691,-52.338502,11.7944,333.701,CANDIDATE
233.01,415969908,PC,11.6700285,2.0534143,2783.7905216,2.0205499,361.1637726,4.0210338,3644.0,4.79912,0.380272,343.708612,-18.912445,11.3018,33.773,CANDIDATE
233.02,415969908,PC,7.2011383,2.1444681,1662.8398306,1.7056002,424.2232195,7.6541813,3644.0,4.79912,0.380272,343.708612,-18.912445,11.3018,33.773,CANDIDATE
2331.01,168751223,PC,4.7150942,2.436,7460.0,7.48939,919.0,118.46,3798.0,4.67,0.57,62.671535,-32.99244,13.3666,163.356,CANDIDATE
2332.01,286000547,PC,7.4972297,3.589,14480.0,11.9137,964.0,143.814,5596.2,4.43,1.0,139.741548,-15.30808,12.2015,360.478,CANDIDATE
2333.01,358579111,PC,14.2197641,6.416,2390.0,8.78678,1067.0,215.552,6115.0,3.97,1.83,54.221383,-60.061476,12.3462,817.874,CANDIDATE
2334.01,200743403,PC,7.9980831,3.047,3960.0,10.9403,875.0,97.3629,5556.0,3.97,1.7,49.154193,-48.107918,12.1385,593.163,CANDIDATE
2335.01,160003961,APC,1.4492052,1.104,1200.0,6.15666,1350.0,551.777,6004.9,4.39,1.12,50.826623,-40.453518,12.1323,439.747,CANDIDATE
2336.01,88902249,CP,7.7119842,4.058,3176.0,10.7188,1340.0,536.15,6458.0,4.03,1.83,230.230416,-33.69246,10.1757,297.716,CONFIRMED
2337.01,230001847,CP,2.994263,6.9172309,1120.6492357,11.5655979,1272.4603411,619.5809037,4784.0,,3.22859,290.619895,60.853904,11.2347,536.046,CONFIRMED
2338.01,24358417,CP,22.6539607,3.468,11530.0,12.2765,537.0,13.8485,5523.0,4.33,1.12,81.344582,-34.668249,11.7024,313.996,CONFIRMED
2339.01,279514271,PC,9.7728388,7.4907772,2279.7003176,12.0232332,1297.9266601,670.6896654,5636.8,3.66,2.43731,105.762026,-55.368285,11.9507,753.745,CANDIDATE
234.01,12423815,PC,2.8392793,1.4011791,35229.7098319,10.4761821,662.6197999,45.5594673,3642.0,4.438,0.54933,2.568852,-26.282408,14.6253,249.345,CANDIDATE
2340.01,29959761,FP,1.6471574,1.033,3880.0,6.06894,1215.0,362.237,5027.0,4.64,0.73,42.261441,-16.557655,11.8012,178.999,FALSE POSITIVE
2341.01,100267480,FP,0.87741,0.472,12050.0,8.59148,630.0,26.3008,3495.0,4.64,0.62,306.843521,-53.220653,12.722,121.433,FALSE POSITIVE
2342.01,100589632,FP,3.9471567,1.699,1880.0,3.86968,809.0,71.367,4794.0,4.47,0.84,86.458859,-32.947641,11.1581,139.546,FALSE POSITIVE
2343.01,166834768,PC,3.2553185,2.061,1920.0,6.72917,1215.0,362.749,5927.0,4.28,1.25,58.616173,-31.344895,12.2539,511.208,CANDIDATE
2344.01,311179742,PC,8.3129806,4.171,2680.0,10.7065,1094.0,237.935,5929.0,3.86,2.03,257.715033,-75.729992,12.2766,802.875,CANDIDATE
2345.01,91555165,PC,1.0526157,1.5288415,358.5076064,1.4203085,1314.8062038,706.2654804,4621.0,4.54,0.758575,43.884794,-34.977975,10.3759,81.6541,CANDIDATE
2345.02,91555165,PC,42.1289893,4.6130523,961.655867,2.3404732,384.3775426,5.1588515,4621.0,4.54,0.758575,43.884794,-34.977975,10.3759,81.6541,CANDIDATE
2346.01,317483660,PC,3.3311975,3.705,12390.0,14.877,1715.0,1437.43,6605.0,4.33,1.33,88.092907,-13.372469,11.5584,437.484,CANDIDATE
2347.01,301343785,APC,1.1736318,1.397,1470.0,8.1147,1735.0,1505.41,6033.7,3.92,1.93,52.487605,-0.904217,11.6751,587.369,CANDIDATE
2348.01,317019074,PC,1.2043785,1.047,1170.0,4.985,1613.0,1124.6,6595.0,4.3,1.38,86.254678,-13.326617,11.6884,487.854,CANDIDATE
2349.01,405452527,APC,11.5738497,6.656,18730.0,22.4042,1060.0,210.056,5782.0,4.04,1.61,143.259339,-13.830634,11.8929,528.869,CANDIDATE
235.01,280095254,PC,10.090259,1.7502645,2585.7862462,,795.9675881,94.864241,5454.42,3.44247,,46.197914,-73.396374,9.4688,104.301,CANDIDATE
2350.01,47601197,PC,8.6251769,2.704,1690.0,7.55444,993.0,161.98,5484.0,4.35,1.08,97.408122,-21.994385,10.6477,185.506,CANDIDATE
2350.02,47601197,PC,4.8714085,2.643,1180.0,3.8394,1205.0,350.476,5484.0,4.35,1.08,97.408122,-21.994385,10.6477,185.506,CANDIDATE
2351.01,290036495,APC,5.2524792,1.828,23400.0,20.7884,944.0,132.072,5728.0,4.24,1.27,192.661632,-14.565099,12.1103,457.57,CANDIDATE
2352.01,32925763,PC,1.6804461,1.099,2020.0,5.37039,1496.0,833.25,5695.0,4.41,1.04,87.373285,-25.375613,11.0863,231.907,CANDIDATE
2353.01,177079323,PC,5.7517969,3.0489623,701.5728877,6.2303216,1534.0120939,1308.6880472,6510.3,3.97,1.97616,103.245394,-67.53926,11.895,723.392,CANDIDATE
2354.01,219766989,FP,0.5109902,0.709,2720.0,9.54792,2222.0,4048.85,6095.0,4.13,1.53,192.32172,-21.333033,11.9951,569.651,FALSE POSITIVE
2355.01,124515764,PC,1.2709769,2.335,1400.0,4.10761,2228.0,4096.84,6296.0,4.39,1.17,199.021029,-33.76396,11.7959,418.251,CANDIDATE
2356.01,30947715,PC,3.66275,3.096,970.0,3.52758,1473.0,782.333,6150.0,4.33,1.22,79.61789,-28.00593,11.7118,415.04,CANDIDATE
2357.01,124206468,PC,7.0924883,2.869,5540.0,12.2608,1047.0,200.057,6493.0,4.17,1.58,197.200536,-31.499464,11.4586,503.535,CANDIDATE
2358.01,124095888,FP,1.1258127,0.374,1440.0,13.1558,1361.0,570.852,6423.0,4.36,1.24,196.285834,-31.985378,11.5137,395.046,FALSE POSITIVE
2359.01,436102447,PC,5.1858,7.191,4550.0,18.5118,1802.0,1753.41,6130.0,3.64,2.7,83.818664,6.587708,11.0331,594.265,CANDIDATE
236.01,9727392,FP,4.534451,4.936391,23574.842911,23.183789,1435.559122,1003.7032593,6421.5,4.19,1.47459,358.444734,-10.884958,11.2932,502.927,FALSE POSITIVE
2360.01,31656385,FP,22.84518,7.215,9210.0,15.1752,862.0,91.9765,5963.1,4.08,1.57,46.659674,-66.007932,11.9961,580.188,FALSE POSITIVE
2361.01,204671232,PC,8.71546,3.934,12010.0,12.1387,888.0,103.489,5395.0,4.36,1.06,184.982551,-27.284837,11.9196,314.877,CANDIDATE
2362.01,302924206,PC,6.9444047,2.7056073,5264.9280735,13.4708551,1174.4675265,449.6608267,6104.5,4.19,1.41945,34.954262,-62.503817,12.3715,634.033,CANDIDATE
2363.01,445456888,PC,5.5436298,3.879,5400.0,13.5659,1434.0,702.661,6510.0,4.05,1.81,112.875366,-52.985887,12.1046,721.25,CANDIDATE
2364.01,39414571,CP,4.0197555,2.688,9750.0,9.57594,1062.0,211.813,5216.0,4.44,0.94,89.130026,-5.01203,11.5521,219.614,CONFIRMED
2365.01,344085117,FP,0.659752,0.6731474,1138.1047916,4.3019481,2343.7030204,7130.6861294,5832.0,4.26,1.25112,108.017449,-50.247778,11.9732,415.137,FALSE POSITIVE
2366.01,39218269,APC,17.1869882,3.845,3130.0,12.9307,874.0,97.2728,6049.7,3.87,2.05,88.505022,-3.639907,11.8402,439.569,CANDIDATE
2367.01,441159680,PC,5.74984,3.734,17690.0,14.4892,1186.0,329.499,6046.0,4.42,1.08,333.111347,-26.92637,12.3193,467.516,CANDIDATE
2368.01,401125028,CP,5.1750108,2.0076562,13020.075325,11.4726621,910.9289033,162.7267425,5177.0,4.48,0.892685,134.957623,-48.488493,11.6955,210.915,CONFIRMED
2369.01,220068921,PC,3.36376,3.418,7030.0,10.7493,1435.0,705.699,5713.3,4.24,1.27,83.913807,4.82797,12.1227,418.29,CANDIDATE
237.01,305048087,CP,5.4361667,1.5419673,4797.1288482,1.7175409,352.0718502,3.6311669,3139.0,5.04944,0.211299,353.243538,-29.416487,13.4102,38.0749,CONFIRMED
2370.01,347357977,PC,12.6826724,3.827,2490.0,5.24953,824.0,76.8372,5851.0,4.43,1.04,132.898822,-16.386277,11.4878,294.752,CANDIDATE
2371.01,432132155,PC,4.8984239,3.752,9930.0,12.907,1253.0,409.667,5774.0,4.23,1.29,137.31171,-19.778021,12.2036,471.152,CANDIDATE
2372.01,189620016,FP,1.1792344,1.7572263,5398.6996811,26.9739777,2879.9468214,16257.6914094,6127.1,3.67,2.6058199,144.040606,-24.751118,12.2186,1092.91,FALSE POSITIVE
2373.01,332558858,CP,13.3368173,4.384,8210.0,11.2448,805.0,69.8726,5517.0,4.26,1.2,61.68622,-16.755755,12.5882,508.686,CONFIRMED
2374.01,439366538,CP,4.31362,1.709,9490.0,8.01917,755.0,54.2011,4929.5,0.1,0.8,319.498241,-22.049823,11.2057,134.655,CONFIRMED
2375.01,164150537,PC,6.1600755,1.808,18930.0,17.7265,789.0,64.3828,5669.0,4.29,1.19,335.74211,30.573268,12.6389,521.117,CANDIDATE
2376.01,326522874,PC,3.1821969,3.0676639,3746.6638386,9.3708418,1449.2615097,1042.5767464,5672.5,4.4,1.3954,344.743989,-23.148028,12.7119,665.583,CANDIDATE
2377.01,146165619,APC,1.6766585,1.528711,37391.9473651,16.6532667,935.0496086,180.6590045,4155.0,4.66247,0.622666,341.871773,-15.572947,14.1858,288.642,CANDIDATE
2378.01,231063955,PC,3.4972769,2.0988025,17834.0824111,11.5840209,950.2186404,192.6704823,4940.0,4.53,0.80797,31.617523,-56.19888,13.3921,390.618,CANDIDATE
2379.01,201177276,CP,5.4693888,1.8076781,32411.855989,11.5779216,584.247334,27.5364506,3770.0,4.61871,0.638902,358.092047,-53.043156,13.6521,211.247,CONFIRMED
238.01,9006668,CP,1.2730965,1.48,414.0,1.57925,1412.0,660.277,5024.0,4.5685,0.77,349.231081,-18.606646,9.926601,80.5407,CONFIRMED
2381.01,39080923,PC,5.0451188,1.8549863,13949.1155643,18.0229867,1078.5360791,319.7861956,5337.0,4.5,1.16636,13.643588,-67.915159,12.3643,422.151,CANDIDATE
2382.01,2760219,PC,4.6612025,2.1408549,5135.6657253,12.7709747,1366.4599455,823.9647363,5884.5,4.3,1.52373,356.375185,-16.114124,11.4408,434.92,CANDIDATE
2383.01,20897611,APC,3.1353607,1.438,8634.0,22.286,1290.0,459.818,5503.0,4.4,1.06,1.484836,-20.653955,10.459,174.593,CANDIDATE
2384.01,382602147,CP,2.1357026,1.9116457,29272.618489,11.6264152,799.5461856,96.5817843,3678.2,,0.666652,36.156146,-65.000196,13.3147,191.51,CONFIRMED
2385.01,231850364,PC,3.1581288,2.3951941,16867.3851717,13.5726225,1006.6637991,242.6938695,4367.6,,1.02417,26.965078,-61.686758,13.5445,401.837,CANDIDATE
2387.01,237885040,APC,5.6601098,1.5377473,8427.6778878,12.3816484,1111.8221321,361.1289137,5859.8,4.4,1.1873699,20.410382,-64.87571,11.8933,396.308,CANDIDATE
2388.01,382625239,PC,1.3442724,4.6777347,44.3806696,,1651.5041046,1758.0840398,,,,118.388357,-63.769812,8.115,,CANDIDATE
2389.01,89544985,PC,2.3372423,1.4487311,11568.4008531,10.5103504,1235.1886902,550.1159381,5335.0,4.5,0.910484,357.962301,-19.17848,13.3922,526.591,CANDIDATE
2390.01,369965258,PC,2.1192866,1.5061152,1701.2818142,8.4965052,2177.929595,5317.3634661,7022.0,4.2,1.99761,5.128602,-61.386174,11.3641,659.201,CANDIDATE
2391.01,299897516,PC,7.8369842,6.8077198,14532.9486121,21.4721115,1164.3472682,434.3612918,5774.8,4.4,1.75826,10.162056,-60.880424,12.937,859.509,CANDIDATE
2392.01,149349867,PC,5.9123675,4.672,416.0,3.28952,1431.0,697.86,6187.3,3.87,1.76,83.783703,-64.11662,10.3998,325.608,CANDIDATE
2392.02,149349867,PC,3.4072141,3.892,315.0,2.96344,2021.0,2770.93,6187.3,3.87,1.76,83.783703,-64.11662,10.3998,325.608,CANDIDATE
2392.03,149349867,PC,9.1696498,4.9227951,186.1944669,2.4628421,1209.6187141,505.9586098,6187.3,3.87,1.76167,83.783703,-64.11662,10.3998,325.608,CANDIDATE
2393.01,231071138,PC,18.84184,3.184,5970.0,9.05304,653.0,30.3347,5603.0,4.35,1.1,32.943352,-56.756226,12.0585,372.18,CANDIDATE
2394.01,144297844,PC,3.4977868,2.236,1790.0,3.47575,1105.0,248.389,5356.0,4.59,0.81,178.890769,-10.029102,11.9522,236.363,CANDIDATE
2395.01,144124187,PC,7.8686762,4.0228111,10335.986166,11.8276114,1036.7520296,273.0364186,6394.0,4.43,1.13572,175.879369,-7.296091,11.7622,413.22,CANDIDATE
2396.01,333734769,APC,1.5099302,1.329,2230.0,8.891,1599.0,1087.82,5735.0,3.96,1.76,170.150082,-26.153136,11.4944,469.613,CANDIDATE
2397.01,306337838,PC,6.00327,3.947,4920.0,7.59354,1130.0,271.529,5527.0,4.37,1.06,18.496744,-6.826842,12.0749,330.684,CANDIDATE
2398.01,322807675,PC,19.4061437,1.961,11150.0,8.75357,398.0,4.19986,5099.0,4.55,0.82,173.703285,-25.604717,11.6701,195.153,CANDIDATE
2399.01,219701535,PC,5.4681892,1.814,4290.0,11.2463,1109.0,251.65,6597.0,4.16,1.61,175.472837,-21.796763,11.738,611.359,CANDIDATE
240.01,101948569,PC,19.4723016,4.2893299,1766.1828394,3.6117414,453.4125095,9.9883786,4333.0,4.5109,0.702945,14.75491,-44.160869,10.7011,74.881,CANDIDATE
2400.01,260849386,FP,1.0339,1.404,520.0,5.37338,1993.0,2619.59,6444.0,3.84,2.28,118.937216,-54.266268,10.7961,465.461,FALSE POSITIVE
2401.01,11521555,PC,5.8681984,3.651,2639.0,18.1157,1704.0,1402.27,6294.0,3.55,3.1,146.44726,-25.457737,9.0982,323.506,CANDIDATE
2402.01,1525480,PC,5.5094951,2.892,7700.0,8.55825,999.0,165.972,5519.0,4.45,0.97,156.527712,-17.262814,12.2668,345.003,CANDIDATE
2404.01,142087638,PC,20.362741,4.5890238,1126.8782473,4.2523478,751.630191,75.428916,6142.0,4.35874,1.18003,98.442149,-74.190098,11.1464,295.737,CANDIDATE
2404.02,142087638,FP,74.6068965,4.8874071,2304.7237253,9.1295659,487.5546513,13.3540875,6142.0,4.35874,1.18003,98.442149,-74.190098,11.1464,295.737,FALSE POSITIVE
2404.03,142087638,FP,74.6065192,3.6758167,2377.6887561,9.5163991,487.555473,13.3541775,6142.0,4.35874,1.18003,98.442149,-74.190098,11.1464,295.737,FALSE POSITIVE
2405.01,231297123,PC,1.9792573,1.6873516,2235.6640941,4.1930997,946.5097378,189.6799154,4001.0,4.47278,0.756551,45.144066,-51.793599,12.5515,153.332,CANDIDATE
2406.01,212957629,CP,3.0766835,1.2491751,18848.5607395,2.722618,410.2983965,6.6976166,3163.0,5.0701,0.1966,8.806054,-3.372083,14.3109,55.419,CONFIRMED
2407.01,153078576,CP,2.7029187,1.6998642,5132.6782834,3.7942392,657.0962083,44.0592242,3596.0,4.71597,0.524573,49.746545,-46.458025,12.5264,92.4366,CONFIRMED
2408.01,67630845,PC,9.4636148,3.061,5050.0,5.45543,787.0,63.7261,4935.0,4.59823,0.75,18.24241,-32.966016,11.9205,186.328,CANDIDATE
2409.01,321068176,FA,12.9696927,1.1129072,4085.6845383,6.1709882,685.0551684,52.0502944,5017.0,4.38114,0.972753,44.338399,-41.191773,11.2711,187.553,FALSE POSITIVE
2410.01,248391319,APC,0.7988525,0.831,1700.0,4.00703,1325.0,512.916,4785.0,4.45252,0.86,19.626878,-0.056398,12.2478,232.822,CANDIDATE
2411.01,10837041,CP,0.782765,1.2621481,519.1912192,1.7472713,1288.7431256,651.9082071,4099.0,4.52,0.727642,20.922457,-8.701794,10.4238,59.5362,CONFIRMED
2412.01,684936227,FA,15.29859,3.214,1187.0,,499.0,10.3396,4131.3,,,62.379568,-62.850656,11.9755,57.6851,FALSE POSITIVE
2413.01,206498307,FP,13.4190392,5.9221882,4668.5368695,12.4259675,914.4158726,165.23271,5184.9,3.9254,1.69269,332.188392,-18.992719,11.3882,340.766,FALSE POSITIVE
2415.01,161223358,PC,0.5153654,1.0,37197.8857871,12.0910878,1196.5565655,484.4555527,3558.0,4.63662,0.617346,340.976993,-53.428366,14.9333,341.299,CANDIDATE
2416.01,237922465,CP,8.2754608,3.755,6510.0,11.5451,942.0,130.93,5515.2,4.24,1.39,57.338941,-60.787186,12.4333,557.733,CONFIRMED
2417.01,49617263,FP,4.83266,2.308,830.0,4.9031,993.0,161.807,5485.4,3.9,1.83,37.885227,-40.016204,10.2589,257.337,FALSE POSITIVE
2418.01,65347776,FP,25.86696,4.923,2240.0,7.41184,883.0,100.989,5095.0,4.56,0.8,39.725259,-27.324227,10.9166,135.101,FALSE POSITIVE
2419.01,358248442,PC,18.8812961,5.943,915.0,3.61081,888.0,103.276,5924.0,4.14,1.35,53.270375,-56.588436,10.4354,245.495,CANDIDATE
242.01,120585579,FP,6.340315,4.249306,25410.703288,20.517917,1141.1166259,400.7201062,6083.0,4.28983,1.2666,4.451423,-38.110855,12.5766,577.489,FALSE POSITIVE
2420.01,268532343,CP,5.84259,3.747,2670.0,11.8252,1166.0,307.599,5707.0,3.76,2.2,14.826814,-19.771164,10.8285,435.174,CONFIRMED
2421.01,70524163,CP,4.3474,4.684,3520.0,10.753,1475.0,786.037,5618.0,3.93,1.79,33.154021,-35.390918,10.6918,327.927,CONFIRMED
2422.01,29919341,APC,18.23603,4.91,3090.0,10.0179,,411.58,6159.7,,0.88,24.884512,-7.394729,9.4843,100.804,CANDIDATE
2423.01,197807043,PC,,4.208,12640.0,14.2836,701.0,40.1659,6057.0,4.41,1.1,53.467245,-57.621295,9.5137,133.354,CANDIDATE
2424.01,313891529,FP,12.3750537,6.6166181,4155.6104825,17.1909846,1258.376981,592.6032964,6173.5,3.76326,2.36235,0.315071,-28.493223,10.2845,410.945,FALSE POSITIVE
2425.01,248387177,PC,50.6939885,4.068,11200.0,8.48837,364.0,2.93192,5216.0,4.6039,0.78,19.130697,-0.290103,11.2415,159.676,CANDIDATE
2426.01,97486178,PC,4.08165,2.691,460.0,2.38239,1226.0,376.072,5716.0,4.42,1.02,43.811698,-20.78129,9.97008,138.301,CANDIDATE
2427.01,142937186,CP,1.30613,0.634,560.0,1.99844,783.0,62.7136,4072.0,4.58,0.68,52.291732,-31.362867,9.0138,28.5147,CONFIRMED
2428.01,274193763,APC,7.57017,0.916,1500.0,,,,,,,53.831468,3.028639,9.966,,CANDIDATE
2429.01,420051632,PC,7.0846492,3.102328,591.5301151,2.1949984,835.9337133,115.4006791,5517.8,4.57,0.842833,36.363902,1.057529,9.4752,87.0852,CANDIDATE
243.01,149010208,APC,3.4373093,4.3114755,15017.9801247,25.668105,1802.9989447,2497.4850189,6046.0,4.29639,1.94932,3.394115,-31.334403,11.681,709.175,CANDIDATE
2430.01,23170835,PC,1.10071,0.909,680.0,4.67495,1598.0,1082.9,6409.0,4.14,1.59,46.558777,-9.810051,10.3682,297.858,CANDIDATE
2431.01,258804746,CP,0.224195,0.292,540.0,5.59553,1998.0,2649.15,4079.0,4.58,0.68,37.765299,8.381625,9.5209,36.0559,CONFIRMED
2432.01,347553438,PC,1.82738,1.491,870.0,8.96794,1446.0,727.6,6130.5,3.58,2.89,45.112779,0.380842,10.1849,463.05,CANDIDATE
2433.01,405763009,PC,,2.8686583,3377.1602587,1.8103101,200.5072077,0.3819803,3323.0,4.91599,0.308919,299.440244,56.971091,12.0349,32.6094,CANDIDATE
2434.01,155001079,APC,1.3808138,0.9133596,329.1752026,7.5531443,4522.7647415,98886.497136,9431.0,3.64947,3.83824,345.155415,46.032536,9.06657,594.987,CANDIDATE
2435.01,298164705,PC,,5.0482027,1840.1196782,3.7761104,595.3675075,29.6935087,5650.08,4.55536,0.874994,219.338411,56.666184,10.5142,150.086,CANDIDATE
2436.01,154568734,PC,,8.7302689,367.8233419,2.4101533,656.555832,43.914471,6291.0,4.34633,1.2336,191.297899,72.123084,8.55595,102.97,CANDIDATE
2437.01,251094370,PC,5.1660127,3.01966,1263.5326305,4.1062551,1126.8564017,381.0617054,5927.0,4.37728,1.11457,37.938574,-5.514987,11.2571,286.8,CANDIDATE
2438.01,686072378,FP,1.9426003,1.0206743,504062.379922,,1460.76696,1076.0804741,5780.0,4.438,,68.226889,-32.88712,16.2463,299.842,FALSE POSITIVE
2439.01,274194927,PC,14.3614789,4.0964994,2859.7577713,5.0510341,679.0808773,50.2582088,5283.0,4.438,0.946146,54.028395,1.933815,11.2212,246.165,CANDIDATE
244.01,118327550,CP,7.397216,1.3164962,953.5477499,1.2711131,409.942287,6.6743946,3342.0,4.438,0.407103,10.569754,-36.717974,10.3475,22.0337,CONFIRMED
2440.01,129839175,APC,0.6461571,1.1963822,6290.6211389,15.3572514,2092.161358,4527.9508872,5256.8,4.27128,1.14951,55.270024,-36.943731,11.0529,212.588,CANDIDATE
2441.01,219175972,PC,12.8900899,2.5413229,3520.6971104,2.9698317,363.3971818,4.1214233,3478.0,4.76582,0.46769,91.410152,-51.679614,12.8332,84.5243,CANDIDATE
2441.02,219175972,PC,5.5514857,2.0186927,1282.3227899,2.0319062,481.205367,12.6719325,3478.0,4.76582,0.46769,91.410152,-51.679614,12.8332,84.5243,CANDIDATE
2442.01,168871868,FP,17.1217196,6.507,131000.0,10.2267,1053.0,204.585,5762.0,4.44944,1.0,65.100654,-31.081604,11.402,262.475,FALSE POSITIVE
2443.01,318753380,CP,15.6692322,4.562853,1393.3814802,2.6868893,486.9971964,13.2931176,4214.44,4.52845,0.732115,40.179861,1.199676,8.2969,23.9258,CONFIRMED
2444.01,29959760,APC,1.6473887,1.3242991,32325.7685306,15.7358835,800.5813089,97.0829105,3556.0,4.65625,0.594044,42.263784,-16.55928,13.6732,190.748,CANDIDATE
2445.01,439867639,CP,0.3711334,0.4918187,2322.6218151,1.4062147,964.4647664,204.4873602,3333.0,4.95786,0.272233,43.316155,0.052337,13.1292,48.582,CONFIRMED
2446.01,142868621,PC,18.685862,5.4844,1215.9529886,4.2075538,690.8611696,53.8374071,5926.0,4.48242,0.987496,50.942745,-31.265187,10.208,159.87,CANDIDATE
2447.01,1167538,CP,,8.291,8735.0,10.2185,719.0,44.5933,5825.0,4.43,1.04,70.997586,-31.906637,10.0127,148.987,CONFIRMED
2448.01,231721005,FP,9.0182016,3.08,492.0,3.54998,1463.0,762.028,9671.0,4.33,1.78,80.740227,-53.76459,10.0039,490.818,FALSE POSITIVE
2448.02,231721005,PC,19.7580247,3.198,483.0,3.80858,1035.0,191.036,9671.0,4.33,1.78,80.740227,-53.76459,10.0039,490.818,CANDIDATE
2449.01,170729775,CP,16.6542431,7.792,10168.0,11.9082,1215.0,362.642,6054.0,4.43,1.08,67.984371,-34.455533,9.8999,156.786,CONFIRMED
245.01,154618248,PC,8.7709021,0.926,1107.0,12.5053,886.0,102.621,6208.0,4.438,1.46,345.779176,-33.500473,8.5509,127.272,CANDIDATE
2450.01,408114363,PC,17.8832414,4.3420932,6750.4878782,6.4171164,582.0683673,27.1279511,5426.0,4.63305,0.776644,77.952525,6.795745,11.4894,188.967,CANDIDATE
2451.01,4294779,FP,0.3438892,0.9696069,24850.3953805,8.5611179,1174.242267,449.3159514,3199.0,4.70217,0.540483,81.312676,-0.770748,15.8552,361.474,FALSE POSITIVE
2452.01,219208037,FP,0.9776805,0.7657397,965.3175192,3.3784252,1554.1366421,1378.7254797,4456.2,,1.09813,93.098193,-50.930948,11.1925,148.462,FALSE POSITIVE
2453.01,59128183,PC,4.4414275,1.393441,3375.8183277,3.0014777,550.7815271,21.7489585,3609.0,4.73522,0.502498,74.837485,12.936353,12.4223,81.9043,CANDIDATE
2454.01,67782629,PC,8.5063687,2.8291905,968.2734253,2.5051088,659.8835801,44.8115834,4431.2,4.45,0.82124,64.32265,-7.766009,10.7047,91.9976,CANDIDATE
2455.01,434260570,PC,4.720489,1.8316316,47110.570638,14.6186346,526.8565787,18.2091901,3553.0,4.74625,0.489916,64.243824,14.771562,12.986,143.9793,CANDIDATE
2456.01,311271011,PC,,1.8522307,1219.8107094,2.8398685,539.4735051,20.0171149,4968.0,4.55877,0.788051,80.57987,10.575049,9.588,69.1329,CANDIDATE
2457.01,117799904,PC,14.1993538,2.5629666,1859.1571503,2.7591068,452.1179596,9.8747938,4045.0,4.63657,0.631569,70.167322,-12.890726,10.8749,61.425,CANDIDATE
2458.01,449197831,CP,3.7369689,1.9917422,310.4978088,2.3797323,1396.0501486,897.6872949,6092.0,4.25,1.32975,79.621529,1.253439,8.71008,112.958,CONFIRMED
2459.01,192790476,CP,19.1047019,3.2516728,1906.0596245,2.9365337,435.7259839,8.5187297,4195.0,4.59888,0.675093,82.143332,-39.373046,9.3951,36.6113,CONFIRMED
2460.01,454224694,APC,0.515461,0.8502512,1462.4242309,6.5688522,2362.2278419,7358.8192788,5994.0,4.44879,1.03783,79.528174,2.563675,11.3357,279.5,CANDIDATE
2462.01,248434780,PC,12.8643168,4.7778345,6907.9754982,17.4453322,1012.8837698,248.7479157,5365.0,4.41,1.82733,77.314465,-5.557409,11.7884,516.495,CANDIDATE
2463.01,452375478,PC,10.6079445,12.7030565,1233.9391066,11.6613557,1591.7023708,1516.940178,6481.0,3.54495,3.2125199,88.090245,-48.09086,9.0318,332.825,CANDIDATE
2465.01,146523262,PC,3.759205,2.9961712,892.1135724,3.1563691,1305.1938483,685.837258,6808.4,4.59,1.01507,76.737031,-18.904621,10.2994,219.093,CANDIDATE
2467.01,71013298,PC,1.7556616,1.3491032,444.0879481,1.7738475,1197.6740653,486.2678796,4909.0,4.52554,0.808741,65.717639,-12.677035,10.2712,94.7639,CANDIDATE
2468.01,31114545,FP,24.4232697,3.788,1920.0,11.2009,782.0,62.1143,6102.0,3.75,2.37,80.896099,-24.121296,10.3598,421.726,FALSE POSITIVE
2469.01,117843067,FP,2.3767548,3.225,7940.0,23.4044,2006.0,2690.9,6931.0,3.8,2.57,70.308489,-15.672123,10.6749,632.183,FALSE POSITIVE
2470.01,298981199,PC,7.1853092,2.347,800.0,2.12356,687.0,37.1797,4562.0,4.56,0.74,70.428548,-0.600003,10.0632,66.7536,CANDIDATE
2471.01,71088556,PC,6.5857043,2.777,1420.0,13.2476,1522.0,891.424,5908.4,3.55,2.88,66.514805,-12.51168,10.4723,499.452,CANDIDATE
2472.01,248650906,PC,,6.71,390.0,3.35556,1088.0,232.874,5824.0,4.0,1.69,67.042733,-3.145653,8.94848,148.667,CANDIDATE
2473.01,399868187,PC,1.2311781,2.756,3562.0,17.567,3579.0,27258.8,6589.1,4.21,1.53,74.374979,10.416737,10.5347,284.183,CANDIDATE
2474.01,449257028,PC,4.278752,4.11,220.0,5.33342,1303.0,479.761,4971.0,,3.5,79.844207,3.122675,7.82622,132.686,CANDIDATE
2475.01,373453507,FP,15.7925628,2.823,1190.0,4.82429,620.0,24.617,5600.0,4.16,1.37,76.524234,10.594174,10.7302,235.608,FALSE POSITIVE
2476.01,43868600,APC,3.8865992,2.909,590.0,14.0296,1104.0,247.041,4731.6,,5.67,78.108877,-7.257924,10.1263,537.765,CANDIDATE
2477.01,412054152,PC,34.7769296,5.598,1383.0,12.9584,229.0,511.815,7505.2,4.09,1.96,79.742457,15.203062,10.2422,362.227,CANDIDATE
2478.01,262435954,PC,2.6473916,2.8595222,568.2994163,2.737769,1385.5952225,871.0969851,5748.0,4.34,1.1287,73.554354,1.233623,10.6827,209.93,CANDIDATE
2479.01,167661160,PC,36.8382429,4.9462843,965.1649482,3.7858994,565.8728882,24.2324067,5363.1,4.08,1.2099299,79.709348,-36.037694,9.354,104.896,CANDIDATE
248.01,201793781,PC,5.9910569,3.4644509,411.3820085,2.3197704,1046.7197587,283.6891271,5711.7,3.84,1.12148,34.684283,-54.859725,8.4642,75.9529,CANDIDATE
2480.01,1449756,FP,11.3543085,3.414,2190.0,9.40688,913.0,115.756,6421.0,3.98,1.92,75.174905,-34.815988,10.8256,470.356,FALSE POSITIVE
2481.01,262258341,PC,11.994832,3.374,1260.0,3.11124,766.0,57.2917,5567.0,4.56,0.86,77.804406,2.427361,10.6675,151.756,CANDIDATE
2482.01,117938087,PC,14.9315582,4.729,590.0,1.58293,709.0,41.9664,4779.1,,0.61,71.518246,-15.343431,9.6254,,CANDIDATE
2483.01,219151731,FP,1.4853364,1.302,650.0,4.86539,1675.0,1309.65,6137.7,4.19,1.51,89.835166,-49.469569,10.1217,259.299,FALSE POSITIVE
2484.01,68035559,PC,8.3272872,2.517,2970.0,5.183,787.0,63.8466,5632.0,4.54,0.89,219.734215,37.02674,10.8945,179.127,CANDIDATE
2485.01,328934463,CP,11.2347982,6.217,4780.0,12.196,1121.0,262.58,6016.4,4.01,1.72,205.204322,22.983969,10.9687,397.953,CONFIRMED
2486.01,369376388,PC,1.5411764,1.535,1510.0,3.17311,1089.0,233.78,4307.3,,0.77,59.85217,-36.476026,11.1869,96.5003,CANDIDATE
2487.01,394346745,PC,3.4024655,3.141,14990.0,15.364,1430.0,695.002,5822.0,4.3,1.21,42.888322,-81.006992,12.8466,646.188,CANDIDATE
2488.01,139251123,PC,10.7668398,4.2439843,1933.6811005,10.5027085,1187.3005031,469.63841,5394.0,4.4,2.3196101,347.136174,-45.026493,10.6292,385.238,CANDIDATE
2489.01,279327604,APC,1.426951,1.3367863,2881.7106387,8.8281188,1528.3477807,1289.4656111,5421.0,4.6,1.02349,332.553092,-45.049614,11.2451,215.394,CANDIDATE
249.01,179985715,PC,6.6153188,2.3345844,1341.3720224,2.2695325,570.3462995,25.0078015,4157.0,4.59257,0.603418,14.080026,-38.949234,11.2738,70.6272,CANDIDATE
2490.01,77437543,PC,,7.474737,4407.5735305,7.8938765,770.4245689,83.2609761,5459.0,4.27837,1.17142,73.124509,-36.257098,11.2759,267.648,CANDIDATE
2491.01,80567842,APC,5.92777,2.5599954,12984.5364661,20.4068988,1608.3142967,1581.2651219,8343.0,4.36705,1.55754,87.283391,9.627515,11.0233,533.726,CANDIDATE
2492.01,282498590,FP,10.1004307,4.977,13680.0,17.4827,1118.0,260.172,6519.0,4.22,1.49,90.099738,5.11447,11.6749,421.423,FALSE POSITIVE
2493.01,123664207,PC,,2.0935301,1704.3313705,2.6595119,468.4364849,11.3795177,4242.0,4.62878,0.652251,89.746248,-21.575094,11.433,93.1416,CANDIDATE
2494.01,282576340,PC,8.3761316,1.976,9060.0,9.53663,800.0,68.1559,5376.0,4.49858,0.9,90.159529,0.131482,10.7202,152.866,CANDIDATE
2494.02,282576340,PC,2.4087648,1.881,590.0,2.23597,1257.0,415.189,5376.0,4.49858,0.9,90.159529,0.131482,10.7202,152.866,CANDIDATE
2495.01,33091590,PC,7.795385,1.6941573,2783.9129229,1.8939264,379.9713444,4.92634,3356.0,4.8711,0.352909,104.827007,-4.828274,12.2285,43.0789,CANDIDATE
2496.01,160328683,PC,1.5746828,1.9286406,77503.5100766,22.9576146,741.6362852,71.4965163,3273.0,4.66823,0.579963,91.196155,-32.580197,14.1969,196.683,CANDIDATE
2497.01,97568467,CP,10.655694,7.8236322,2103.6578759,11.7630857,1433.4467118,997.808531,6715.0,3.79727,2.49897,90.062588,11.884058,9.14112,285.289,CONFIRMED
2498.01,263179590,CP,3.7382381,2.975208,1316.4622757,4.774123,1352.3587386,790.4759269,5938.0,4.25146,1.2906801,95.41622,11.251648,10.844,275.265,CONFIRMED
2499.01,67196573,APC,2.5574812,1.053,1860.0,17.7879,1400.0,639.207,5844.0,4.33,1.13,89.456648,-11.418203,10.7996,233.953,CANDIDATE
2500.01,206785987,PC,2.955314,3.031,6470.0,13.1598,1978.0,2541.33,7837.0,4.31121,1.58,96.69897,8.200979,11.619,702.71,CANDIDATE
2501.01,134471108,PC,5.3262922,2.2585228,1501.6874101,2.6350944,641.8756259,40.1166389,4066.0,4.60684,0.658727,108.066593,-44.027544,11.6751,93.8832,CANDIDATE
2504.01,206906112,PC,13.5853506,4.703902,3149.5795009,15.2559264,1277.4513763,629.3590997,8389.0,4.29787,1.69485,97.214862,11.53189,10.6358,508.561,CANDIDATE
2505.01,443127052,PC,2.8972041,1.958,640.0,4.096,1297.0,470.021,5879.0,4.09,1.55,95.486535,-11.541394,10.7015,282.783,CANDIDATE
2506.01,393298446,APC,14.9695925,5.832,430.0,3.04784,,219.916,6456.0,,1.46,92.010974,-39.010809,9.9257,236.243,CANDIDATE
2507.01,354519019,PC,17.3051476,3.4976316,657.1128437,2.7663379,676.7077743,49.5593572,5824.0,4.53,0.923281,82.559826,-43.798459,9.4951,103.454,CANDIDATE
2508.01,147430118,PC,1.6951056,3.238,370.0,3.11352,,6387.13,6796.0,,1.61,104.817965,-14.444511,10.3559,306.597,CANDIDATE
2509.01,143282930,APC,1.5339665,2.128,470.0,4.28924,2063.0,3012.65,6694.0,4.02,1.92,94.409738,-9.631072,10.7088,446.952,CANDIDATE
251.01,224225541,CP,4.9377227,2.1294254,844.8199092,2.8269897,1041.1942661,277.7461661,5862.0,4.51783,0.955756,353.062066,-37.255863,9.3258,99.523,CONFIRMED
2510.01,170103435,FP,1.9785151,1.282,500.0,2.69714,1326.0,514.024,6317.0,4.35,1.23,101.397361,-46.565471,10.0879,204.166,FALSE POSITIVE
2511.01,124702477,FP,0.7951534,0.912,1920.0,9.70612,1906.0,2195.21,6811.0,4.02,1.96,104.752514,-7.897455,10.9539,523.867,FALSE POSITIVE
2512.01,124491883,PC,2.3933087,5.507,150.0,2.03235,2502.0,6511.62,6393.0,4.08,1.72,93.509715,-20.997714,9.22605,199.337,CANDIDATE
2513.01,59842822,PC,2.5577037,2.577,530.0,3.9587,1727.0,1478.98,6039.0,4.03,1.7,94.027709,-21.279477,10.0509,258.693,CANDIDATE
2514.01,317134140,PC,6.3951381,4.047,510.0,2.10043,1181.0,323.891,5563.0,4.45,0.98,86.719534,-17.029089,10.667,173.764,CANDIDATE
2515.01,123627908,PC,5.9016526,2.417,2450.0,13.6737,1493.0,826.195,6127.0,4.02,1.74,89.293899,-18.672245,10.1083,281.448,CANDIDATE
2516.01,295947393,APC,5.4927168,7.906,5290.0,18.5905,,14464.4,9623.0,4.08,2.37,109.0444,-17.453065,9.9552,545.079,CANDIDATE
2517.01,48178229,FP,2.6788253,2.49,350.0,5.07891,1726.0,1476.0,6863.0,3.93,2.19,99.172585,-23.309761,10.0386,403.768,FALSE POSITIVE
2518.01,96925186,PC,6.8979432,3.401,550.0,2.18563,1095.0,239.133,6016.0,4.49,0.99,105.44485,-34.919687,10.2282,160.825,CANDIDATE
2519.01,47720259,PC,6.9551801,2.062,770.0,2.29124,691.0,38.0097,4742.0,4.57,0.75,97.891717,-23.951598,10.2807,81.856,CANDIDATE
252.01,237924601,APC,1.0021853,0.5001924,2319.9972324,5.0155627,1562.7103079,1409.4020834,5071.0,4.48308,0.874822,57.553653,-63.053919,11.7497,190.596,CANDIDATE
2520.01,177414713,PC,2.0944084,4.133,320.0,1.39836,2128.0,3407.6,5298.0,4.62,0.77,106.841463,-11.436773,9.859901,87.4053,CANDIDATE
2521.01,72556406,APC,5.563087,4.533,2520.0,9.04133,1313.0,494.188,5491.4,3.85,1.72,93.529144,-8.062309,10.8218,341.347,CANDIDATE
2522.01,148883384,PC,2.0988541,4.365,350.0,1.66554,2033.0,2840.05,5531.0,4.45,0.97,107.118513,-12.147866,9.1239,84.5017,CANDIDATE
2523.01,443213925,PC,4.6410823,2.849,660.0,2.86438,1200.0,344.881,5809.0,4.36,1.12,95.809871,-11.348617,10.1424,166.257,CANDIDATE
2524.01,169249234,CP,7.1858029,4.2542613,11192.4995247,13.1612,1061.0,210.609,5758.3,4.3,1.19,160.886843,-1.912698,12.1772,438.842,CONFIRMED
2525.01,149601126,CP,23.3418536,6.4129373,6473.602151,9.7267129,512.9721403,16.3642505,4944.0,4.51,0.824284,86.850974,-60.521308,13.4006,395.398,CONFIRMED
2525.02,149601126,CP,49.2445599,6.5807145,15606.4614867,10.3670919,399.9626824,6.0478205,4944.0,4.51,0.824284,86.850974,-60.521308,13.4006,395.398,CONFIRMED
2526.01,380836882,PC,8.011385,5.197,7890.0,11.7844,1268.0,429.98,5923.0,4.25,1.29,270.134849,-65.613808,11.0586,302.145,CANDIDATE
2527.01,126572546,PC,2.3018922,3.706,1260.0,12.146,2270.0,4411.81,6919.0,3.54,3.45,136.653301,-50.48045,11.1673,743.085,CANDIDATE
2528.01,83154030,PC,11.7248927,5.928,8540.0,8.72604,1056.0,206.968,5980.0,4.56,0.91,188.834597,-18.029479,12.9363,513.431,CANDIDATE
2529.01,269333648,CP,,8.943,4240.0,10.9718,808.0,70.9731,5822.0,3.97,1.75,118.994535,-52.354833,10.6693,296.271,CONFIRMED
253.01,322063810,PC,3.5104148,2.0,308.8285985,1.328654,723.3731892,64.709886,4020.0,4.438,0.639371,14.318503,-51.585251,9.3626,30.8431,CANDIDATE
2530.01,52059926,PC,,4.646,21624.0,11.1787,405.0,4.48015,4490.0,4.55,0.74,16.772687,-68.368103,12.7296,216.581,CANDIDATE
2531.01,262843259,PC,8.1484094,3.168587,13497.6071224,10.1405034,789.8623006,91.987019,5320.0,4.52,0.873132,52.531218,-60.875623,12.4329,314.693,CANDIDATE
2532.01,20579360,PC,16.7224532,4.223,11640.0,9.46753,721.0,44.9403,5560.0,4.54,0.88,201.167653,-19.89616,12.646,363.49,CANDIDATE
2533.01,418012030,PC,6.6857865,2.896,6690.0,9.65352,1008.0,171.835,6144.3,4.4,1.13,212.638797,26.42343,11.6417,368.409,CANDIDATE
2534.01,219332978,PC,,8.475,5180.0,12.0956,1011.0,174.059,6421.5,4.12,1.64,338.644613,-57.570425,10.8209,392.929,CANDIDATE
2535.01,204698337,PC,16.4452725,3.038,11810.0,9.85518,566.0,17.053,5278.0,4.51,0.88,185.529463,-24.943187,12.7024,343.587,CANDIDATE
2536.01,20299658,PC,31.9919595,8.8239957,13054.0547159,,574.154107,25.6823585,5780.0,4.438,,90.963936,-39.546448,12.7022,631.951,CANDIDATE
2537.01,399967279,CP,94.0997954,4.8738442,20525.1201107,14.5890881,421.2871907,7.444474,4696.7,4.54,1.0143,54.388266,10.057746,12.0294,184.986,CONFIRMED
2538.01,443115574,PC,2.9103781,3.606,1480.0,12.2597,2282.0,4501.88,7340.8,4.09,3.5,95.226318,-7.29894,10.597,906.746,CANDIDATE
2539.01,201508515,PC,0.985586,1.5285482,1343.3387762,5.2012051,2118.8465446,4763.4215785,5799.4,4.11,1.38013,93.038442,-30.787931,11.5606,386.525,CANDIDATE
254.01,49687222,FA,20.186539,1.866565,1006.041833,3.283981,696.8959687,55.7433174,6101.0,4.48196,1.01859,351.705383,-11.725573,9.8343,133.3143,FALSE POSITIVE
2540.01,354518617,PC,12.7187255,3.1582562,1144.1789073,2.5924633,477.2453303,12.2599233,4036.3,4.65,0.661076,82.558548,-42.697946,8.2731,19.1419,CANDIDATE
2540.02,354518617,APC,22.0819969,3.073,1019.0,2.28729,435.0,5.94816,4036.3,4.65,0.66,82.558548,-42.697946,8.2731,19.1419,CANDIDATE
2541.01,31054498,PC,1.4118418,2.702,520.0,8.14924,2858.0,11077.2,7839.6,4.13,3.52,80.508824,-25.722355,9.9048,737.809,CANDIDATE
2542.01,431971818,PC,4.1133928,2.7670768,24315.2652878,,1137.5627449,395.7513853,5780.0,4.438,,120.556913,-23.523374,14.9801,4625.12,CANDIDATE
2543.01,270604417,CP,7.5427509,6.4481914,3098.3066655,10.8099759,1331.0393949,741.7962608,6349.8,4.11,1.86619,136.596917,3.56767,10.8165,426.798,CONFIRMED
2544.01,341419787,FP,21.0689935,3.7404027,3392.7700746,15.3646915,952.5129011,194.5380096,5441.0,4.41,1.98859,120.153396,-54.509002,10.7607,377.872,FALSE POSITIVE
2545.01,149845414,CP,7.9940367,4.271047,404.6194381,2.5576021,1022.9865778,258.8217348,5846.29,4.26525,1.25324,135.545803,-3.420819,8.90594,107.118,CONFIRMED
2546.01,388089437,APC,2.1811989,0.428,2300.0,18.7156,974.0,149.461,6125.96,4.17403,1.46,120.969221,11.135462,11.8215,515.356,CANDIDATE
2548.02,350293646,CP,1.4468993,0.779,549.0,4.98711,1719.0,1452.18,5238.0,4.54438,0.84,131.106996,1.859893,10.0471,100.588,CONFIRMED
2549.01,80711765,PC,4.8580501,5.7405699,11067.0819039,,1545.9494627,1349.9017874,8303.0,4.438,,121.98269,-44.666911,11.732,970.123,CANDIDATE
2550.01,294500964,FP,9.0702531,1.9063647,3806.1953378,5.7395383,827.1534677,110.6280815,5509.1,4.52,0.916742,122.228117,12.207623,10.7757,182.937,FALSE POSITIVE
2551.01,6276559,PC,5.436841,2.335,2660.0,7.79881,1355.0,560.394,7980.0,4.37685,1.49,112.515604,-11.79048,11.7664,730.421,CANDIDATE
2552.01,31515092,PC,2.3701119,1.8215643,2049.0263458,3.0793796,847.8780456,122.1390568,4007.0,4.56359,0.684741,115.918702,-10.257081,11.8762,102.256,CANDIDATE
2553.01,238542895,PC,8.3848067,4.5181283,11925.6417552,11.5945537,936.3549718,181.6699451,5757.5,4.29,1.02264,121.852319,-49.602939,11.8225,339.025,CANDIDATE
2554.01,144043410,FP,6.2636501,5.3639991,7043.2784811,17.7665063,1574.6602021,1453.0093429,6969.2,4.17,2.04438,126.755088,-20.680147,10.5484,483.922,FALSE POSITIVE
2555.01,155491828,FP,16.0475029,3.334,13630.0,19.3344,725.0,46.0707,6337.5,,1.6,123.488475,-24.7173,11.1169,441.932,FALSE POSITIVE
2556.01,468981993,APC,8.0149323,4.6198374,4426.4689118,9.5021286,1078.778438,320.0737304,5886.2,4.25,1.3302799,128.702871,8.569483,10.7003,277.281,CANDIDATE
2557.01,269400980,PC,9.8302309,4.0164674,5116.722044,27.5606205,1594.5662998,1527.8873209,6683.6,,2.86532,119.245948,-49.473563,11.2047,797.474,CANDIDATE
2558.01,283307274,PC,17.7859152,4.2520718,6535.8664276,12.0078948,805.3455558,99.4145767,5834.0,4.25,1.38395,128.24579,-25.256245,11.6919,400.905,CANDIDATE
2559.01,441453629,PC,4.2002507,2.627,25670.0,14.9915,1093.0,236.94,5709.9,4.53,0.91,312.011689,-35.842605,13.1141,502.887,CANDIDATE
2560.01,441155146,PC,3.5511203,2.634,19660.0,13.8379,1117.0,258.816,5321.0,4.42,0.98,332.759205,-27.295719,13.5328,594.274,CANDIDATE
2561.01,422385684,PC,2.7754004,3.142,8510.0,15.2778,1553.0,966.571,5905.0,4.05,1.62,318.600471,66.404803,12.1504,581.074,CANDIDATE
2562.01,420177051,PC,4.0483695,2.896,12060.0,13.766,1256.0,413.846,6054.0,4.3,1.24,292.018975,77.378608,12.5945,587.158,CANDIDATE
2563.01,387409975,PC,5.0182311,2.301,16210.0,13.248,907.0,112.463,5487.0,4.41,1.02,310.743276,70.275792,13.3848,501.58,CANDIDATE
2564.01,334482103,PC,3.7257237,2.38162,8787.4795537,11.5792771,1237.0322556,553.4075728,5698.0,4.33,1.1429501,123.272901,9.447684,12.4683,486.785,CANDIDATE
2565.01,321086563,PC,3.9704457,3.7793044,3689.4781363,11.7222736,1588.9398662,1506.4365626,5840.0,3.9,1.89732,117.047514,2.123685,12.3642,801.435,CANDIDATE
2566.01,284679064,PC,4.2102425,2.9567547,9271.0628122,8.4263554,900.6689155,155.5183712,4927.6,4.52,0.816613,195.312675,58.419067,13.0599,343.975,CANDIDATE
2567.01,258920431,CP,5.9839451,5.3886513,3826.4375501,10.7016592,1278.9368045,632.2914999,5609.0,3.96,1.71761,288.465668,66.347938,11.7489,504.775,CONFIRMED
2568.01,257067559,PC,3.4843271,3.522,10320.0,15.9782,1799.0,1741.71,7250.0,4.26,1.57,115.680423,1.361299,12.104,751.206,CANDIDATE
2569.01,248655556,PC,13.1147744,4.318,3890.0,9.79059,871.0,95.9399,5496.1,4.04,1.54,67.278845,-1.909532,11.1769,317.912,CANDIDATE
257.01,200723869,CP,18.3877081,6.405153,1191.0283192,6.3790962,972.3814218,211.2844875,6382.7,4.05,1.76557,47.517261,-50.832263,7.0286,76.9028,CONFIRMED
2570.01,239816546,CP,2.9887654,2.9847247,15493.9490407,14.0699828,1307.2435081,690.1555373,5639.0,4.34,1.12141,87.18804,32.084043,11.9775,361.857,CONFIRMED
2571.01,239638934,FP,6.0027375,4.164,6100.0,8.72806,,475.015,5633.0,,1.08,333.592905,32.490119,10.5284,184.514,FALSE POSITIVE
2572.01,234489133,PC,3.5985851,4.015,6710.0,11.8109,1678.0,1318.02,6303.0,4.21,1.45,114.263688,6.716773,13.258,1038.2,CANDIDATE
2573.01,160037058,PC,4.5815438,3.367,19550.0,15.1889,1150.0,290.593,5525.0,4.37,1.07,336.709476,-39.789358,13.1657,593.937,CANDIDATE
2574.01,159332859,PC,4.4817684,2.186,21180.0,19.0204,1137.0,277.661,6734.0,4.41,1.25,232.809527,79.267227,12.881,834.038,CANDIDATE
2575.01,142784687,PC,3.1711207,3.6276575,8504.6805867,13.924729,1551.4315362,1369.1513607,6140.0,4.18,1.45618,153.799642,72.010236,13.152,928.149,CANDIDATE
2576.01,115453244,PC,3.8229149,3.171,11780.0,13.5313,1377.0,598.34,6166.4,4.34,1.21,83.653961,30.406374,12.2323,430.46,CANDIDATE
2577.01,112316665,PC,3.7494409,2.452,4860.0,13.2544,1635.0,1186.51,7899.0,4.16,1.89,112.022979,-34.343112,11.5955,786.59,CANDIDATE
2578.01,104986789,PC,3.4580018,2.6231719,10218.255838,14.7324849,1444.3395468,1028.4855924,6427.8,4.35,1.2663,68.052102,52.252655,10.5863,285.53,CANDIDATE
258.01,350445771,FP,3.1901569,1.8262867,3648.2442456,15.146461,1867.7902797,2876.2951268,6474.57,4.26363,1.98958,85.467425,-56.740455,11.0932,530.555,FALSE POSITIVE
2580.01,102713734,CP,3.397862,4.502,9960.0,18.3834,1870.0,2031.47,6590.0,4.05,1.83,62.199207,67.116526,10.8064,379.253,CONFIRMED
2581.01,37862966,PC,3.5838508,3.085,12480.0,12.4141,1253.0,409.771,5450.0,4.35,1.08,65.854872,-10.471779,12.9754,515.179,CANDIDATE
2582.01,21279791,PC,3.0183134,2.78,8960.0,9.10865,,388.439,5238.0,,0.93,277.291791,48.059938,12.4848,348.135,CANDIDATE
2583.01,7548817,CP,4.52074,4.175,8520.0,13.7321,1440.0,713.859,6050.0,4.14,1.49,272.267029,45.3369,12.0453,566.189,CONFIRMED
2584.01,458641144,PC,4.6965638,3.056,12380.0,16.2589,1290.0,459.903,6502.7,4.25,1.43,125.108796,7.588913,12.731,840.101,CANDIDATE
2585.01,62530991,FP,4.0266483,2.312,754.0,1.90189,1065.0,213.735,5276.5,4.6,0.78,132.541715,-2.979643,9.8961,89.409,FALSE POSITIVE
2586.01,458647887,PC,9.5835608,2.405,1150.0,12.6233,1223.0,372.192,5781.0,3.89,1.91,125.421468,6.334945,10.505,336.733,CANDIDATE
2587.01,68007716,CP,5.4566563,3.783,4160.0,10.9408,1230.0,381.078,5674.8,4.04,1.72,115.93171,-1.073333,10.9657,373.675,CONFIRMED
2588.01,284418751,PC,3.587158,1.23,3120.0,10.0104,1016.0,177.312,6495.7,4.26,1.75,109.05005,-45.214851,10.6713,413.058,CANDIDATE
2589.01,157698565,CP,61.6277,6.401,8878.0,11.7392,601.0,21.7464,5581.0,4.16,1.07,107.48815,-37.230948,10.7211,200.273,CONFIRMED
2590.01,234832821,PC,0.7460577,1.754,240.0,1.77725,2547.0,6994.61,6162.0,4.4,1.13,97.800408,3.470486,9.47351,139.151,CANDIDATE
2591.01,229285649,FP,8.493027,3.733,20750.0,20.982,1104.0,246.718,6287.0,4.23,1.41,98.024193,11.852283,10.7669,316.228,FALSE POSITIVE
2592.01,284122875,PC,3.4559382,4.21,2840.0,,1449.0,733.721,9290.0,4.08,,108.494567,1.964281,10.871,592.714,CANDIDATE
2593.01,258983679,PC,1.4711386,1.677,839.0,6.70217,1836.0,1889.26,6514.0,3.88,2.19,105.223561,8.095671,10.3513,436.802,CANDIDATE
2594.01,229167359,PC,2.682814,0.987,1080.0,23.5198,1505.0,852.855,8528.0,,5.28,91.216391,8.365173,10.2626,1295.5,CANDIDATE
2595.01,151284882,APC,3.817421,2.47,1000.0,3.32507,1336.0,529.596,6033.7,4.47,1.02,91.399969,14.356915,10.7212,212.383,CANDIDATE
2596.01,37089434,APC,16.2709828,1.835,5870.0,6.81631,432.0,5.83182,4811.0,4.45,0.87,98.01194,-5.479794,10.9058,127.734,CANDIDATE
2597.01,220139435,PC,3.6039259,3.737,940.0,9.20389,1846.0,1930.96,7080.0,3.67,3.05,99.021022,8.430202,9.536,457.178,CANDIDATE
2598.01,12036590,FP,5.73436,1.146,17740.0,21.0528,588.0,19.8561,4405.0,4.41,0.86,91.233761,-1.134248,10.9766,107.256,FALSE POSITIVE
2599.01,235333495,PC,4.1554362,6.088,1020.0,11.1924,2009.0,2704.62,6352.0,3.44,3.53,103.357151,7.266611,10.9402,836.394,CANDIDATE
260.01,37749396,CP,13.4758478,2.0643913,708.9461601,1.9840882,455.6136246,10.1837519,4111.0,4.6461,0.618173,4.773018,-9.96615,8.4991,20.1852,CONFIRMED
2600.01,234160911,PC,5.3376282,2.143,2060.0,16.1323,785.0,63.1216,4825.0,,3.5,101.408331,0.668553,10.276,380.422,CANDIDATE
2601.01,456844391,PC,6.0210332,2.211,7500.0,18.8835,,635.657,7668.0,,1.93,113.407619,-21.468152,10.8943,641.596,CANDIDATE
2602.01,191928543,APC,7.234064,6.0205683,10621.8735536,18.5228447,1367.7499655,827.0806334,6770.0,4.11942,1.73783,136.507536,-39.548224,11.83,622.34,CANDIDATE
2603.01,176772671,PC,1.3326579,1.5960595,37285.6090775,11.5968325,953.9400228,195.7065144,3947.0,4.65587,0.594491,142.566679,-18.843066,13.8995,,CANDIDATE
2605.01,146776480,APC,20.6006151,1.4716288,12106.6702221,8.1782864,347.8112006,3.4585595,3821.0,4.74216,0.494575,124.356588,-34.466852,10.4767,36.2852,CANDIDATE
2606.01,355800238,PC,1.4509175,1.123,7270.0,20.5418,1944.0,2374.67,6472.0,4.37386,1.24,132.301391,-60.334982,11.7785,442.105,CANDIDATE
2607.01,149539158,FA,2.2338786,3.0400001,318.9211436,3.1159001,1913.0201108,3165.1853297,6422.3,4.10848,1.65992,86.018583,-59.946092,9.1251,176.841,FALSE POSITIVE
2608.01,269850928,PC,4.724665,4.3082924,6163.2889314,12.5337443,1325.4998462,729.5242428,5385.7,4.4,1.5727,69.427367,-80.507846,13.2247,884.523,CANDIDATE
2609.01,308883808,APC,1.1645141,1.648221,1828.5119817,6.3506237,1959.3887499,3483.4007607,5979.0,4.29665,1.23369,152.492231,-12.178676,11.4514,347.307,CANDIDATE
261.01,63898957,CP,3.3639254,3.3430495,422.0610761,3.0449863,1387.0636575,874.7955667,5890.3,3.92,1.28018,15.218141,-24.423993,9.03971,114.495,CONFIRMED
261.02,63898957,CP,13.0393586,4.9218325,625.5995687,3.3482223,1007.5256829,243.5260946,5890.3,3.92,1.31383,15.218141,-24.423993,9.03971,114.495,CONFIRMED
2610.01,268914377,FP,2.1538959,2.1776943,96363.0926604,16.0166732,603.8106997,31.4140709,3148.0,4.75166,0.483749,118.049909,-48.498597,15.8953,296.761,FALSE POSITIVE
2611.01,234282389,FA,0.7320175,2.577,4520.0,5.16324,2713.0,8999.57,5458.0,4.4,0.81,335.268299,-64.71227,13.5294,541.431,FALSE POSITIVE
2612.01,149572298,PC,13.3572104,4.947,29950.0,19.2978,988.0,158.626,6636.1,,1.12,86.441717,-61.660023,13.2303,636.656,CANDIDATE
2613.01,52315301,PC,15.2010859,8.2467072,35221.1348039,21.1122163,780.2446961,87.587938,6042.0,4.43,1.0687701,22.910564,-67.609909,13.1488,683.482,CANDIDATE
2614.01,263075864,PC,4.8103214,3.1996589,16651.539925,,1122.3271735,374.9720646,5860.3,4.3,,17.195291,-78.17312,11.457,315.469,CANDIDATE
2615.01,38965512,PC,2.2687617,2.834542,13217.8124266,12.4983488,1415.6677914,949.2189656,5690.0,4.38,1.0785,11.477733,-66.833497,13.2052,639.15,CANDIDATE
2616.01,273850708,PC,1.8531628,2.019,34220.0,13.5946,1418.0,672.909,5355.0,4.46,0.68,34.562228,-64.806837,13.426,401.511,CANDIDATE
2617.01,260537454,PC,6.3187442,3.504,28370.0,16.8683,958.0,139.993,4961.0,4.43,0.98,96.953582,-58.051575,13.1982,467.32,CANDIDATE
2618.01,231076038,PC,8.2500143,3.317,2250.0,11.8684,1764.0,1610.36,7386.5,4.2,1.59,67.774353,-68.033517,12.0635,766.74,CANDIDATE
2619.01,31943299,PC,12.4724734,3.649,23020.0,12.11,652.0,30.1565,4966.0,,0.79,54.408387,-70.330657,13.2834,377.66,CANDIDATE
262.01,70513361,CP,11.1452784,1.3947705,566.2736451,2.0671456,700.5241733,56.9132658,5302.58,4.53515,0.848675,32.534687,-31.070627,8.1345,43.932,CONFIRMED
2620.01,394346647,PC,10.3558635,3.548,18740.0,17.6401,887.0,102.964,5896.0,4.27,1.26,42.919909,-80.675467,12.9873,662.246,CANDIDATE
2621.01,388202128,PC,2.4125012,1.209,10860.0,13.7942,1221.0,369.1,6190.0,4.34,1.22,62.222329,-83.951914,13.4394,867.586,CANDIDATE
2622.01,382259755,PC,1.2207037,2.186,25580.0,17.4662,1915.0,2232.93,5991.0,4.43,1.06,82.55168,-57.41168,13.5093,782.496,CANDIDATE
2623.01,403288821,FP,0.5474737,1.789,1430.0,10.9219,2391.0,5430.93,5073.0,3.5,2.84,332.926877,-63.167437,12.4978,995.741,FALSE POSITIVE
2624.01,349410350,PC,3.0235362,2.189,26980.0,13.178,1052.0,203.691,5141.0,4.6,0.78,110.358754,-61.318059,13.4354,390.263,CANDIDATE
2625.01,308396509,PC,2.1481182,3.9313069,22124.5443864,,1412.6078063,941.0385382,5876.0,,,120.194098,-64.182197,13.2317,843.028,CANDIDATE
2626.01,300604770,PC,3.4562767,2.3613816,20448.8800177,10.5605032,847.3409174,121.8298519,4404.0,4.52,0.752032,113.559595,-67.748369,12.6082,192.435,CANDIDATE
2627.01,262829328,PC,1.0649771,1.425,14670.0,12.4794,1773.0,1643.06,5427.0,4.45,0.97,349.381113,-54.270063,13.4702,598.582,CANDIDATE
2628.01,260541432,PC,0.8715953,1.271,6610.0,10.5535,2291.0,4579.31,5969.0,4.31,1.21,97.08024,-56.965142,13.3024,765.238,CANDIDATE
2629.01,259901731,PC,11.4856846,4.6321783,11370.1513147,16.3774861,971.1166682,210.1873793,5893.0,4.16,1.42198,41.51867,-68.957624,13.1508,859.725,CANDIDATE
263.01,120916706,CP,0.5568095,0.9712066,45140.5350425,9.6870229,999.3239856,235.6927628,3116.0,5.06043,0.439738,37.108277,-25.097329,15.6198,277.404,CONFIRMED
2630.01,391900348,PC,9.7130596,1.661,3540.0,12.3196,1027.4530905,54.3894,6125.1,4.0,1.88,115.68867,-68.864513,11.786,517.402,CANDIDATE
2631.01,140067837,PC,6.6314357,2.5431694,10550.9077716,13.188691,996.3968565,232.9433928,5752.2,4.4,1.07899,330.103141,-48.71064,12.4487,454.87,CANDIDATE
2632.01,231703293,FP,0.907105,1.711,1430.0,7.82059,3617.0,28442.1,6164.0,4.4,1.13,335.467524,-57.758448,12.4537,540.632,FALSE POSITIVE
2633.01,386131764,PC,18.1960491,4.8596477,2203.3245309,8.8304863,1575.3269703,1455.4719337,7811.0,4.25974,1.67013,111.590401,-13.925637,11.6886,746.036,CANDIDATE
2634.01,318812447,PC,,4.8897805,2801.2247588,5.8424203,682.459665,51.2659437,5349.16,4.438,0.95524,41.036551,3.910232,10.9648,155.755,CANDIDATE
2635.01,358557578,PC,7.4547813,7.1681685,2508.5862836,14.5247965,1684.4784991,1902.7550776,6502.0,3.65751,2.8327301,151.148732,-42.905058,11.2581,792.01,CANDIDATE
2636.01,119925436,PC,3.1054901,4.8079092,6155.7750978,15.7521647,1824.8927205,2621.0201325,7176.0,4.13,1.90224,162.41273,-50.599282,10.9786,502.342,CANDIDATE
2637.01,349408306,APC,0.152076,0.5,105147.465567,,2710.2656995,12751.7114543,5780.0,4.438,,110.426175,-64.014145,15.8445,874.657,CANDIDATE
2638.01,458342769,PC,3.9299344,1.2628875,2252.0354917,,1154.9502001,420.5738761,5780.0,4.438,,159.842558,-55.491807,11.1671,647.694,CANDIDATE
2639.01,98753307,PC,15.3281169,4.1138054,30096.5339932,16.4071897,674.851116,49.0176948,5417.0,4.46174,0.943467,187.357691,-10.985068,14.3693,858.145,CANDIDATE
2640.01,135036669,PC,0.9112206,2.003082,71047.5639651,7.3931803,645.1250281,40.9351669,2999.0,4.95462,0.274907,150.273202,-52.435796,15.709,131.444,CANDIDATE
2641.01,162802770,CP,4.880964,1.6120362,3385.5526856,9.7354897,1275.8083387,626.1274546,6309.0,4.32298,1.27132,171.130372,-42.732139,11.1897,344.045,CONFIRMED
2644.01,385332171,APC,9.7439744,1.9764395,6711.0590566,9.5314099,792.4782429,93.2116922,5383.0,4.438,0.983025,181.692982,-16.510294,10.9206,235.146,CANDIDATE
2645.01,372818426,PC,1.4436706,2.134,43370.0,20.6713,1552.0,964.415,5465.0,4.47,0.94,67.136823,-56.515644,12.3956,360.674,CANDIDATE
2646.01,349966879,APC,0.3125737,0.526,4540.0,8.09753,2247.0,4234.06,5202.0,4.53,0.84,114.43704,-63.551482,13.1875,389.119,CANDIDATE
2647.01,234527228,PC,0.5136096,0.7873882,3098.8049112,7.4237633,2437.5293666,8342.9651284,5270.0,4.14,1.33222,16.317956,-65.048931,13.5231,792.816,CANDIDATE
2648.01,231833236,PC,4.773751,1.7107074,11156.3496198,14.861327,758.0,520.1148845,5904.3,4.28,1.2413,24.174488,-64.876085,13.3316,815.182,CANDIDATE
2649.01,230980206,PC,3.375591,3.489,11630.0,13.2361,1609.0,1112.75,6408.0,4.38,1.22,24.009341,-55.793785,12.4752,626.504,CANDIDATE
2650.01,453100296,PC,2.229735,2.044445,6708.4441146,12.7809294,1652.1171129,1760.6957688,5913.0,4.2,1.37479,115.95416,-68.582565,13.4404,870.557,CANDIDATE
2651.01,29830212,FP,7.3164282,2.235,37130.0,17.3698,738.0,49.3074,4884.0,4.5,0.83,66.302329,-66.717121,13.3994,396.637,FALSE POSITIVE
2652.01,372852036,PC,2.484912,1.686,7950.0,,1583.0,1044.33,6240.8,,,98.03586,-64.395761,13.3074,860.552,CANDIDATE
2653.01,149394317,APC,0.9270535,1.011,1640.0,,1663.0,1270.74,6317.3,4.31,,84.275368,-64.464325,12.208,488.621,CANDIDATE
2654.01,200805484,PC,2.967599,1.688,10410.0,8.00413,819.0,75.0167,4396.0,4.52,0.76,52.981538,-47.994691,13.0725,248.964,CANDIDATE
2655.01,166851829,PC,4.7277153,2.5,4000.0,6.45464,1039.0,193.697,5601.0,4.39,1.05,40.357932,-52.362841,13.2854,617.763,CANDIDATE
2656.01,231065398,PC,7.7898378,3.095,11390.0,9.36784,826.0,77.3001,5091.5,4.48,0.85,31.900021,-56.14061,13.5011,488.29,CANDIDATE
2657.01,160004025,PC,2.7985528,2.459,12220.0,12.3741,1250.0,406.289,5416.0,4.33,1.09,50.902882,-40.211208,13.4765,674.476,CANDIDATE
2658.01,31634579,PC,8.8759249,3.8366417,25757.0688203,16.5775949,879.8492444,141.6296114,5528.3,4.38,1.02337,45.374736,-68.945247,13.4228,666.807,CANDIDATE
2659.01,147456499,PC,1.2558789,1.795,22260.0,14.1053,1423.0,681.251,4926.0,4.43,0.91,41.060793,-40.196949,12.7331,328.18,CANDIDATE
266.01,164767175,CP,10.7510107,2.943424,638.0928566,2.3581827,787.3911722,90.8412638,5784.0,4.438,0.918917,26.209253,-18.401384,9.45661,101.694,CONFIRMED
266.02,164767175,CP,6.19132,3.4164,345.240264,1.759371,981.282679,219.1278279,5784.0,4.438,0.929557,26.209253,-18.401384,9.45661,101.694,CONFIRMED
2660.01,372817671,PC,5.0183771,3.218,2500.0,10.7644,1030.0,187.484,5011.2,4.49,2.15,66.885596,-54.184998,12.1651,630.124,CANDIDATE
2661.01,144125079,PC,3.6257584,2.814,10450.0,12.2058,1228.0,377.929,5606.0,4.3,1.17,59.909995,-46.988413,13.0533,635.045,CANDIDATE
2662.01,423672208,PC,3.790687,2.958,15240.0,12.9604,1259.0,417.971,5542.0,4.41,1.02,21.498236,-14.818658,13.4675,640.511,CANDIDATE
2663.01,423666115,APC,0.58228,0.691,3170.0,7.80197,1832.0,1871.39,6288.0,4.29,1.32,9.289758,-13.941227,12.7147,730.972,CANDIDATE
2664.01,277871306,FP,3.9602774,0.884,6193.0,24.4489,974.0,149.866,5863.0,4.43,1.04,156.922386,0.501027,10.1483,156.291,FALSE POSITIVE
2665.01,186936449,PC,2.8456505,2.556,2681.0,6.4972,1462.0,758.965,6112.0,4.27,1.3,134.15896,-34.628475,10.3716,222.0,CANDIDATE
2666.01,170889511,APC,,1.445,22040.0,16.6553,599.0,21.4281,5212.0,4.3,1.11,139.480865,-3.387525,6.9887,32.6024,CANDIDATE
2667.01,348684813,FP,7.7517472,3.761,861.0,11.6856,929.0,123.828,5133.0,,4.75,133.993484,-14.35529,9.6732,454.873,FALSE POSITIVE
2668.01,192076548,PC,1.1159326,1.013,840.0,6.17322,1780.0,1667.72,6859.0,4.16,1.68,137.028642,-39.350904,10.1782,314.451,CANDIDATE
2669.01,348835438,CP,6.203496,5.715,810.0,9.93735,1226.0,375.554,4859.0,,3.98,134.722645,-13.312579,9.9917,393.443,CONFIRMED
2670.01,190721237,PC,12.9281223,3.9850989,4105.1705253,9.974436,899.0560909,154.407415,6332.0,,1.39271,133.755005,-37.341245,9.5986,171.703,CANDIDATE
2671.01,190081497,FP,3.1630387,4.661,1130.0,6.82612,3197.0,17348.8,6187.0,4.26,1.34,132.269994,-36.578257,10.3364,233.793,FALSE POSITIVE
2672.01,129372561,APC,10.7189647,3.9269424,7404.3059814,22.4497849,1453.3120426,1054.2812693,7830.0,4.07,2.0715599,118.897492,-25.86546,10.6734,625.01,CANDIDATE
2673.01,1018843,PC,1.9126596,2.178,372.0,2.2474,1543.0,943.042,5601.4,4.24,1.24,130.932185,-26.980824,8.8448,98.3018,CANDIDATE
2674.01,434496663,APC,7.2972359,0.827,3780.0,13.2402,543.0,14.5303,6433.0,3.91,2.1,173.024957,-20.632635,10.185,370.146,CANDIDATE
2675.01,179033846,FP,1.476869,1.451,2670.0,13.2219,2608.0,7685.32,6712.0,4.28,1.37,64.262587,-29.524909,11.7919,523.999,FALSE POSITIVE
2676.01,420016507,PC,3.4082154,3.901,10060.0,16.7879,1637.0,1192.31,6231.4,4.11,1.59,35.419766,0.513621,12.7082,840.941,CANDIDATE
2677.01,398736713,PC,6.4967452,1.8,4930.0,19.5904,991.0,160.453,5186.9,,1.53,35.242357,-10.385468,10.8489,230.6234,CANDIDATE
2678.01,354517490,PC,3.4523955,1.624,13260.0,10.2673,957.0,139.443,5614.0,4.49,0.94,79.671516,-44.466494,13.4391,602.385,CANDIDATE
2679.01,323295908,PC,3.8539027,2.906,14520.0,11.8808,1225.0,374.407,5805.0,4.52,0.93,52.733981,-39.613572,12.4453,403.17,CANDIDATE
268.01,219253008,PC,5.066175,6.2992409,1350.0,7.69012,1071.3426196,311.3397198,5868.0,3.57327,2.17,65.915528,-53.851102,10.0733,320.497,CANDIDATE
2680.01,219366908,FP,0.6293198,1.129,3730.0,4.46635,1973.0,2516.29,5508.0,4.63,0.79,75.439417,-49.284463,12.653,344.16,FALSE POSITIVE
2681.01,209408136,PC,3.1292868,1.545,7430.0,12.0419,1246.0,400.405,6078.0,4.25,1.32,45.019629,-32.74462,12.1692,547.103,CANDIDATE
2682.01,200803270,PC,2.5981987,1.412,14260.0,11.5397,1088.0,233.319,5516.0,4.49,0.93,52.705622,-49.715496,12.6795,414.029,CANDIDATE
2683.01,200320748,PC,1.5292851,1.167,2800.0,12.6875,1392.0,623.678,6295.5,,2.21,76.314156,-42.128668,12.4435,573.731,CANDIDATE
2684.01,161568891,PC,2.4756487,2.461,4370.0,5.25914,1179.0,321.692,4633.0,4.5,0.8,74.431769,-47.021434,13.2964,330.145,CANDIDATE
2685.01,161479081,PC,3.4711465,1.606,10070.0,11.1759,972.0,148.699,5593.0,4.39,1.05,73.369061,-45.034739,13.322,645.065,CANDIDATE
2686.01,159989004,PC,3.5746058,1.153,6040.0,11.6965,936.0,127.934,6257.0,4.25,1.37,50.654419,-36.751886,12.9852,861.62,CANDIDATE
2687.01,155993822,PC,4.0944492,4.233,5890.0,12.8011,1438.0,711.268,5650.0,4.03,1.6,56.110097,-13.108709,12.4052,634.2,CANDIDATE
2688.01,98728690,PC,2.1415519,2.989,1060.0,4.72287,1693.0,1363.83,5530.0,4.08,1.48,44.173861,-15.055586,11.3437,350.687,CANDIDATE
2689.01,92363023,PC,3.4180406,2.242,5200.0,6.58171,1049.0,201.62,5001.0,4.46,0.89,52.68049,-22.003846,12.6443,315.805,CANDIDATE
269.01,220479565,CP,3.6977167,0.9308263,4755.6707294,2.942044,533.8429511,19.1944226,3607.0,4.438,0.397924,75.846283,-54.177721,12.2958,57.0225,CONFIRMED
2690.01,92359852,PC,4.1549988,2.873,13830.0,,,,,,,52.231039,-19.974666,10.732,,CANDIDATE
2691.01,71345362,PC,3.8821916,3.126,2670.0,5.57096,,1093.46,5283.0,,0.95,45.115585,-21.26916,12.5728,374.763,CANDIDATE
2692.01,38399060,PC,3.6506781,2.79,20370.0,12.1655,1133.0,273.621,5343.0,4.55,0.84,54.095284,-9.374473,13.3717,472.632,CANDIDATE
2693.01,30016082,PC,1.3225635,1.683,13750.0,11.5804,1493.0,825.226,5388.0,4.44,0.97,42.96122,-15.632723,13.3201,537.182,CANDIDATE
2694.01,146467673,APC,1.6375324,1.665,11120.0,,1274.0,437.581,5095.6,,,76.083135,-20.725762,12.575,451.486,CANDIDATE
2695.01,140284353,APC,0.5566811,0.473,3250.0,13.2433,1398.0,634.993,5200.0,,1.7,85.314319,-34.832198,13.0494,,CANDIDATE
2696.01,139445621,PC,6.409365,1.707,11300.0,12.1252,788.0,64.1809,6191.0,4.41,1.12,80.674425,-20.42779,12.4762,537.943,CANDIDATE
2697.01,139445453,PC,4.3169755,4.523,4670.0,10.9284,1483.0,803.246,5683.0,4.03,1.61,80.658108,-20.654114,13.1506,911.81,CANDIDATE
2698.01,100683605,PC,3.270563,1.682,9670.0,,929.0,123.655,5219.5,,,87.624787,-32.777806,13.3713,440.358,CANDIDATE
2699.01,77958378,PC,5.8259928,2.442,12800.0,14.0157,809.0,71.3806,4964.0,4.19,1.2,79.489758,-33.399418,13.0583,511.659,CANDIDATE
270.01,259377017,CP,5.6605693,1.6631704,3856.1060852,2.4070872,452.8709226,9.9407408,3551.0,4.83982,0.374358,68.41608,-51.957394,10.4981,22.4793,CONFIRMED
270.02,259377017,CP,11.3795653,2.2350305,3147.0461739,2.2539464,358.827663,3.9180021,3551.0,4.83982,0.374358,68.41608,-51.957394,10.4981,22.4793,CONFIRMED
270.03,259377017,CP,3.3601377,1.413245,972.9589363,1.1843718,538.8593825,19.9261226,3551.0,4.83982,0.374358,68.41608,-51.957394,10.4981,22.4793,CONFIRMED
2700.01,56096837,PC,4.6636858,2.604,11110.0,12.5117,1080.0,226.009,5720.0,4.32,1.16,70.127698,-9.890482,12.0698,404.662,CANDIDATE
2701.01,44791617,PC,2.169466,1.653,1780.0,5.81205,1402.0,643.066,5823.0,4.2,1.35,61.836947,-27.26974,12.5257,600.01,CANDIDATE
2702.01,43604949,PC,1.9422802,2.768,8140.0,15.1178,2056.0,2966.77,6950.0,4.21,1.6,75.475796,-7.660236,13.0115,1115.16,CANDIDATE
2703.01,43475220,PC,6.1735306,3.163,12950.0,11.2676,967.0,145.598,5435.0,4.45,0.96,74.825739,-7.383684,13.3652,558.907,CANDIDATE
2704.01,32677675,PC,3.6364993,3.509,16700.0,16.4306,1557.0,977.668,6552.0,4.39,1.23,85.704592,-25.996545,12.7063,718.493,CANDIDATE
2705.01,169448771,PC,18.010652,4.952,4580.0,12.5654,779.0,61.2858,5740.0,3.91,1.85,77.481063,-12.629684,12.6139,759.341,CANDIDATE
2706.01,457202957,PC,1.8851834,1.428,5450.0,17.0369,1757.0,1582.72,5807.0,4.26,1.25,72.210785,2.475949,13.4046,780.028,CANDIDATE
2708.01,452810327,FP,2.3540172,2.36,6660.0,14.4919,1548.0,954.677,6114.0,4.02,1.74,72.669098,5.387256,12.5398,825.004,FALSE POSITIVE
2709.01,452810326,PC,2.3540163,2.416,10020.0,15.1575,1551.0,960.683,6124.0,4.16,1.48,72.668157,5.386163,13.0639,892.418,CANDIDATE
271.01,259511357,APC,2.4759733,1.0466923,386.7493472,2.8062638,1605.7374991,1571.1556095,6025.0,4.33135,1.33012,70.775511,-50.219478,8.4332,100.245,CANDIDATE
2710.01,408231638,PC,10.7448417,3.298,38070.0,11.9772,619.0,24.4016,4701.0,4.72,0.63,82.349235,-23.761849,13.3942,278.402,CANDIDATE
2711.01,396896334,PC,5.7604868,3.08,14580.0,14.0917,988.0,158.265,5530.3,4.33,1.12,62.594692,3.762823,13.0719,470.297,CANDIDATE
2712.01,362026280,PC,3.078479,2.424,5780.0,,1155.0,295.7,5140.1,,,66.147282,2.575275,13.0933,598.388,CANDIDATE
2713.01,332660287,FP,1.2434016,0.939,4070.0,5.66309,1255.0,412.506,4967.0,4.6,0.75,63.150132,-12.317659,12.483,246.568,FALSE POSITIVE
2714.01,332534326,CP,2.4993895,2.99,10610.0,12.9239,1544.0,945.55,5737.0,4.28,1.21,61.401248,-14.926746,12.7979,597.873,CONFIRMED
2715.01,311239796,PC,4.9640641,4.908,4910.0,13.6926,1585.0,1050.08,6323.0,3.95,1.95,75.945973,14.305611,13.0115,981.407,CANDIDATE
2716.01,284859630,PC,7.5420435,3.854,7720.0,9.55159,1061.0,210.743,5949.0,4.42,1.07,76.989171,5.969123,12.3425,447.236,CANDIDATE
2717.01,269077474,FP,1.3164901,1.389,3580.0,11.2218,1694.0,1368.05,6341.0,4.04,1.78,75.410841,1.840649,12.8212,1017.77,FALSE POSITIVE
2718.01,248655096,PC,2.7625084,2.037,16160.0,10.8143,983.0,155.318,4694.0,4.48,0.83,67.288211,-3.189669,13.5252,373.363,CANDIDATE
2719.01,176314383,CP,3.3759446,3.538,1270.0,6.03548,1514.0,874.29,5701.0,3.99,1.69,71.554945,-0.804872,12.0676,588.368,CONFIRMED
2720.01,169448297,PC,2.1473577,2.706,2300.0,10.0889,1680.0,1324.12,5834.0,3.81,2.12,77.277149,-12.635305,12.4742,850.437,CANDIDATE
2721.01,167714124,PC,4.162733,3.319,12870.0,11.1057,1265.0,425.348,5744.2,,0.97,80.421253,-38.656827,12.8482,497.376,CANDIDATE
2722.01,153725446,PC,0.708548,0.845,800.0,4.66694,1612.0,1121.93,5678.0,4.08,1.52,66.413097,-43.72027,11.1522,349.979,CANDIDATE
2723.01,152477897,PC,3.3843865,3.845,10730.0,16.224,1533.0,917.268,5848.0,4.1,1.52,62.724267,-43.247264,13.3164,1001.29,CANDIDATE
2724.01,119290630,PC,1.4875055,1.874,44400.0,18.3083,1349.0,550.26,5142.0,4.54,0.83,96.610774,-41.416669,13.1901,396.678,CANDIDATE
2725.01,100780304,APC,0.1846924,0.386,1390.0,4.10645,2554.0,7063.84,5958.8,4.57,0.9,88.651171,-31.859618,12.058,341.371,CANDIDATE
2726.01,100589633,PC,3.9471513,1.993,16080.0,18.7538,1250.0,406.495,6351.0,4.26,1.37,86.453974,-32.947519,13.4034,1065.58,CANDIDATE
2727.01,51830822,PC,0.6711626,1.168,2330.0,12.243,1904.0,2181.85,5632.0,3.67,2.43,97.895728,-34.882869,13.0537,1248.07,CANDIDATE
2728.01,42763678,PC,1.7246234,1.979,11820.0,15.5191,1557.0,976.638,5776.0,4.18,1.37,96.814362,-3.235402,12.7993,635.053,CANDIDATE
2729.01,39724477,PC,4.0350169,2.108,25420.0,12.5268,934.0,126.805,5240.2,4.64,0.75,90.095814,-3.757326,12.263,245.949,CANDIDATE
273.01,279740441,FP,0.7418594,1.5026958,2983.6257317,6.0238347,1330.6211479,740.8643338,4304.6,4.57,0.66174,51.504472,-64.548108,11.481,106.16,FALSE POSITIVE
2730.01,37240067,PC,2.5082498,1.393,16210.0,20.6073,1124.0,265.723,5909.0,4.11,1.51,98.267785,-3.167141,13.4848,964.327,CANDIDATE
2731.01,34729329,PC,0.9953936,2.238,280.0,1.35321,2263.0,4359.09,5697.0,4.6,0.84,96.069759,-17.053231,9.92029,107.926,CANDIDATE
2732.01,34466256,FP,0.7029205,1.325,2480.0,7.51559,2438.0,5873.32,6699.0,4.18,1.6,82.46986,-9.158548,12.0195,675.112,FALSE POSITIVE
2733.01,34266522,PC,3.7170532,3.751,7220.0,15.999,1522.0,891.377,6065.0,3.94,1.9,94.847707,-12.762332,13.2843,1080.65,CANDIDATE
2734.01,21505121,PC,4.5879078,3.464,2040.0,5.59491,1299.0,474.054,5785.0,4.26,1.25,85.826619,-40.383532,12.6746,590.401,CANDIDATE
2735.01,20069685,PC,1.9663653,1.637,29670.0,13.2267,1033.0,189.304,4687.0,4.58,0.74,88.785064,-38.388989,12.95,262.97,CANDIDATE
2736.01,91869778,FP,3.4771921,2.002,3250.0,11.1486,1263.0,422.8,6539.0,3.99,1.94,88.841655,15.37845,10.9521,493.21,FALSE POSITIVE
2737.01,445946478,PC,3.3328544,6.488,2300.0,13.2674,2252.0,4271.73,6272.0,3.6,2.91,102.193683,12.282471,12.5745,1368.69,CANDIDATE
2738.01,445145355,PC,1.5174038,1.635,14220.0,,,,,,,100.781108,-17.9585,13.5607,,CANDIDATE
2739.01,319473643,PC,3.1474843,0.913,5640.0,12.7493,940.0,129.933,5102.2,4.68,0.7,100.569452,-50.144165,11.9013,188.151,CANDIDATE
274.01,281979481,FP,0.5417947,1.1716379,537.9244902,2.8738733,1836.8537579,2690.4153124,5181.0,4.54631,0.807298,130.505379,-75.801869,10.4929,113.378,FALSE POSITIVE
2740.01,301281965,APC,0.5348968,0.504,6240.0,5.99059,1329.0,518.242,5414.2,4.88,0.58,100.260562,2.349279,13.2633,314.782,CANDIDATE
2741.01,283303192,PC,2.9884191,3.575,12890.0,16.3009,1777.0,1658.79,6636.0,4.29,1.4,104.005957,-0.442588,11.7299,518.63,CANDIDATE
2742.01,282102605,PC,1.2541679,2.294,11170.0,,1661.0,1264.69,4882.0,,,103.018282,-2.032864,13.5917,,CANDIDATE
2743.01,280212554,FP,1.1472535,1.789,4090.0,17.228,3147.0,16302.6,9742.0,4.01,2.59,100.873785,-1.871278,13.3574,2363.78,FALSE POSITIVE
2744.01,279989567,FP,0.787177,1.515,1350.0,,1770.0,1632.52,4899.5,,,100.564751,-4.949889,11.4746,,FALSE POSITIVE
2745.01,237770757,APC,1.7932884,3.299,16170.0,22.7665,,5108.84,7122.0,,1.74,104.377746,3.994035,11.9685,744.184,CANDIDATE
2746.01,237736186,PC,4.9208778,3.888,5680.0,12.4437,2170.0,3684.32,9668.0,4.39,1.65,104.075097,3.83621,11.9063,1006.85,CANDIDATE
2747.01,237632488,APC,0.5209929,1.101,8570.0,18.4513,2251.0,4262.45,6116.2,3.89,2.01,103.503578,4.293583,12.8494,995.15,CANDIDATE
2748.01,237552878,PC,4.7838171,2.035,10210.0,11.571,964.0,143.512,5688.0,4.36,1.1,103.054435,3.357831,12.8401,539.161,CANDIDATE
2749.01,235448190,PC,6.9724832,5.156,4110.0,18.9679,2379.0,5321.0,7616.0,4.02,2.16,104.055648,6.731795,11.3789,847.999,CANDIDATE
275.01,373844472,APC,0.9195617,1.153,9180.0,8.69931,1913.0,2224.03,5616.0,4.3762,0.82,81.516646,-67.232772,11.0611,144.866,CANDIDATE
2750.01,235300016,PC,6.8204309,3.723,12560.0,,,,,,,103.285033,10.65591,11.8145,,CANDIDATE
2751.01,231157209,PC,7.4710819,2.511,24880.0,12.8097,741.0,50.0778,5262.0,4.57,0.81,100.613362,6.816715,13.4603,451.187,CANDIDATE
2752.01,170367033,PC,4.9197461,3.023,10380.0,12.6447,1134.0,275.438,5822.0,4.3,1.21,103.204081,-44.550824,13.1606,703.37,CANDIDATE
2753.01,168191686,PC,1.6281719,2.128,12020.0,15.3377,1694.0,1369.74,6020.0,4.22,1.35,101.578458,-3.72159,13.4585,890.799,CANDIDATE
2754.01,148233571,FP,0.9422588,1.46,1060.0,3.75015,1824.0,1840.19,5544.7,4.37,1.07,101.346587,-41.249216,12.2082,361.811,FALSE POSITIVE
2755.01,148004811,PC,3.3187528,1.96,6490.0,9.77184,1121.0,262.223,5709.0,4.28,1.21,100.136001,-37.056243,13.2899,703.295,CANDIDATE
2756.01,147437399,APC,1.5622382,1.676,3230.0,18.0467,1282.0,449.217,4801.0,,3.08,104.906202,-17.404791,12.2592,768.897,CANDIDATE
2757.01,147125706,PC,3.4813976,2.694,21800.0,20.9129,1426.0,687.809,6704.0,4.3,1.4,104.335512,-14.109962,12.6603,792.979,CANDIDATE
2758.01,147034452,PC,4.5302876,2.713,22840.0,12.3919,877.0,98.5409,4693.0,4.5,0.81,104.240485,-16.746469,13.1915,314.062,CANDIDATE
2759.01,134315574,FP,1.5971584,3.429,5070.0,17.7465,3090.0,15134.3,6033.0,3.86,2.06,107.356081,-44.683482,13.205,1269.03,FALSE POSITIVE
276.01,382188882,FP,4.8000953,1.9968681,5241.0677476,17.0718101,1449.5280892,1043.344051,6366.0,4.16217,1.58083,81.353084,-55.019925,10.6559,352.383,FALSE POSITIVE
2760.01,130611752,FP,0.4405893,1.075,1850.0,6.74949,2317.0,4788.57,5643.0,4.1,1.48,105.752117,-43.493068,12.8004,684.386,FALSE POSITIVE
2761.01,96736412,PC,6.1214801,3.861,17560.0,17.6327,1445.0,725.656,6356.0,4.35,1.24,104.823819,-31.38747,13.2221,848.053,CANDIDATE
2762.01,79431527,APC,3.9072351,3.366,14650.0,13.9055,1420.0,676.473,6294.0,4.42,1.13,104.244375,-19.683669,12.4325,522.789,CANDIDATE
2763.01,78441371,PC,3.9980153,3.793,5420.0,,,,,,,102.498007,-20.90678,11.996,580.471,CANDIDATE
2764.01,53122063,PC,2.276734,1.832,3620.0,10.8605,1479.0,796.052,6494.0,4.06,1.78,102.751656,-34.738847,12.6918,901.072,CANDIDATE
2765.01,52976395,PC,1.0191022,1.228,2230.0,7.10309,1955.0,2426.37,6865.0,4.24,1.53,102.339612,-32.28248,12.1304,710.345,CANDIDATE
2766.01,284288093,APC,7.2748135,3.779,15010.0,17.4324,,255.021,6792.7,4.24,1.4,106.631185,-53.534681,11.7351,453.429,CANDIDATE
2767.01,48806546,PC,0.934057,1.318,620.0,13.4544,1668.0,1287.68,5023.0,,5.19,100.642573,-20.24152,11.1649,877.955,CANDIDATE
2768.01,443556801,CP,1.5080197,1.032,1790.0,3.01287,855.0,89.0458,4008.0,4.6,0.66,99.364134,-15.481203,11.3676,78.4525,CONFIRMED
2769.01,443534757,PC,3.08858,2.214,17060.0,,1112.0,254.633,5381.0,,,99.113031,-15.724613,13.4832,,CANDIDATE
277.01,439456714,CP,3.9934418,1.9693065,5801.8957159,4.2556645,587.9229796,28.2359721,3748.0,4.7573,0.523113,19.076698,-20.953277,11.7315,64.6692,CONFIRMED
2770.01,438057373,PC,4.5697688,3.369,9780.0,17.1535,1054.0,204.884,4976.0,,1.7,95.182655,14.783576,13.2389,731.074,CANDIDATE
2771.01,437893926,FP,3.8454384,4.736,4590.0,13.6848,1870.0,2030.9,6733.4,3.98,2.02,94.017995,15.270666,12.4432,985.074,FALSE POSITIVE
2772.01,435934762,PC,2.8504334,3.768,23800.0,,1811.0,1787.94,6293.8,,,83.479821,10.276406,12.8662,1301.57,CANDIDATE
2773.01,420962989,APC,0.5993364,1.024,2180.0,14.3367,2117.0,3334.9,6232.0,3.62,2.81,82.08319,-19.621497,12.993,1695.32,CANDIDATE
2774.01,388934707,PC,4.4430866,1.787,8800.0,21.1475,1027.0,184.965,4926.5,,1.54,83.99283,-7.688372,12.627,547.79,CANDIDATE
2775.01,36574157,FP,3.7804749,3.615,22150.0,17.9247,1497.0,835.088,5112.0,4.56,0.81,102.412686,-0.495979,12.9127,334.97,FALSE POSITIVE
2776.01,35636165,PC,3.4590552,3.001,8820.0,17.1001,1845.0,1927.33,7911.0,4.19,1.83,102.219197,-16.780503,13.3684,1444.65,CANDIDATE
2777.01,35483319,PC,1.9297769,1.701,4540.0,7.58229,1169.0,310.868,4856.0,,1.14,101.968908,-17.724863,13.3742,,CANDIDATE
2778.01,332860211,PC,4.4445101,2.737,16730.0,14.6892,1202.0,347.285,6288.0,4.42,1.14,84.626068,-9.83753,12.3409,386.737,CANDIDATE
2779.01,319735319,FP,2.9038027,3.511,5860.0,13.4427,2409.0,5592.86,6570.0,4.21,1.51,99.678448,2.43106,12.4889,736.602,FALSE POSITIVE
278.01,244161191,PC,0.299039,0.7218103,5780.6664824,2.5153001,944.4983346,188.0727122,2955.0,5.13527,0.300639,4.883562,-5.911561,13.1672,44.397,CANDIDATE
2780.01,317546777,PC,4.9062135,1.671,7400.0,17.7815,1108.0,251.061,7169.0,4.08,1.92,88.244157,-16.286213,12.8475,1353.97,CANDIDATE
2781.01,317417916,PC,2.7636665,1.279,6370.0,5.94208,673.0,34.207,3868.0,4.57,0.7,87.820416,-13.381044,12.9395,,CANDIDATE
2782.01,306903715,PC,4.8680805,4.7630352,39314.879177,,1075.4482234,316.1396932,5250.0,,,98.004524,16.585417,13.3612,851.138,CANDIDATE
2783.01,302976834,PC,2.3044132,3.102,20290.0,22.8234,1460.0,756.205,,,1.55,83.450594,16.810667,12.373,517.422,CANDIDATE
2784.01,302766000,FP,0.2573207,0.629,1330.0,4.81101,2349.0,5062.7,5784.0,4.38,1.09,82.878464,15.771332,12.428,392.4,FALSE POSITIVE
2785.01,300204369,PC,11.5054399,2.459,15910.0,,665.0,32.6456,5251.2,,,92.815098,-41.721945,13.099,,CANDIDATE
2786.01,281987399,PC,3.7576217,4.483,7680.0,16.0563,1539.0,933.592,5605.0,3.88,1.89,88.908628,1.167967,13.3318,716.889,CANDIDATE
2787.01,270677031,PC,4.3217658,5.515,2640.0,12.7289,1557.0,977.267,5139.0,,2.5,87.554742,-53.330742,13.425,1272.53,CANDIDATE
2788.01,255756918,PC,4.0646554,2.813,7700.0,8.30577,1173.0,314.34,5647.0,4.5,0.93,99.631107,-49.444946,13.4177,587.395,CANDIDATE
2789.01,251209368,FP,3.0071496,4.461,3310.0,8.05598,1848.0,1939.81,5906.0,4.14,1.45,95.47532,-4.321544,13.0632,766.071,FALSE POSITIVE
279.01,122613513,PC,11.4707838,3.698,1575.0,1.86599,653.0,30.2417,4140.0,4.46332,0.73,41.18845,-32.211043,10.5012,74.3761,CANDIDATE
2790.01,247518629,PC,2.3341583,3.553,10070.0,20.0937,2095.0,3201.05,6901.0,4.04,1.93,85.967216,16.360063,12.273,832.581,CANDIDATE
2791.01,237406657,PC,3.7482756,4.989,5010.0,14.0065,1864.0,2004.64,6425.0,3.94,2.02,96.172915,-36.929228,12.7587,1148.8,CANDIDATE
2792.01,237362186,PC,7.1185659,1.734,3920.0,12.5411,749.0,52.4926,5945.0,3.92,1.9,95.110693,-38.17295,12.3337,777.673,CANDIDATE
2793.01,235077268,PC,0.3559702,0.523,2320.0,6.23347,1977.0,2541.08,5562.0,4.36,1.08,86.473805,-46.94361,13.2886,618.274,CANDIDATE
2794.01,232139628,PC,4.7654865,4.43,6120.0,14.441,1484.0,806.142,6151.0,3.97,1.85,90.627138,4.150327,13.0577,809.18,CANDIDATE
2795.01,232052748,PC,3.6337247,1.763,15330.0,11.4562,927.0,122.862,5325.0,4.51,0.88,97.367971,-46.177185,13.4809,517.465,CANDIDATE
2796.01,220076110,CP,4.808498,1.405,11010.0,15.0839,797.0,67.1926,5449.5,4.13,1.38,84.152719,0.896279,11.916,350.343,CONFIRMED
2797.01,206897186,PC,4.2380604,3.385,13070.0,13.0206,1292.0,463.485,5798.0,4.35,1.13,97.187829,7.699212,13.194,642.911,CANDIDATE
2798.01,160347548,PC,3.994474,4.436,14090.0,18.9963,1524.0,896.598,5931.0,4.06,1.61,91.437408,-33.187516,12.8054,836.501,CANDIDATE
2799.01,156887426,PC,1.4367914,2.178,23180.0,16.9266,1742.0,1530.88,5873.0,4.4,1.07,99.011337,-45.280583,13.1811,651.979,CANDIDATE
280.01,42054565,PC,10.1843061,1.7293131,839.9896915,2.4497061,708.2266596,59.457971,5454.0,4.59104,0.782681,24.168388,-36.414011,9.9955,99.66,CANDIDATE
2800.01,147804034,PC,7.7538288,3.454,6560.0,9.7807,937.0,127.967,5504.0,,1.17,98.617856,-41.147731,12.18,386.71,CANDIDATE
2801.01,140287227,PC,5.4139736,2.952,8400.0,15.5249,1020.0,179.736,5425.0,,1.71,85.500078,-31.873186,13.4242,,CANDIDATE
2802.01,139444326,PC,3.5266608,2.105,1320.0,5.79479,1171.0,312.309,5668.0,4.35,1.58,80.731186,-21.955687,11.526,441.989,CANDIDATE
2803.01,124379043,CP,1.962292,2.935,20910.0,17.4523,1882.0,2085.59,6384.0,4.41,1.16,93.11474,-23.492496,12.0753,494.818,CONFIRMED
2804.01,44764338,PC,4.8033954,0.9062451,867.1363349,4.4901713,1339.2032846,760.1635216,5913.9,4.12,1.50621,146.418889,-38.887361,8.9118,129.525,CANDIDATE
2805.01,5024743,FP,12.4498835,5.45,1827.0,20.0559,2408.0,5588.85,8469.0,3.96,2.51,142.107198,-38.947381,10.1015,571.204,FALSE POSITIVE
2806.01,193220940,PC,11.4045112,3.947,760.0,4.0961,992.0,161.074,6334.6,4.2,1.47,157.921439,-24.224832,10.0524,240.359,CANDIDATE
2807.01,11936042,PC,3.9919157,2.938,535.0,2.45988,1264.0,424.412,5645.0,4.32,1.14,146.114558,-35.104589,9.6854,130.409,CANDIDATE
2808.01,192988021,PC,9.4453763,2.659,863.0,1.77547,669.0,33.3967,4853.0,4.69,0.66,155.316019,-25.109334,9.9139,64.4886,CANDIDATE
2809.01,45655786,PC,3.1660849,2.6922287,5175.0320686,10.333405,1403.2634402,916.3847298,6225.0,,1.3377,149.034708,-38.088834,10.9095,308.013,CANDIDATE
281.01,38696105,PC,5.5765364,2.3140477,642.4206976,4.5613031,1293.3084871,661.1949258,6002.18,4.12354,1.52031,66.136252,-60.129932,10.5041,283.856,CANDIDATE
2810.01,80682484,PC,8.4035706,3.906,490.0,2.0563,1070.0,218.228,5910.0,4.42,1.05,165.955117,-50.887152,9.0397,99.5473,CANDIDATE
2811.01,78775584,FP,5.5553784,2.256,1050.0,13.2411,1357.0,564.535,8058.0,3.57,3.79,143.466543,-42.714874,10.7217,940.002,FALSE POSITIVE
2812.01,105801221,FP,3.0750728,2.219,510.0,3.62818,1545.0,948.001,6888.0,4.25,1.52,156.685218,-38.042191,9.6913,241.582,FALSE POSITIVE
2813.01,133427311,PC,4.5654898,2.3029332,8572.2024128,14.6507235,1789.4071434,2421.8674124,9162.0,4.51,1.39742,120.850783,-38.715281,12.4783,854.236,CANDIDATE
2814.01,268187322,PC,5.479335,4.7009896,9196.3437964,15.1849562,1402.9908508,915.6728921,6332.7,4.2,1.5307699,116.249354,-48.750526,11.1664,427.312,CANDIDATE
2815.01,306663205,PC,3.4044402,1.895,7190.0,15.4118,1137.0,278.231,6097.0,4.01,1.75,107.708648,-12.833057,13.2181,1028.76,CANDIDATE
2816.01,131581522,FP,3.059168,4.992,7610.0,13.504,2502.0,6509.45,5657.0,4.37,1.08,118.347733,-36.800418,13.2864,494.985,FALSE POSITIVE
2817.01,285526706,PC,6.2804387,3.263,10240.0,9.96788,1071.0,218.419,5900.0,4.48,0.98,120.031887,-42.172067,12.1234,331.16,CANDIDATE
2818.01,151483286,CP,4.0397189,3.655,15110.0,14.2282,1515.0,876.846,5758.5,4.27,1.14,119.059818,-35.11671,11.3944,312.674,CONFIRMED
2819.01,387275908,APC,4.3905983,2.3792658,8720.9304105,25.8544805,1621.6560323,1634.3910274,5796.0,4.12,1.96701,109.783871,12.776861,11.6805,655.523,CANDIDATE
282.01,29781292,CP,56.0045056,10.4337079,767.9192527,4.6074444,596.6666471,29.9535327,6321.0,4.22436,1.41189,65.238307,-68.102688,8.9387,139.611,CONFIRMED
282.02,29781292,FA,31.32312,1.541,385.0,2.00987,549.0,15.1394,6321.0,4.22436,1.41,65.238307,-68.102688,8.9387,139.611,FALSE POSITIVE
282.03,29781292,CP,84.2607645,10.925059,440.1660616,3.4359102,520.7120401,17.3744666,6321.0,4.22436,1.41189,65.238307,-68.102688,8.9387,139.611,CONFIRMED
282.04,29781292,CP,22.8909855,2.465657,253.4100012,2.5594629,803.9912632,98.7475477,6321.0,4.22436,1.41189,65.238307,-68.102688,8.9387,139.611,CONFIRMED
2820.01,130948731,PC,13.3454771,3.135485,24630.385709,12.027246,619.9102437,34.90087,5448.0,4.7,0.720183,117.112936,-41.851643,13.2795,374.417,CANDIDATE
2821.01,281489322,PC,0.2856701,0.297,1990.0,13.6948,1571.0,1011.6,5606.0,3.81,2.04,110.862995,-50.24341,12.9152,907.894,CANDIDATE
2822.01,130349701,PC,2.8798613,4.111,4820.0,11.5292,1869.0,2026.22,6086.0,4.04,1.69,120.003728,-28.633446,12.8504,898.797,CANDIDATE
2823.01,271035369,PC,4.7962078,3.328,21130.0,,1813.0,1796.66,8083.5,,,125.179823,-25.691466,12.1195,1106.49,CANDIDATE
2824.01,128135100,PC,2.2087864,4.045,4710.0,13.7924,2901.0,11768.7,5827.0,4.23,1.3,117.680162,-28.321662,13.0931,732.634,CANDIDATE
2825.01,268496304,PC,5.9492615,4.304,7490.0,11.6197,1284.0,452.584,6041.0,4.22,1.36,117.015231,-48.182978,13.0215,747.884,CANDIDATE
2826.01,123462119,PC,1.9275568,2.621,39070.0,,2518.0,6683.74,9168.0,,,102.832655,-11.586243,12.8565,936.741,CANDIDATE
2827.01,440775339,PC,5.3393042,2.965,2610.0,7.70059,1139.0,280.204,5857.2,3.94,1.49,108.721945,11.989395,11.1865,382.261,CANDIDATE
2828.01,268042363,FP,4.6141256,1.566,4920.0,10.7957,1001.0,167.033,6888.0,4.37,1.33,115.628942,-53.037166,12.9858,844.26,FALSE POSITIVE
2829.01,114103134,FP,1.1468708,1.3965477,2762.6275979,11.7343018,2702.390069,12604.1379184,6755.0,4.0,1.99145,113.981399,-30.748672,11.6079,721.776,FALSE POSITIVE
283.01,382626661,PC,17.6174652,3.615,722.0,2.01411,610.0,23.0207,5250.0,4.64176,0.81,118.569306,-65.441482,9.6768,82.7013,CANDIDATE
2830.01,307456716,APC,4.2555436,5.058,2410.0,8.01392,,2367.92,6053.1,4.17,1.68,124.346776,-17.493754,11.8365,566.013,CANDIDATE
2831.01,259165246,PC,2.6926692,3.101,4150.0,13.9087,2604.0,7635.55,9669.0,4.18,2.11,113.519372,-15.933992,12.0778,1402.73,CANDIDATE
2832.01,107340585,PC,2.6889686,2.677,10930.0,13.0858,1655.0,1246.08,6685.0,4.4,1.25,110.910659,-26.711311,12.9674,838.737,CANDIDATE
2833.01,238335094,PC,4.3897272,3.234,6550.0,,1113.266869,363.0096249,,,,120.662363,-49.593238,13.0718,448.289,CANDIDATE
2833.02,238335094,PC,1.8947564,2.1094288,4246.8573903,6.7240044,1472.9600331,1112.4611509,,,1.0,120.662363,-49.593238,13.0718,448.289,CANDIDATE
2834.01,156172268,PC,4.6391531,3.239,14100.0,13.8244,1254.0,411.734,5928.2,4.56,1.15,124.385982,-28.046133,11.288,317.232,CANDIDATE
2835.01,98286422,FP,2.9646096,2.232,27860.0,15.291,1098.0,241.662,5306.0,4.51,0.88,108.496989,-34.939529,13.1057,404.202,FALSE POSITIVE
2836.01,144628120,PC,3.2379325,3.112,8340.0,11.1634,1627.0,1164.58,6434.3,4.46,1.19,121.482329,-30.93849,11.4675,388.876,CANDIDATE
2837.01,238020894,APC,0.8602467,1.5314093,14559.4590959,,1916.4658605,3188.0516635,4841.5,,,103.00138,-49.561684,13.5012,,CANDIDATE
2838.01,81231810,FP,5.4521068,4.702,8170.0,15.3694,1623.0,1153.14,5878.0,4.03,1.64,106.616499,-18.80809,12.9,821.496,FALSE POSITIVE
2839.01,182470056,FP,0.879268,1.529,4550.0,11.9007,2142.0,3494.7,6259.0,4.06,1.7,123.753462,-36.248077,12.9604,888.752,FALSE POSITIVE
284.01,277103955,FP,1.3090665,2.844,209.0,0.97952,1906.0,2194.21,4779.8,4.57,0.78,84.254356,-66.790853,9.2927,52.1472,FALSE POSITIVE
2840.01,178577607,PC,1.532427,2.351,29020.0,19.4762,1756.0,1580.66,5957.0,4.39,1.11,108.649235,-6.835297,12.9159,609.523,CANDIDATE
2841.01,79930628,PC,2.1663502,4.258,5930.0,14.4558,3298.0,19658.8,9394.0,4.25,1.92,120.820607,-42.411054,12.6313,1246.64,CANDIDATE
2842.01,178162579,CP,3.5514016,2.207,8480.0,11.8731,1198.0,342.119,6019.0,4.29,1.26,108.044207,-10.63934,12.0327,460.995,CONFIRMED
2843.01,79030066,PC,1.8882882,2.714,18080.0,17.6221,1875.0,2054.63,6436.0,4.34,1.27,103.639572,-20.288853,13.4949,960.345,CANDIDATE
2844.01,387342052,CP,3.5524144,2.784,2060.0,8.52936,1572.0,1015.53,6843.0,,1.82,110.203228,13.01869,11.5829,705.803,CONFIRMED
2845.01,177612321,FP,3.145502,2.411,6190.0,20.1993,1436.0,707.742,6397.0,3.83,2.29,106.179342,-0.02951,13.2863,1558.37,FALSE POSITIVE
2846.01,66151343,PC,2.6792695,2.56,10530.0,13.9979,1636.0,1189.32,6718.0,4.34,1.34,108.905266,-28.059293,13.3693,1083.88,CANDIDATE
2847.01,175604949,PC,2.648845,2.131,16770.0,11.66,1194.0,338.268,5329.0,4.52,0.87,116.689433,-39.131536,12.2224,259.399,CANDIDATE
2848.01,285524410,FP,3.0244222,5.3680787,267015.5224574,,1260.3600138,596.3475879,6758.0,4.19,,119.999359,-42.928955,11.422,573.391,FALSE POSITIVE
2849.01,61687533,PC,2.9510628,3.404,9480.0,13.623,1699.0,1384.06,6370.0,4.26,1.39,109.412182,-6.372974,13.2877,982.982,CANDIDATE
285.01,220459976,PC,32.332528,3.459632,2425.505189,3.028709,328.6290521,2.7564164,3891.0,4.64044,0.615038,74.697171,-56.393814,12.1677,115.801,CANDIDATE
2850.01,453105377,PC,6.6329154,0.598,3190.0,7.47324,440.0,6.26353,4608.0,4.35,0.88,91.41105,-41.288263,10.7599,106.964,CANDIDATE
2851.01,174206540,PC,4.8257226,4.145,7650.0,14.7924,1648.0,1225.98,7141.0,4.2,1.66,113.85425,-40.877509,13.0923,926.193,CANDIDATE
2852.01,52869977,PC,0.400777,0.886,2000.0,10.0625,2214.0,3988.82,5635.0,3.81,2.07,102.113987,-32.457696,13.3947,1232.83,CANDIDATE
2853.01,173818213,PC,3.2923881,1.427,26840.0,21.0823,1062.0,211.311,6300.0,4.35,1.24,112.919032,-38.310526,13.4546,808.212,CANDIDATE
2854.01,50989813,PC,0.9008643,1.419,2530.0,13.1071,3015.0,13721.4,9267.0,4.03,2.46,109.100834,-4.730664,12.5461,1961.51,CANDIDATE
2855.01,437156845,FP,3.4906402,1.586,4580.0,8.78597,1050.0,202.549,6066.0,4.34,1.18,123.43693,-18.877652,12.7325,626.536,FALSE POSITIVE
2856.01,172630205,FP,0.599092,1.232,1290.0,11.5931,1950.0,2400.89,5220.0,,3.19,101.010233,-26.030612,12.6989,1238.08,FALSE POSITIVE
2857.01,419148828,APC,0.6216031,1.1570716,2344.6249758,8.6439547,3263.4440702,26805.6102003,8038.0,4.37,1.50848,120.614522,-35.485708,12.4644,802.97,CANDIDATE
2858.01,47587394,PC,2.4181961,1.814,4150.0,,1299.0,473.085,5118.6,,,100.66585,-26.084036,13.3606,,CANDIDATE
2859.01,157655504,PC,3.9589903,3.5,13190.0,20.2505,1505.0,852.08,6551.0,4.1,1.73,107.27446,-39.164377,12.9395,1047.94,CANDIDATE
286.01,150030205,CP,4.5117221,1.785,313.0,1.40246,850.0,86.7681,5245.0,4.57666,0.79,90.984276,-60.666335,9.1059,59.2293,CONFIRMED
286.02,150030205,CP,39.361947,4.535,552.0,1.84555,606.0,22.4437,5245.0,4.57666,0.79,90.984276,-60.666335,9.1059,59.2293,CONFIRMED
2860.01,419029830,PC,4.1849602,2.233,27260.0,,1215.0,362.823,5722.4,,,120.504844,-30.622233,13.4746,1267.82,CANDIDATE
2861.01,157572174,PC,6.6269971,3.9371246,5104.9588771,11.1341925,1201.5124066,492.5315328,5940.0,4.13,1.48946,106.939794,-38.43372,13.0316,819.583,CANDIDATE
2862.01,231937059,PC,11.4874782,4.063,16360.0,15.5181,868.0,94.4317,5958.0,4.3,1.22,93.577763,-42.883675,13.0436,707.53,CANDIDATE
2863.01,412257781,FP,1.1894812,3.047,4130.0,9.44872,2714.0,9015.13,6550.0,4.21,1.5,110.446018,-22.597941,12.7797,890.314,FALSE POSITIVE
2864.01,157011920,PC,0.4777885,1.039,2690.0,,2020.0,2766.96,5286.9,,,100.149235,-44.661655,12.818,748.5,CANDIDATE
2865.01,231337271,PC,0.451685,0.262,1660.0,9.82852,1751.0,1563.98,6353.0,4.46,1.1,97.015646,-35.398536,12.685,598.315,CANDIDATE
2866.01,409896170,PC,1.5728416,1.947,21020.0,12.7462,1426.0,687.916,5288.0,4.52,0.87,126.898381,-14.125433,13.2495,456.797,CANDIDATE
2867.01,156949982,PC,5.6392638,4.436,7320.0,14.2003,1308.0,486.031,5904.0,4.03,1.65,104.345323,-40.578998,13.4861,1086.1,CANDIDATE
2868.01,147857396,PC,9.3803217,4.508,8600.0,12.1477,1103.0,246.563,5817.0,4.25,1.27,98.965621,-41.56033,12.9702,680.951,CANDIDATE
2869.01,409264172,PC,1.7198076,1.861,10890.0,,2237.0,4161.67,8531.0,,,109.657119,-13.064781,12.9451,2887.19,CANDIDATE
287.01,2758565,PC,3.7815683,2.0137346,15002.1659627,17.6651495,1263.093127,601.5371996,5807.0,4.32,1.17009,356.283058,-17.449264,12.3611,486.856,CANDIDATE
2870.01,14709225,PC,5.7655904,1.757,7910.0,19.7343,834.0,80.5444,5409.0,,2.0,111.797558,14.957871,12.5266,423.114,CANDIDATE
2871.01,155807906,FP,0.4057204,1.201,2620.0,6.83767,2895.0,11661.9,6541.0,4.33,1.32,123.825652,-29.23165,13.0777,879.564,FALSE POSITIVE
2872.01,151930063,FP,5.2201338,2.584,6040.0,14.7463,2058.0,2982.23,11632.0,4.35,1.95,119.619171,-35.664564,12.8919,1142.16,FALSE POSITIVE
2873.01,119448220,PC,1.252025,0.816,8690.0,,,495.784,5000.0,,,97.790166,-39.210426,12.6587,269.192,CANDIDATE
2874.01,123106490,FP,3.3004862,2.959105,2403.5706041,8.5365984,1546.3199559,1351.1962911,6408.0,4.26,1.30784,113.755213,-43.876527,11.3002,398.13,FALSE POSITIVE
2875.01,385658469,PC,3.4142143,4.212,3400.0,15.9231,2430.0,5796.83,8573.0,3.9,2.72,110.778713,-11.990525,12.5365,1833.11,CANDIDATE
2876.01,10827386,PC,6.2996307,1.918,9530.0,9.36407,709.0,42.1658,5137.0,4.45,0.92,110.247353,-21.114638,11.7038,225.744,CANDIDATE
2877.01,348477542,PC,3.4074188,3.111,18130.0,17.1042,1451.0,736.646,6237.0,4.33,1.24,121.311321,-16.595309,13.0814,805.159,CANDIDATE
2878.01,4999813,FP,2.0849517,3.099,2380.0,4.65169,2014.0,2731.54,6163.0,4.56,0.94,107.358337,-1.732243,12.6063,474.693,FALSE POSITIVE
2879.01,146836153,FP,2.3252878,2.277571,29370.954615,12.8754,1375.7827266,846.6821648,5744.0,,1.1,124.319317,-30.632887,13.3181,602.935,FALSE POSITIVE
288.01,47316976,PC,711.7473963,6.7075614,1566.1541118,9.065007,312.0100486,2.2397282,6530.0,3.96,2.02087,340.307693,-28.032657,8.97174,215.387,CANDIDATE
2880.01,344140617,PC,4.7799716,4.976,5250.0,13.1891,1808.0,1774.48,6605.0,4.07,1.79,108.412415,-48.696216,13.2873,1251.5,CANDIDATE
2881.01,320541238,PC,2.9301843,4.218,6280.0,13.1989,1814.0,1800.37,6032.0,4.05,1.65,109.29759,1.114636,13.2222,1059.52,CANDIDATE
2882.01,142405475,PC,2.0083269,4.37,1680.0,4.99539,2549.0,7012.5,6656.0,4.37,1.28,103.039992,-12.68971,13.1101,855.978,CANDIDATE
2883.01,319932686,PC,3.7064049,2.056,4710.0,,1572.0,1014.45,6016.0,,,109.559167,-32.95761,12.3661,696.926,CANDIDATE
2884.01,318413374,PC,2.935886,2.93,5900.0,14.3093,1645.0,1215.74,5896.0,3.97,1.77,109.640338,-9.70194,13.4518,1150.7,CANDIDATE
2885.01,140019355,PC,6.3350651,2.37,4160.0,15.3432,1602.0,1093.74,9608.0,4.11,2.28,115.517784,-18.889988,11.7507,1301.56,CANDIDATE
2886.01,318796593,PC,1.6020002,2.625,21520.0,18.6498,1890.0,2118.49,6141.0,4.33,1.22,110.007657,-10.569841,11.7858,413.673,CANDIDATE
2887.01,134183038,PC,4.9182798,3.7931445,20620.2444335,17.0084738,1319.6283765,716.6837953,7185.0,4.52,1.1499,121.985508,-39.014522,13.3009,781.709,CANDIDATE
2888.01,80713983,PC,4.218652,1.7861148,9198.260437,,,,9307.0,,,121.957411,-45.377044,11.1893,1658.85,CANDIDATE
2889.01,355796887,PC,3.6579148,4.33,32300.0,,1512.0,869.875,5765.0,,,132.225584,-61.904997,12.973,937.591,CANDIDATE
289.01,201292545,PC,,6.463,5520.0,16.0647,,,5728.0,3.99,1.69,2.900716,-56.599679,11.4483,454.65,CANDIDATE
2890.01,355655412,PC,3.1958886,1.548,10760.0,16.4567,1314.0,495.822,6496.3,,1.39,137.699604,-50.922,12.6223,776.868,CANDIDATE
2891.01,342167886,PC,17.3076615,4.843,8880.0,17.4207,873.0,96.7375,6693.0,4.07,1.81,122.890573,-57.315237,11.7498,627.007,CANDIDATE
2892.01,340559155,PC,14.9502738,4.464,8070.0,15.1651,950.0,135.41,5068.0,4.58,0.79,116.213624,-59.551153,13.3763,374.866,CANDIDATE
2893.01,340144218,PC,10.3629429,3.168,5880.0,7.36873,796.0,66.9029,5467.0,4.45,0.96,113.57776,-56.581794,13.296,518.198,CANDIDATE
2894.01,315120585,PC,7.4190257,2.472,11610.0,11.48,852.0,87.5704,6004.0,4.47,1.02,145.428958,-24.78535,13.0815,617.411,CANDIDATE
2895.01,315117300,PC,8.7858955,5.908,3910.0,10.3307,1409.0,656.013,6749.0,4.17,1.63,145.329475,-28.354658,13.3064,1274.13,CANDIDATE
2896.01,310537530,PC,1.3475728,1.589,2570.0,18.0939,1632.0,1178.75,5434.0,,3.36,128.916062,-62.114976,12.8047,1362.17,CANDIDATE
2897.01,308987429,PC,12.0040505,3.95,6890.0,7.9538,826.0,77.3733,5777.0,4.47,0.98,122.960237,-61.733279,13.3406,583.358,CANDIDATE
2898.01,308612785,PC,3.6128161,3.7292938,9701.7379772,17.5748151,1785.7427737,2403.2370301,7186.0,4.18,1.71382,121.487048,-61.667199,13.4268,1441.09,CANDIDATE
2899.01,307366709,PC,4.0874138,2.061,7470.0,17.2785,1191.0,334.64,5881.0,3.94,1.83,125.68696,-67.723522,13.0077,983.354,CANDIDATE
290.01,201233610,FP,21.05271,4.91,21440.0,36.6999,835.0,80.9224,5736.0,3.97,1.73,359.516588,-49.300838,12.9528,933.836,FALSE POSITIVE
2900.01,298206077,PC,1.317173,2.581,14130.0,,1585.0,1048.64,4649.5,,,142.73104,-51.141043,13.4609,1036.78,CANDIDATE
2901.01,295093397,PC,4.6086828,4.283,13990.0,20.3715,1907.0,2197.47,8097.0,4.26,1.72,140.609503,-52.043622,11.9357,808.284,CANDIDATE
2902.01,290302097,FP,2.9918201,2.231,3410.0,5.2899,1175.0,317.354,5301.0,4.5,0.89,136.335932,-62.966781,12.7858,363.632,FALSE POSITIVE
2903.01,268125229,PC,3.5947639,1.81,3070.0,5.10241,1015.0,176.712,5594.0,4.5,0.93,116.065365,-51.874845,12.7318,381.002,CANDIDATE
2904.01,267536225,PC,7.5010022,3.977,2550.0,7.05091,1339.0,534.505,5673.0,4.21,1.31,114.184839,-53.204584,12.5519,519.895,CANDIDATE
2905.01,260120451,PC,11.8790678,3.716,8580.0,,780.0,61.6781,5163.2,,,130.961641,-45.972021,12.41,804.13,CANDIDATE
2906.01,192259856,PC,3.7062792,3.008,13910.0,13.4147,1440.0,714.906,6524.0,4.49,1.09,137.390723,-37.796842,12.7318,591.529,CANDIDATE
2907.01,192003741,PC,3.168632,2.329,2830.0,,1340.0,536.503,6020.0,,,136.755357,-36.560064,12.3447,931.375,CANDIDATE
2908.01,191671884,PC,5.4631023,4.067,3070.0,5.85793,1515.0,874.545,6788.0,4.55,1.06,135.94385,-39.21708,12.6467,554.906,CANDIDATE
2909.01,191496430,PC,3.0688259,3.95,3010.0,9.43298,2250.0,4260.44,7776.7,,1.64,135.668568,-37.016822,11.3289,,CANDIDATE
291.01,49710555,FP,12.08837,3.106,5990.0,18.1866,1048.0,200.957,5920.0,4.22,1.34,352.16451,-10.85962,12.3035,551.16,FALSE POSITIVE
2910.01,141574742,PC,3.3080662,4.0947447,11855.6066747,,1223.2560151,529.164184,4989.6,,,129.629817,-42.141881,13.3395,842.929,CANDIDATE
2911.01,141141249,PC,1.7701321,1.6631328,49803.4082445,10.9547,921.774333,170.615878,4430.1,,0.77,129.080557,-46.365534,13.381,,CANDIDATE
2912.01,118406995,PC,8.7614828,3.301,4200.0,11.807,1037.0,192.233,6614.0,4.05,1.83,128.826991,-56.640286,11.3838,557.087,CANDIDATE
2913.01,101588793,PC,7.0317936,2.962,19070.0,10.9551,671.0,33.675,4269.0,4.48,0.78,150.480802,-31.738573,13.3564,265.527,CANDIDATE
2914.01,90127880,PC,3.0515894,3.2635858,5835.5643672,15.5322188,2153.5314602,5083.0675851,7902.0,4.14,1.94295,127.623784,-48.820612,13.21,1245.8,CANDIDATE
2915.01,89617284,PC,5.1304425,2.399,7670.0,,992.0,160.972,5003.8,,,127.414073,-55.560709,12.5254,455.243,CANDIDATE
2916.01,76663549,PC,3.9216762,2.075,17400.0,13.1754,1182.0,325.02,6706.0,4.63,0.96,140.683121,-45.092394,13.108,588.385,CANDIDATE
2917.01,75744886,PC,7.9018734,3.18,16220.0,,808.0,70.7874,4976.0,,,139.336601,-46.114722,13.0699,785.617,CANDIDATE
2918.01,74881311,PC,9.5680636,3.982,9400.0,9.53977,1041.0,195.344,6511.0,4.57,0.99,138.138217,-46.400703,13.2889,632.543,CANDIDATE
2919.01,74274839,PC,4.6957057,2.633,13800.0,10.543,999.0,165.667,5475.0,4.53,0.89,137.261531,-44.69446,12.5917,332.108,CANDIDATE
292.01,180285396,PC,10.3688702,2.4885919,15543.5949112,9.6582457,608.5771715,32.4178069,4463.0,4.49,0.789514,14.714189,-36.688474,13.2806,295.784,CANDIDATE
2920.01,48210046,PC,3.2003149,2.847,16320.0,18.204,1393.0,626.171,6060.0,4.2,1.4,148.043561,-34.637781,12.8212,728.811,CANDIDATE
2921.01,45896295,PC,3.0044799,3.19,11000.0,13.4546,1596.0,1078.67,6302.0,4.34,1.25,131.498216,-57.970633,12.8854,706.87,CANDIDATE
2922.01,45492609,PC,1.3605223,0.715,1440.0,5.14347,1190.0,333.693,5924.0,4.35,1.15,148.530378,-36.533331,11.7768,366.67,CANDIDATE
2923.01,45299834,PC,4.3226285,2.908,9090.0,12.2227,1246.0,401.143,6153.0,4.31,1.25,130.312867,-59.003312,12.8521,668.938,CANDIDATE
2924.01,45048546,PC,7.3498345,4.0296279,5726.6329422,10.9465595,1175.1480188,450.7038757,6571.0,4.31,1.34715,129.565989,-54.087096,12.1466,552.876,CANDIDATE
2925.01,44510874,PC,1.5720089,1.257,2730.0,8.25698,1647.0,1224.0,7164.0,4.28,1.51,145.470604,-41.4836,11.49,504.705,CANDIDATE
2926.01,34499178,PC,2.4249041,4.225,5630.0,13.9253,2205.0,3929.91,6632.0,4.01,1.92,146.894352,-44.938923,13.1845,1301.83,CANDIDATE
2927.01,33651215,PC,1.3868302,2.413,14190.0,14.7174,2267.0,4386.75,7019.0,4.46,1.22,145.556049,-43.004208,13.3754,890.006,CANDIDATE
2928.01,33159936,PC,2.8457134,3.189,7050.0,10.8106,1827.0,1849.83,6910.0,4.39,1.3,144.684864,-43.027284,12.9639,754.398,CANDIDATE
2929.01,31975443,PC,2.0391352,2.1,19130.0,11.8618,1429.0,693.385,5773.0,4.55,0.89,137.057803,-43.58446,13.2135,464.854,CANDIDATE
293.01,355637190,APC,0.8054361,1.06,2980.0,8.06243,2017.0,2752.55,5905.0,4.13,1.4,358.154531,-54.468938,11.024,336.367,CANDIDATE
2930.01,30300445,PC,7.2041454,3.527,1970.0,10.8839,1450.0,735.576,7176.0,3.91,2.34,133.916868,-43.399202,11.6526,768.578,CANDIDATE
2931.01,29505837,PC,8.6681997,5.864,3880.0,11.0832,1312.0,492.998,6133.0,4.01,1.77,133.202995,-43.353789,12.1511,663.064,CANDIDATE
2932.01,29418536,PC,3.2569118,3.689,5960.0,15.9704,1956.0,2431.32,7320.0,4.01,2.1,133.035477,-46.012169,12.6396,1052.16,CANDIDATE
2933.01,29336129,FP,1.6363822,5.2796046,2383.8690387,10.6745489,2119.2651364,4767.1868729,6361.0,4.09,1.6787,132.871698,-47.739206,12.5246,762.471,FALSE POSITIVE
2934.01,28945511,PC,1.1239749,1.011,2190.0,5.17993,1530.0,910.705,6220.0,4.56,0.95,132.464537,-43.285817,12.8016,466.664,CANDIDATE
2935.01,24837152,PC,5.5698287,2.234,11620.0,13.1629,910.0,113.909,5751.6,4.28,1.22,142.271234,-34.764775,13.4581,733.784,CANDIDATE
2936.01,22020459,FP,1.3328042,2.75,1960.0,7.33432,2422.0,5718.54,6561.0,4.12,1.67,147.853628,-25.593913,12.5961,923.797,FALSE POSITIVE
2937.01,18794442,PC,2.0139493,1.554,5820.0,23.9926,1900.0,2165.86,6074.0,4.11,1.56,138.05522,-33.831997,13.4212,954.421,CANDIDATE
2938.01,11417087,PC,4.942456,2.504,16530.0,12.1509,957.0,139.422,5516.0,4.49,0.92,145.935851,-25.544412,11.4932,234.45,CANDIDATE
2939.01,5485318,PC,4.8306667,4.24,9790.0,14.4419,1521.0,889.049,6567.0,4.26,1.44,149.759485,-22.94676,12.6819,841.049,CANDIDATE
294.01,188570092,CP,7.327945,2.896,13710.0,9.49027,697.0,39.3409,4521.0,4.5,0.79,339.02584,-17.000305,11.3875,127.589,CONFIRMED
2940.01,5224772,PC,4.5991516,3.113,23020.0,,1042.0,195.841,5262.9,,,142.330001,-37.471567,13.487,1080.4,CANDIDATE
2941.01,4729001,APC,0.7127815,1.154,26500.0,16.3576,1729.0,1485.48,5625.4,,0.98,141.424753,-41.762818,12.6858,483.964,CANDIDATE
2942.01,3840990,PC,3.525723,4.582,4730.0,12.6783,1849.0,1943.53,6442.0,4.02,1.85,139.819823,-39.68824,12.9356,1025.86,CANDIDATE
2943.01,3233861,PC,0.7123317,0.752,13070.0,13.7901,1287.0,456.304,4728.0,4.34,0.98,138.829697,-37.410488,13.2005,383.85,CANDIDATE
2944.01,340700241,PC,7.7925448,2.902988,16339.5347863,25.4471346,1164.120025,434.0222975,6307.0,4.21,1.44678,116.957847,-56.764275,13.3106,927.97,CANDIDATE
2945.01,286152207,PC,3.2006677,4.195,5500.0,15.3648,2123.0,3373.51,7438.0,4.03,2.09,123.958625,-51.130941,12.9512,1152.65,CANDIDATE
2946.01,302798365,PC,4.9186433,1.849,19840.0,10.544,648.0,29.4413,4394.0,4.56,0.72,135.596925,-70.947587,12.3977,171.017,CANDIDATE
2947.01,374847873,FP,2.0391741,0.849,5740.0,,943.0,131.518,5371.5,,,151.064827,-63.377022,12.5964,440.02,FALSE POSITIVE
2948.01,357896777,PC,2.7557652,1.889,14830.0,14.7906,1261.0,420.126,,,1.18,138.357768,-62.446432,13.175,1335.32,CANDIDATE
2949.01,357299852,PC,2.8652288,1.785,14320.0,13.2096,1151.0,291.711,5945.0,4.42,1.06,136.925615,-65.641899,13.2338,645.262,CANDIDATE
2950.01,356206412,PC,3.2690486,3.666,6060.0,12.349,1674.0,1303.81,6368.0,4.16,1.55,133.789047,-65.572667,12.5781,773.248,CANDIDATE
2951.01,304025075,PC,3.029136,2.829,18490.0,,,,,,,140.738354,-68.83153,13.417,,CANDIDATE
2952.01,302527524,PC,10.7844934,2.021,13750.0,6.26037,374.0,3.24982,3558.0,4.73,0.51,134.192664,-68.510453,12.6359,88.6944,CANDIDATE
2953.01,469184909,PC,1.2926975,2.592,6460.0,,,,,,,148.534383,-57.048538,12.4794,1205.9,CANDIDATE
2954.01,464328419,PC,4.8401948,3.546,26550.0,,3148.0,16322.4,12745.0,,,155.841298,-55.678986,12.3743,1968.35,CANDIDATE
2955.01,464326872,PC,0.5542332,1.366,4400.0,16.3177,2980.0,13101.0,7366.0,3.89,2.43,155.862144,-55.935756,13.0882,1516.96,CANDIDATE
2956.01,463508231,PC,4.127728,1.411,14790.0,11.0098,836.0,81.2443,5820.0,4.55,0.9,154.066894,-55.712617,12.445,362.235,CANDIDATE
2957.01,463469906,PC,1.5314941,2.4818244,19629.0085308,24.932622,1939.1244573,3341.5174815,6650.0,4.38,1.27101,153.779587,-54.937282,13.5248,888.14,CANDIDATE
2958.01,463203560,FP,1.9905105,2.62,2270.0,5.94241,2665.0,8376.54,6211.0,4.46,1.07,153.250338,-58.763396,10.6758,206.3,FALSE POSITIVE
2959.01,462162963,FP,1.3550447,1.945,3710.0,,4486.0,67280.3,14466.0,,,150.368272,-59.851711,12.3935,1001.96,FALSE POSITIVE
296.01,382463648,PC,25.2580075,3.7100519,8447.1702956,8.7026468,561.7594116,23.5354459,5290.0,4.45,0.946086,353.105143,-45.909568,13.1066,471.798,CANDIDATE
2960.01,462072242,PC,2.0916623,3.274,5500.0,22.2405,2825.0,10586.0,6600.0,3.83,2.36,150.439538,-54.113651,13.0013,1421.21,CANDIDATE
2961.01,446684383,PC,4.6259138,2.91,10220.0,14.9419,1443.0,719.837,7388.0,4.34,1.44,156.12964,-49.765876,12.2985,763.001,CANDIDATE
2962.01,444394183,PC,4.0211797,4.198,3500.0,16.4291,1253.0,409.938,4881.0,,2.79,147.510243,-55.451603,12.131,755.197,CANDIDATE
2963.01,441334829,FP,4.4433921,3.414,6480.0,12.1784,2217.0,4015.1,7664.0,4.51,1.23,145.150907,-55.815548,12.5449,654.773,FALSE POSITIVE
2964.01,439512298,PC,3.8331282,2.906,10410.0,12.9506,1810.0,1782.41,8408.0,4.57,1.24,143.626372,-56.592738,12.484,644.948,CANDIDATE
2965.01,146841337,PC,4.2672965,3.108,9340.0,18.7854,1712.0,1427.16,6548.0,4.06,1.79,160.908055,-47.790465,12.5853,920.771,CANDIDATE
2966.01,136504576,PC,1.5252473,2.343,1730.0,9.59771,1849.0,1941.1,5698.0,3.67,2.44,150.73136,-48.628391,12.4016,852.718,CANDIDATE
2967.01,103245940,FP,3.2517862,4.373,18310.0,13.6873,1966.0,2483.34,5824.0,4.53,0.92,156.596157,-44.177389,13.0742,512.984,FALSE POSITIVE
2968.01,103183399,PC,0.7327757,1.306,4490.0,,1779.0,1664.1,5195.1,,,156.533167,-46.621981,13.397,825.971,CANDIDATE
2969.01,36452991,PC,1.8237148,1.322,22920.0,12.3326,944.0,131.939,4581.0,4.51,0.78,150.062625,-47.445244,11.9361,163.996,CANDIDATE
297.01,115242351,PC,5.6748327,1.783,8390.2038219,11.6571011,936.9112513,182.1020435,4871.0,4.26,1.09429,6.17695,-36.114458,13.1099,461.513,CANDIDATE
2970.01,461136782,PC,4.420983,4.083,3980.0,,,,,,,165.500672,-25.690599,11.406,390.3626,CANDIDATE
2971.01,453452264,PC,4.8405428,2.139,7030.0,8.96118,989.0,159.338,5875.0,4.4,1.08,169.648172,-11.977097,13.0634,622.713,CANDIDATE
2972.01,448536355,PC,2.8371201,2.102,11560.0,13.1836,1131.0,271.99,5301.0,4.24,1.2,166.000894,-30.171945,13.562,724.88,CANDIDATE
2973.01,437259571,PC,2.7519326,2.411,10200.0,,,,,,,170.187631,-20.785861,13.113,508.705,CANDIDATE
2974.01,437253811,PC,0.689421,1.233,3580.0,16.3132,1828.0,1853.96,5270.0,,2.6,169.921678,-21.249763,13.0812,1241.9,CANDIDATE
2975.01,423393242,PC,0.426988,0.406,7230.0,11.5872,1311.0,490.784,5333.5,4.43,0.96,157.270287,-20.929269,13.1221,481.558,CANDIDATE
2976.01,413372087,PC,3.4859402,1.532,11410.0,14.101,1137.0,278.288,5941.0,4.33,1.18,160.936851,-21.540781,13.2277,750.393,CANDIDATE
2977.01,361343239,CP,2.3505698,2.768,11210.0,12.9823,1434.0,703.632,5356.0,,1.22,143.926518,-60.357476,11.9383,,CONFIRMED
2978.01,315096343,PC,4.3497551,3.704,1710.0,7.82395,1383.0,607.963,5667.3,4.35,1.88,145.160952,-26.642033,11.6687,547.599,CANDIDATE
2979.01,311252710,PC,5.4913314,5.3710583,34135.0717572,,1033.1170744,269.2273389,6364.0,,,151.885665,-43.629408,13.5214,1322.42,CANDIDATE
298.01,206686292,APC,1.3287182,1.7017624,9179.5074187,21.995993,2253.470434,6094.3649753,6273.0,4.08,1.67606,344.060721,-34.361106,12.7602,957.936,CANDIDATE
2980.01,289931756,PC,3.5910692,2.891,29100.0,18.7998,1233.0,383.951,5736.0,4.38,1.09,176.258442,-12.411672,13.4767,729.185,CANDIDATE
2981.01,287145649,CP,3.6015056,3.024,13630.0,12.3972,1353.0,556.616,6055.0,4.46,1.03,163.487394,-25.524599,12.7533,527.789,CONFIRMED
2982.01,211446495,PC,4.8701613,2.623,12330.0,6.13443,953.0,137.254,5268.0,4.92,0.55,165.802238,-9.96347,13.4964,314.561,CANDIDATE
2983.01,168449943,PC,3.4287311,2.3,34250.0,16.9576,1020.0,180.283,5231.0,4.47,0.91,166.841016,-27.218365,13.5714,530.686,CANDIDATE
2984.01,168405330,APC,9.162268,2.067,20340.0,11.8107,674.0,34.4415,4935.8,4.59,0.75,166.534888,-25.014827,11.9316,187.506,CANDIDATE
2985.01,168384845,PC,3.8996784,4.668,3420.0,12.1415,1786.0,1690.71,6382.0,3.94,2.01,166.479877,-27.768338,12.9575,1262.02,CANDIDATE
2986.01,148497855,PC,3.2783445,3.657,3140.0,8.32327,1605.0,1102.7,5940.7,4.13,1.49,163.771561,-6.478452,12.0682,563.149,CANDIDATE
2987.01,141631253,FP,1.6709011,2.2820392,1210.5574745,5.3730452,1959.4946555,3484.153938,7051.0,4.42,1.2684,129.802678,-44.370051,10.8521,327.463,FALSE POSITIVE
2988.01,105759569,PC,1.8865581,1.699,3150.0,7.71451,,646.542,5564.2,,1.36,156.387891,-37.407655,12.426,441.41,CANDIDATE
2989.01,97825640,PC,3.1228396,2.18,28060.0,13.4539,850.0,86.7639,4262.0,4.49,0.77,171.231675,-27.062362,12.7103,195.795,CANDIDATE
299.01,156075294,PC,5.7217124,3.7733987,5455.5856088,9.1008936,1070.6686102,310.5569713,5541.0,4.28,1.19313,10.594621,-48.293622,12.3012,447.784,CANDIDATE
2990.01,73433128,PC,7.4659746,2.396,3570.0,15.9063,1350.0,553.011,6439.0,3.97,1.95,154.711314,-41.194007,12.023,763.643,CANDIDATE
2991.01,49046332,PC,5.5809252,2.545,10780.0,8.10167,743.0,50.6483,4455.0,4.53,0.76,164.359312,-34.690336,12.7171,213.888,CANDIDATE
2992.01,49045066,PC,3.00782,3.503,6510.0,12.7824,1606.0,1104.67,5999.1,4.11,1.54,164.316564,-32.322438,11.9728,542.026,CANDIDATE
2993.01,48768158,PC,2.3378096,2.307,6880.0,,,,,,,162.226841,-32.419951,13.5586,608.631,CANDIDATE
2994.01,36718161,PC,4.0257967,1.945,7390.0,,2175.0,3715.8,9045.0,,,150.756919,-43.799904,12.148,3222.05,CANDIDATE
2995.01,36381058,PC,1.6566182,2.847,12290.0,15.7246,2108.0,3282.03,6504.0,4.28,1.38,150.061473,-44.016324,12.796,779.544,CANDIDATE
2996.01,35855047,PC,2.3627442,3.095,1870.0,5.15542,1798.0,1735.39,5939.0,4.32,1.18,149.079889,-46.62453,11.6828,354.772,CANDIDATE
2997.01,35652085,PC,2.2060441,4.1301608,7122.1032213,18.0034887,2132.8216494,4890.3412284,6313.0,3.89,2.0898499,148.72505,-43.688471,12.3898,884.499,CANDIDATE
2998.01,34737413,PC,1.5297119,2.297,2410.0,9.91839,2136.0,3456.41,6683.0,3.96,2.05,147.174566,-46.080575,12.5382,1019.27,CANDIDATE
2999.01,34505005,FP,5.1627718,3.139,19050.0,15.0573,1273.0,437.179,6749.0,4.53,1.08,146.921503,-46.86526,12.9093,645.965,FALSE POSITIVE
300.01,166697854,FP,2.75753,1.376,1071.45,6.99891,1044.0,197.323,5776.5,2.99,1.94,35.737437,-53.070195,10.8387,397.391,FALSE POSITIVE
3000.01,23435610,PC,5.20807,3.249,29630.0,16.3192,1097.0,240.959,5836.5,4.51,0.94,168.196196,-32.852693,12.7959,468.285,CANDIDATE
3001.01,468977648,FP,2.090218,3.329,8180.0,19.2766,2186.0,3795.71,6328.0,,2.08,143.945436,-52.371382,13.0698,1142.68,FALSE POSITIVE
3002.01,402053027,PC,7.7971071,1.873,23150.0,22.9819,603.0,22.0881,4978.0,,1.47,136.391768,-50.666102,13.2952,,CANDIDATE
3003.01,400762242,PC,1.6224281,2.013,1250.0,7.12755,2204.0,3920.08,7517.0,4.08,1.98,134.578932,-50.238323,11.9236,703.242,CANDIDATE
3004.01,400395395,FP,3.2891219,2.948,8100.0,15.1457,1941.0,2357.82,6947.0,4.19,1.64,134.002198,-50.328351,12.4564,668.659,FALSE POSITIVE
3005.01,386297468,FP,2.0958074,2.992,2350.0,7.63843,2226.0,4081.38,6793.0,4.2,1.6,139.190353,-59.528015,12.3487,768.845,FALSE POSITIVE
3006.01,386161311,PC,8.61346,2.349,12840.0,20.6812,1009.0,172.513,6595.0,4.17,1.6,139.204348,-54.047081,11.9644,561.854,CANDIDATE
3007.01,384034837,PC,4.2768515,4.586,5000.0,12.027,1508.0,860.304,5691.0,3.96,1.73,135.63986,-56.012801,13.1623,888.503,CANDIDATE
3008.01,383666033,FP,3.9678136,4.238,760.0,2.81756,1664.0,1275.1,6138.0,4.48,1.03,135.035068,-56.069246,11.2123,263.513,FALSE POSITIVE
3009.01,357634632,PC,3.365343,3.352,7700.0,16.7174,2373.0,5266.4,9582.0,4.3,1.83,137.948702,-60.624704,12.9119,1705.62,CANDIDATE
301.01,144301052,PC,3.7440143,2.9949786,1773.5844948,7.2887349,1571.1998285,1440.2792168,6048.0,4.03,1.7045799,354.297402,-42.010321,12.0684,667.745,CANDIDATE
3010.01,357202877,PC,9.5537684,3.414,18260.0,18.0441,933.0,125.806,5816.0,4.25,1.27,136.943889,-61.011529,11.9656,421.094,CANDIDATE
3011.01,356461227,PC,1.8418712,1.633,10500.0,,1478.0,792.653,5952.0,,,134.446403,-61.614319,13.2464,1011.72,CANDIDATE
3012.01,437560683,PC,3.0920297,4.0267639,63491.9490893,,1251.106273,579.0256574,5804.0,,,141.416611,-54.841235,13.7563,1423.27,CANDIDATE
3013.01,383949205,PC,5.4722557,6.366,1800.0,11.5748,1619.0,1142.88,5847.0,3.57,2.8,135.5761,-57.527088,12.7007,1173.06,CANDIDATE
3014.01,383806208,PC,1.7946783,3.306,2860.0,8.71041,2288.0,4554.66,6351.0,4.09,1.68,135.238555,-56.556931,13.2576,1023.59,CANDIDATE
3015.01,357801293,PC,4.2745762,4.288,3620.0,10.7453,1625.0,1157.67,6375.0,4.04,1.79,138.006878,-61.463614,13.2438,1146.27,CANDIDATE
3016.01,356200601,PC,5.1139634,2.24,7090.0,12.9912,1069.0,217.091,6451.0,4.21,1.49,133.394721,-62.783451,13.1847,930.905,CANDIDATE
3017.01,122418622,PC,3.052529,3.333,14090.0,16.9171,1727.0,1477.03,6802.0,4.32,1.38,133.702194,-55.479525,12.5422,718.959,CANDIDATE
3018.01,45684223,FP,6.5832019,3.135,5280.0,7.13313,1003.0,168.677,5809.0,4.48,0.97,131.14418,-59.19729,12.7818,461.758,FALSE POSITIVE
3019.01,45296362,PC,5.9594909,2.201,15090.0,12.8042,891.0,105.077,5950.0,4.47,1.0,130.09764,-58.977679,13.4834,676.133,CANDIDATE
302.01,229111835,PC,6.70145,1.579,10940.0,8.15246,501.0,10.4754,4130.0,4.51,0.74,17.481278,-52.239486,12.9317,195.124,CANDIDATE
3020.01,45191604,PC,3.0327366,2.548,12000.0,19.6858,1608.0,1111.89,7124.0,4.13,1.79,130.155224,-57.223839,13.4366,1498.36,CANDIDATE
3021.01,45054849,PC,11.2645152,5.778,10110.0,,1055.0,205.818,5869.8,,,129.778031,-56.261649,13.5566,,CANDIDATE
3022.01,287721202,PC,8.990904,1.78,6500.0,10.4018,771.0,58.9074,5354.0,4.35,1.07,126.368785,-73.258972,11.7834,282.631,CANDIDATE
3023.01,454248975,CP,3.9014904,4.83,9050.0,16.2567,1511.0,865.697,5512.0,3.97,1.69,165.315823,-72.356704,11.4848,389.916,CONFIRMED
3024.01,452576848,PC,2.5071775,3.0618698,14812.1573416,14.7740421,1474.726076,1117.8060083,5996.0,4.35,1.1625,142.531213,-76.220601,13.5618,777.224,CANDIDATE
3025.01,452464529,PC,3.6794732,4.13,6360.0,11.3997,1539.0,933.522,5823.0,4.15,1.42,139.044906,-76.505813,13.4826,888.822,CANDIDATE
3026.01,449491381,PC,4.8206566,4.468,17740.0,15.025,1404.0,645.538,6002.0,4.38,1.13,160.711159,-71.890559,12.8527,585.662,CANDIDATE
3027.01,282091492,PC,3.3794034,3.332,3610.0,10.0889,1540.0,934.748,6072.0,4.04,1.67,135.300422,-75.088116,12.2231,652.69,CANDIDATE
3028.01,467955232,PC,3.0525705,4.811,8760.0,,1498.0,837.822,4817.8,,,169.881185,-64.90164,13.1106,,CANDIDATE
3029.01,465540915,PC,2.0252285,5.2098256,2725.4212975,,1267.0,39543.7591713,3600.5,,,163.675474,-60.347787,10.8257,11925.2,CANDIDATE
3030.01,465275307,PC,2.1510781,2.355,16930.0,,1469.0,773.155,5769.0,,,163.111582,-64.523443,12.804,1107.81,CANDIDATE
3031.01,460686828,PC,3.9935853,2.846,19930.0,21.2425,1501.0,842.898,5709.0,4.5,0.94,158.389233,-61.716692,12.4404,353.147,CANDIDATE
3032.01,401283491,PC,3.4677103,2.234,10000.0,12.3649,1133.0,273.655,5645.0,4.29,1.18,188.120105,-50.314168,13.2727,673.183,CANDIDATE
3033.01,398725538,APC,3.9982381,2.867,53030.0,20.4596,1091.0,235.437,5509.0,4.53,0.88,161.953093,-68.150937,13.5836,549.708,CANDIDATE
3034.01,391645374,PC,1.4032876,2.534,12010.0,,2464.0,6122.38,5649.5,,,161.80711,-60.750286,13.2714,730.429,CANDIDATE
3035.01,390444761,PC,5.2803048,2.752,14540.0,,,,,,,160.76911,-63.878462,13.156,606.208,CANDIDATE
3036.01,390157607,FP,0.3859142,1.189,5590.0,7.76491,2999.0,13435.8,6721.0,4.55,1.05,183.561597,-56.773252,13.4748,786.783,FALSE POSITIVE
3037.01,376209245,PC,2.1357662,3.272,13310.0,18.0173,2254.0,4286.56,7428.0,4.3,1.52,179.184668,-56.756623,13.146,1110.66,CANDIDATE
3038.01,376036292,PC,2.9677851,3.539855,18226.8366329,24.1966313,1662.4326793,1805.0833967,6185.0,4.11,1.58557,152.74539,-64.117254,13.5635,1134.31,CANDIDATE
3039.01,373033374,PC,3.412893,2.6,15960.0,14.5305,1206.0,351.311,5691.0,4.33,1.13,153.120744,-67.255542,12.4816,455.237,CANDIDATE
304.01,262530873,FP,2.24172,3.989,23700.0,28.4732,2029.0,2815.2,6292.0,3.98,1.88,20.494025,-44.416747,12.5145,964.641,FALSE POSITIVE
3040.01,372596795,PC,3.5366051,2.587,12660.0,13.8209,1263.0,423.46,6026.0,4.34,1.19,151.501627,-66.898002,12.1787,457.568,CANDIDATE
3041.01,371864043,PC,2.9599541,3.523,7190.0,15.9636,1692.0,1361.35,6267.7,4.0,1.84,149.324748,-68.779105,11.2553,484.97,CANDIDATE
3042.01,361219651,PC,2.7559464,3.255,4130.0,,1720.0,1455.77,6277.0,,,143.920843,-64.876111,12.7296,1084.92,CANDIDATE
3043.01,360706000,PC,2.3725483,1.543,5010.0,14.8302,1220.0,368.442,6019.0,3.85,2.08,142.584862,-65.217734,13.3257,1213.32,CANDIDATE
3044.01,357538688,FP,13.2681095,3.554,2140.0,11.9718,862.0,91.8511,6364.0,3.75,2.48,137.549077,-63.406609,11.5088,737.306,FALSE POSITIVE
3045.01,344568128,PC,2.3304358,3.528,9320.0,17.6763,2343.0,5011.25,7763.0,4.21,1.77,156.217054,-69.29013,11.8172,835.785,CANDIDATE
3046.01,323966987,PC,4.1343989,3.051,18320.0,18.5459,1319.0,503.511,6320.0,4.27,1.35,176.928172,-60.068872,13.1849,803.709,CANDIDATE
3047.01,316652224,PC,2.7020875,3.116,10040.0,15.6063,2079.0,3103.65,7798.0,4.31,1.57,171.95644,-61.531221,13.1043,1270.07,CANDIDATE
3048.01,304426002,PC,5.7672677,4.173,29540.0,,,,,,,177.796145,-65.316829,12.3662,4849.87,CANDIDATE
3049.01,303867090,FP,1.3168344,0.733,3640.0,,1027.0,184.682,5211.7,,,140.219914,-69.791681,12.4092,459.056,FALSE POSITIVE
305.01,102030574,PC,9.94915,3.968,22920.0,24.5989,903.0,110.866,5852.0,4.03,1.65,15.844704,-44.705826,12.3294,689.883,CANDIDATE
3050.01,302003748,PC,5.939725,1.481,6600.0,14.4394,822.0,76.1581,5568.0,4.05,1.55,131.475658,-67.411708,12.7985,690.712,CANDIDATE
3051.01,288224503,PC,2.9489639,2.278,2730.0,11.3327,1471.0,779.001,6506.0,3.9,2.15,187.315131,-51.00392,12.077,851.976,CANDIDATE
3052.01,287584141,PC,2.3097953,3.185,4000.0,12.6197,2193.0,3845.9,7300.0,4.05,2.01,184.612759,-56.002127,12.5285,1049.05,CANDIDATE
3053.01,269859655,PC,2.9919962,2.614,17170.0,13.6621,1187.0,329.849,5247.0,4.39,1.01,148.573222,-64.296904,12.4041,337.627,CANDIDATE
3054.01,267712001,PC,2.8281656,3.15,22180.0,17.6399,1654.0,1162.44,6412.2,,1.16,176.291571,-55.498787,12.8798,718.133,CANDIDATE
3055.01,160522555,PC,1.3071566,1.108,3100.0,11.1657,2046.0,2913.52,5958.0,4.51,0.96,189.473702,-49.115185,12.3858,405.819,CANDIDATE
3056.01,67798337,PC,1.8092906,1.983,15830.0,23.2306,1774.0,1647.22,6905.0,4.12,1.77,185.664501,-58.429108,13.2765,1181.19,CANDIDATE
3057.01,67622702,APC,0.58007,1.338,16320.0,16.4382,2592.0,7501.75,6875.0,4.37,1.33,182.263818,-55.394539,13.4444,1034.65,CANDIDATE
3058.01,464711858,PC,2.3483946,2.375,2930.0,19.5614,2391.0,5427.95,6155.0,3.98,1.82,156.943489,-56.760433,12.5068,810.583,CANDIDATE
3059.01,464067218,FP,1.3934565,2.809,2530.0,,1345.0,544.526,3301.0,,,155.307542,-58.537011,11.2012,,FALSE POSITIVE
3060.01,463681005,FP,0.5465391,1.6114979,3122.1584293,9.5365498,2961.8427338,18187.3314373,6091.0,4.05,1.66057,154.513775,-56.787877,13.5552,1298.66,FALSE POSITIVE
3061.01,463590116,PC,1.3185787,1.748,5930.0,,1843.0,1918.33,6040.0,,,154.328233,-58.277113,13.4909,2578.83,CANDIDATE
3062.01,463343283,PC,4.865928,5.323532,10758.3826821,15.177757,1226.6092105,534.990275,6137.0,4.34,1.21215,153.673619,-55.379354,13.5173,774.109,CANDIDATE
3063.01,463103749,PC,1.9512921,4.7888548,6702.5267443,,1458.6541795,1069.8684109,,,,153.114718,-58.081193,12.5954,1411.83,CANDIDATE
3064.01,463070290,PC,0.6771668,1.4,1095.0,,1185.0,328.225,3194.0,,,152.992107,-59.753708,10.4321,5724.18,CANDIDATE
3065.01,462135459,PC,1.6995805,2.305,6740.0,11.1546,2848.0,10926.7,9626.0,4.56,1.35,150.38774,-59.339479,13.3906,1000.8,CANDIDATE
3066.01,461968320,PC,12.2027867,2.428,7070.0,9.74784,720.0,44.6632,6454.0,4.45,1.13,149.941406,-56.077873,11.5622,337.489,CANDIDATE
3067.01,459157691,APC,7.4365725,2.774,5020.0,17.5053,1632.0,1178.73,9230.0,4.09,2.29,161.949345,-59.033182,11.686,1269.3,CANDIDATE
3068.01,458995583,PC,1.5959199,1.539,20720.0,,1734.0,1503.15,6809.2,,,161.412843,-58.133377,12.7752,1180.26,CANDIDATE
3069.01,457268255,PC,3.8277062,0.899,3610.0,7.97984,805.0,69.9284,6610.0,4.44,1.18,158.941809,-50.498637,11.4573,367.188,CANDIDATE
307.01,9100874,PC,6.1668344,2.2619245,13145.6121347,17.0195741,1113.2334478,362.9660354,5747.0,4.24,1.2815599,350.578516,-22.67741,13.1198,738.175,CANDIDATE
3070.01,452049244,PC,0.6587178,1.576,7010.0,20.2415,2672.0,8468.98,6520.0,3.8,2.41,173.39914,-56.702405,13.3727,1689.05,CANDIDATE
3071.01,452006073,CP,1.2669382,1.93,2580.0,7.13535,1985.0,2579.61,6296.0,4.26,1.36,173.279052,-56.503387,11.8706,485.219,CONFIRMED
3072.01,451084885,PC,2.9828061,4.28,7320.0,15.4283,2080.0,3112.84,6879.0,4.09,1.81,170.55529,-55.528909,13.2671,1213.37,CANDIDATE
3073.01,448744179,PC,3.1420872,1.884,13090.0,12.6134,1028.0,185.786,5417.4,4.37,1.05,182.339327,-32.886681,13.0695,511.362,CANDIDATE
3074.01,447976172,PC,5.3583725,4.916,5000.0,,,,,,,157.913593,-48.994078,13.325,481.009,CANDIDATE
3075.01,447891218,PC,1.8030565,2.3,2620.0,8.89917,1762.0,1600.56,5982.0,4.01,1.72,157.99031,-52.179142,12.9687,871.063,CANDIDATE
3076.01,447593267,PC,7.8595931,1.902,18530.0,,2109.0,3285.57,14677.0,,,157.399234,-53.658868,11.8468,2138.77,CANDIDATE
3077.01,443341002,PC,6.3599636,5.479,4400.0,13.6678,1803.0,1755.17,7689.0,4.06,2.07,146.924252,-56.98976,12.3984,901.32,CANDIDATE
3078.01,443042089,PC,0.5496848,0.82,2860.0,10.6252,2331.0,4902.04,7433.0,4.14,1.84,146.555933,-56.299385,12.7683,921.264,CANDIDATE
3079.01,441444262,PC,1.9892499,3.8785674,20634.2990944,,1449.1377611,1042.2207006,,,,145.306301,-54.34913,13.6374,1508.11,CANDIDATE
308.01,281710229,APC,8.3092965,2.201,17010.0,14.2736,750.0,52.7075,4801.3,,0.85,11.484724,-55.922662,11.7628,,CANDIDATE
3080.01,439926641,PC,4.5744909,4.534,8890.0,16.8715,1717.0,1443.49,6993.0,4.16,1.7,143.84521,-57.864852,13.2159,1068.84,CANDIDATE
3081.01,432467894,PC,3.4365075,3.353,4410.0,17.7367,1364.0,575.941,5438.0,,2.63,146.539767,-49.577322,13.263,1196.4,CANDIDATE
3082.01,428699140,CP,1.9268037,1.4,2260.0,3.42735,943.0,131.648,4249.0,4.59,0.68,195.908072,-19.218984,11.7662,113.048,CONFIRMED
3083.01,405620289,PC,2.1532179,2.072,6780.0,25.853,2030.0,2822.0,5997.0,4.03,1.68,191.111635,-14.258179,13.0723,1007.21,CANDIDATE
3084.01,397423462,PC,5.1057571,2.616,10840.0,10.9206,966.0,144.847,5495.2,4.41,1.01,178.054473,-27.517679,13.2733,555.622,CANDIDATE
3085.01,376740324,FP,4.5300175,5.331,35800.0,,2324.0,4849.38,9046.0,,,153.301542,-62.875354,12.1229,1938.67,FALSE POSITIVE
3086.01,374158843,PC,10.9506335,2.635,1820.0,3.17264,594.0,20.8045,4530.0,4.56,0.73,159.910145,-48.538112,11.4005,116.69,CANDIDATE
3087.01,364427226,PC,4.1414861,2.573,7770.0,,1399.0,637.229,6920.0,,,161.280595,-48.649273,12.3411,780.12,CANDIDATE
3088.01,362607799,PC,2.6337971,2.591,4790.0,,996.0,163.704,3946.9,,,145.38646,-50.939504,12.928,,CANDIDATE
3089.01,347715478,PC,9.3096136,2.171,11570.0,9.9903,,25.3269,5229.0,,0.93,182.850444,-11.997569,12.4641,314.298,CANDIDATE
309.01,228507250,PC,6.15733,2.7071868,12845.011488,,994.4385362,231.117475,5329.0,,,358.039579,-15.80105,12.4154,345.288,CANDIDATE
3090.01,309913305,PC,6.3272169,3.667,8060.0,,872.0,96.3086,4580.9,,,152.074959,-53.287048,13.0037,,CANDIDATE
3091.01,306255021,PC,2.7499877,3.84,15480.0,22.9205,2912.0,11946.5,10146.0,4.36,1.77,166.624264,-56.05583,11.9519,1082.78,CANDIDATE
3092.01,274911536,PC,4.4163989,1.81,7110.0,7.89614,1017.0,177.763,6273.0,4.59,0.93,149.573667,-58.926569,12.8017,449.139,CANDIDATE
3093.01,272885406,PC,4.3653308,3.456,8090.0,14.0676,1590.0,1061.67,7109.0,4.24,1.57,161.701642,-49.048228,12.9661,989.462,CANDIDATE
3094.01,272645619,PC,2.8396238,2.391,10100.0,12.199,1590.0,1063.3,5915.3,,1.16,161.433493,-52.538148,12.5612,707.151,CANDIDATE
3095.01,270075071,PC,4.2839945,3.08,9440.0,9.77904,1278.0,443.121,6022.0,4.46,1.03,149.062666,-60.00347,13.0517,536.222,CANDIDATE
3096.01,229465678,PC,4.4282303,2.577,17180.0,,,,,,,197.187667,-28.234466,13.151,277.823,CANDIDATE
3097.01,163262555,PC,1.3683875,1.357,8410.0,8.79209,1282.0,449.294,5000.0,,0.89,173.074702,-47.496395,12.99,347.415,CANDIDATE
3098.01,163260812,PC,4.7323433,4.1038025,15681.823373,17.3410428,1346.0993498,775.9423569,6438.0,4.29,1.35252,173.137772,-46.315267,11.315,401.011,CANDIDATE
3099.01,163030461,PC,2.5543095,2.239,18680.0,13.5543,1354.0,559.574,5990.0,4.53,0.95,172.108389,-45.016427,12.5869,444.736,CANDIDATE
310.01,175477257,PC,4.2695675,3.7002918,8610.3886424,12.2342646,1278.7062525,631.8356941,5798.0,4.22,1.3043,351.105814,-36.975998,12.4191,557.751,CANDIDATE
3100.01,162620529,PC,3.2907468,2.309,15760.0,14.0568,1268.0,430.347,6229.0,4.45,1.08,170.330028,-44.30802,13.1472,697.681,CANDIDATE
3101.01,157213708,PC,4.0467915,3.979,5180.0,12.8472,1501.0,843.152,5933.0,3.96,1.79,175.816278,-30.073164,13.2285,1121.79,CANDIDATE
3102.01,147092818,PC,3.8769776,4.526,2760.0,,1524.0,897.738,5569.2,,,161.945206,-47.024943,12.7544,744.917,CANDIDATE
3103.01,133129971,PC,4.3437796,2.774,7750.0,11.8307,1294.0,466.22,6513.0,4.32,1.32,149.409755,-51.335534,12.842,730.225,CANDIDATE
3104.01,132963419,PC,10.3069451,2.599,6340.0,,561.0,16.5348,4445.0,,,149.263633,-49.750476,12.6304,,CANDIDATE
3105.01,124454726,PC,5.3332571,3.102,2020.0,5.82279,1616.0,1133.52,6068.0,4.41,1.1,198.803835,-31.368751,11.6814,354.09,CANDIDATE
3106.01,124453339,PC,1.485163,1.789,4490.0,8.99362,,867.237,5506.2,,1.28,198.648685,-30.722726,11.8817,288.3,CANDIDATE
3107.01,124174267,PC,4.7343852,4.468,12440.0,18.0528,1465.0,593.089,5776.0,4.05,1.6,196.726352,-31.716391,12.477,650.592,CANDIDATE
3108.01,124146529,PC,6.900352,2.452,10420.0,8.86463,773.0,59.4485,5205.8,4.53,0.85,196.472218,-31.791555,13.1948,410.81,CANDIDATE
3109.01,120723776,FP,2.8831285,3.53,26290.0,28.6734,1332.0,523.57,,,1.77,164.06056,-52.482296,12.483,,FALSE POSITIVE
311.01,434105231,APC,0.7962992,0.997,23170.0,14.8058,1137.0,278.056,4062.7,4.61,0.95,354.335773,-13.455795,12.9517,232.861,CANDIDATE
3110.01,104022675,FP,0.7428708,1.112,4970.0,7.86186,1813.0,1797.04,5635.9,4.35,1.11,195.986628,-32.436442,13.0326,572.747,FALSE POSITIVE
3111.01,103832313,PC,4.640636,2.984,15710.0,13.1303,898.0,107.987,4539.0,4.27,1.02,194.760859,-35.972917,14.6574,726.621,CANDIDATE
3112.01,98662211,PC,4.2842284,1.497,11830.0,14.0459,764.0,56.6249,4911.0,4.19,1.19,185.727447,-11.599585,12.5042,384.707,CANDIDATE
3113.01,94346376,PC,3.1339232,4.029,6230.0,,1710.0,1420.13,5980.5,,,177.104652,-52.483406,13.2725,1394.86,CANDIDATE
3114.01,94011343,PC,4.407111,2.134,9140.0,11.7059,942.0,131.096,5478.0,4.27,1.18,176.36839,-50.888443,11.6001,304.599,CANDIDATE
3115.01,93093765,PC,2.7961137,1.604,5500.0,7.7487,1262.0,421.749,6455.0,4.51,1.06,174.699184,-52.400336,12.5831,550.038,CANDIDATE
3116.01,80778619,PC,1.6484941,2.0820857,3523.4673819,9.6099784,2042.283116,4111.3532155,6316.0,4.14,1.5764199,165.951263,-48.526307,12.4173,713.76,CANDIDATE
3117.01,73082014,PC,3.2689953,2.931,15890.0,17.1329,1275.0,439.803,5552.0,4.19,1.32,189.667798,-45.416556,13.4259,787.785,CANDIDATE
3118.01,58461209,PC,3.8098324,3.881,3250.0,10.3911,1389.0,618.962,5406.0,3.91,1.78,201.376867,-28.413642,11.4553,423.105,CANDIDATE
3119.01,57793060,PC,8.907516,3.522,8610.0,14.3733,1085.0,230.828,6407.0,4.2,1.49,174.759354,-32.190584,13.0462,971.254,CANDIDATE
312.01,180145006,APC,3.541231,2.4849489,5029.7368715,10.6621914,1341.7384775,765.9360296,5755.0,4.23,1.28259,14.523332,-37.942558,12.2607,506.715,CANDIDATE
3120.01,22384839,PC,7.0235956,4.739,5630.0,,1298.0,471.691,6276.0,,,184.037125,-45.426342,13.0772,763.939,CANDIDATE
3121.01,14715294,PC,5.5167527,4.288,13410.0,21.0821,1391.0,622.985,6296.0,4.01,1.81,174.752258,-29.842071,13.1194,1180.61,CANDIDATE
3122.01,61117473,FP,6.1836286,2.573,9990.0,13.3233,1042.0,195.93,6504.0,4.34,1.29,226.954057,-28.156608,12.123,520.156,FALSE POSITIVE
3123.01,60768923,APC,1.8703411,2.134,9570.0,18.6634,2123.0,3374.5,6368.0,4.08,1.7,211.217739,-29.947758,11.099,450.78,CANDIDATE
3124.01,454918388,PC,2.2545904,0.977,5980.0,11.3495,1050.0,202.365,5567.0,4.23,1.25,178.147139,-77.417249,12.6177,486.768,CANDIDATE
3125.01,160023,PC,6.7565519,3.442,5200.0,12.7591,1177.0,319.273,5972.0,4.05,1.64,223.71844,-29.152093,12.8296,802.611,CANDIDATE
3126.01,454876465,PC,1.8246123,1.835,16080.0,18.0134,1387.0,615.616,5655.0,4.15,1.39,177.840549,-76.87837,13.2585,693.951,CANDIDATE
3127.01,17361,APC,3.606557,1.878,9930.0,13.2514,1169.0,310.789,5775.3,4.25,1.26,219.336233,-24.958522,11.342,308.901,CANDIDATE
3128.01,453677947,PC,2.3155132,0.649,1520.0,7.00521,894.0,106.203,6011.0,4.16,1.45,157.261362,-75.214992,11.9346,444.507,CANDIDATE
3129.01,4711,PC,2.3348152,1.861,5310.0,11.4665,1330.0,520.71,5949.1,4.12,1.51,218.918812,-26.179337,10.9198,321.683,CANDIDATE
313.01,9102327,FP,3.2615,2.233,1652.28,5.07097,1248.0,403.299,5963.0,3.41,1.13,350.779775,-19.41965,11.3018,304.942,FALSE POSITIVE
3130.01,453396346,PC,0.4415174,1.7224979,3910.4523542,31.5083507,2533.7768634,9740.7964109,5117.0,,2.9223199,150.7847,-72.267792,13.5606,1511.72,CANDIDATE
3131.01,2876,PC,2.6274574,2.31,21660.0,18.5088,1538.0,930.543,6148.0,4.33,1.23,218.820321,-25.055977,13.1643,764.831,CANDIDATE
3132.01,448923766,PC,2.2664085,2.63,10240.0,13.4164,1640.0,1201.76,6107.0,4.29,1.27,214.426637,-70.36436,13.1311,715.396,CANDIDATE
3133.01,448775221,PC,4.0902788,3.584,5060.0,13.9755,1445.0,724.371,6130.0,3.92,1.95,213.370342,-68.010933,11.938,630.243,CANDIDATE
3134.01,448688668,PC,2.2308431,2.969,10950.0,22.6165,1840.0,1903.91,6386.0,3.88,2.14,212.675539,-66.457671,13.3397,1245.7,CANDIDATE
3135.01,448098793,PC,3.7065603,1.98,15010.0,12.9758,1114.0,256.023,5632.0,4.41,1.03,207.859228,-69.772563,11.0994,221.673,CANDIDATE
3136.01,418471796,PC,2.6841894,2.836,29670.0,21.16,1442.0,719.556,5914.0,4.33,1.17,205.332577,-79.40995,12.7666,572.389,CANDIDATE
3137.01,395514100,PC,1.8823821,3.1478726,21038.6119972,,1629.6872159,1667.0093536,,,,207.680537,-77.302536,11.528,,CANDIDATE
3138.01,270347814,PC,2.8740048,1.592,25890.0,12.2262,773.0,59.3788,4270.3,4.57,0.74,215.522835,-30.512524,13.5117,260.826,CANDIDATE
3139.01,48661942,PC,3.9628496,2.844,4480.0,9.64171,,589.616,5449.0,4.24,1.43,229.740751,-28.410491,11.9118,488.081,CANDIDATE
314.01,316769613,PC,10.18108,3.674,1190.0,2.66019,765.0,57.0026,4822.0,4.55,0.78,354.668284,-32.860745,11.1741,131.567,CANDIDATE
3140.01,394900138,PC,3.0932735,2.937,10900.0,,,,,,,203.170833,-72.926273,13.0885,1010.18,CANDIDATE
3141.01,394443982,PC,4.4338805,3.93,9180.0,13.6095,1564.0,995.704,6695.0,4.32,1.37,200.21869,-73.774851,12.4712,678.463,CANDIDATE
3142.01,387791274,PC,1.1536561,2.51,40190.0,,,,,,,217.301861,-62.053831,13.229,1517.54,CANDIDATE
3143.01,384244834,PC,2.9902369,3.042,6460.0,140.194,940.0,129.684,,,17.34,216.568723,-63.050473,12.048,,CANDIDATE
3144.01,361176558,PC,3.7724947,2.199,9180.0,13.5487,1264.0,424.722,6623.0,4.33,1.33,192.621574,-75.651848,13.1885,775.951,CANDIDATE
3145.01,360816296,PC,3.5505931,2.713,15700.0,17.9407,1253.0,409.306,4803.0,4.07,1.34,190.950263,-76.69611,12.1258,283.803,CANDIDATE
3146.01,360816293,FP,3.5506084,2.706,16040.0,14.4767,1084.0,230.045,5083.0,4.26,1.13,190.946764,-76.696666,12.2077,280.355,FALSE POSITIVE
3147.01,359572563,PC,1.5256634,1.925,16180.0,,1610.0,1117.11,5230.5,,,183.820158,-75.568053,13.0237,828.066,CANDIDATE
3148.01,323980895,PC,4.2814436,0.868,4910.0,10.6824,578.0,18.5873,5097.8,,1.36,146.086848,-79.545167,11.681,342.833,CANDIDATE
3149.01,296670796,PC,1.1542402,3.377,15460.0,,2035.0,2852.28,4136.6,,,223.977871,-61.063084,13.4841,,CANDIDATE
315.01,66356824,FP,3.55562,1.838,2610.0,11.1675,1428.0,691.805,5671.0,4.19,1.34,12.076269,-32.119461,12.4245,551.619,FALSE POSITIVE
3150.01,195256633,PC,5.3430663,5.101,7220.0,21.0355,2509.0,6581.64,7822.0,4.04,2.15,222.683091,-57.761231,12.0697,872.272,CANDIDATE
3151.01,36607746,PC,1.7257597,1.375,13880.0,15.2188,1577.0,1028.24,7235.0,4.44,1.27,225.524773,-55.288205,12.6499,677.678,CANDIDATE
3152.01,467484304,PC,0.7815064,1.353,8410.0,11.9775,2571.0,7256.54,7691.0,4.42,1.37,168.613521,-61.55911,13.3551,1195.67,CANDIDATE
3153.01,466318137,FP,1.1216021,1.6434889,3599.1066292,,1754.2674951,2238.2277057,3294.0,,,165.732079,-60.196871,11.2789,,FALSE POSITIVE
3154.01,465176038,PC,4.0333818,4.414595,13745.2980794,13.1197,1477.4524649,1126.0951019,6347.3,,1.73,162.663087,-60.847019,12.802,1020.98,CANDIDATE
3155.01,457272901,APC,4.6492201,1.143,7880.0,8.96002,630.0,26.3101,5110.0,4.44,0.93,203.531487,-59.575607,11.6104,201.727,CANDIDATE
3156.01,457110913,APC,0.7463239,1.49,24240.0,19.7419,2094.0,3197.59,5132.0,4.34,1.04,202.922779,-58.998117,13.2294,445.1,CANDIDATE
3157.01,456962262,PC,2.8823183,3.6626984,66566.1005931,,1280.7413915,635.8677275,5068.9,,,201.47318,-59.18126,13.6244,,CANDIDATE
3158.01,451254008,PC,6.8561604,4.32,5540.0,14.3692,1290.0,461.072,6282.0,3.92,2.01,171.015386,-57.543638,12.534,935.189,CANDIDATE
3159.01,449549170,PC,1.4753526,3.29,870.0,5.30533,2235.0,4142.31,5732.0,3.93,1.81,200.464421,-62.542122,11.2925,428.115,CANDIDATE
316.01,8988289,APC,13.32379,2.561,95718.1,28.7396,526.0,12.7172,4312.0,4.59,0.84,354.759157,-9.882022,13.1186,275.027,CANDIDATE
3160.01,440872576,PC,3.9712794,2.606,8670.0,15.3233,1240.0,393.511,6200.0,4.09,1.62,224.565856,-27.68255,11.9333,567.678,CANDIDATE
3161.01,438777551,PC,1.4010338,2.22,13310.0,18.1441,2158.0,3603.2,7014.0,4.26,1.52,201.760571,-53.448129,12.9306,937.758,CANDIDATE
3162.01,433546897,PC,1.5755252,3.5874714,3712.6009177,21.7284649,2503.3852387,9281.7902501,6560.0,3.89,2.1970401,190.402872,-65.797305,11.6387,677.547,CANDIDATE
3163.01,425316308,PC,3.0749168,2.67,8540.0,15.2762,1560.0,984.71,6782.0,4.2,1.6,191.088792,-55.013313,11.8232,572.474,CANDIDATE
3164.01,419946164,FP,1.7765395,1.258,14020.0,16.6,1537.0,926.709,6394.0,4.33,1.28,202.818012,-48.69895,12.5348,629.894,FALSE POSITIVE
3165.01,419858461,PC,2.5433707,3.2214112,55256.7333661,29.0069132,1555.9541912,1385.186432,6748.0,4.49,1.12503,191.643659,-59.564831,13.6313,844.49,CANDIDATE
3166.01,412371819,PC,1.87502,2.664,21260.0,,1799.0,1741.2,6263.0,,,190.745817,-59.795682,12.9852,1011.69,CANDIDATE
3167.01,411796826,PC,3.0959309,2.545,14080.0,17.8437,1531.0,914.4,6918.0,4.28,1.47,219.168773,-57.009862,12.5526,688.505,CANDIDATE
3168.01,410554986,PC,5.1745185,2.441,10490.0,13.926,904.0,111.237,5340.0,4.14,1.36,214.225596,-55.013245,11.7627,326.088,CANDIDATE
3169.01,403911354,PC,4.4814049,1.689,10170.0,13.8048,986.0,156.928,6232.0,4.25,1.37,188.458725,-50.597457,12.6738,684.827,CANDIDATE
317.01,402319411,PC,3.3262977,2.9439229,24223.6280838,14.7729343,1120.0556112,371.945532,5391.0,4.46,0.947585,353.540235,-14.860039,12.9238,446.344,CANDIDATE
3170.01,400712525,PC,1.8923031,1.956,4800.0,,1796.0,1728.63,6898.3,,,167.095117,-71.234231,12.4163,694.986,CANDIDATE
3171.01,399058051,PC,1.5706704,3.3750912,16439.1877398,,1568.0036468,1428.595492,5164.3,,,162.996504,-69.590115,13.5735,811.401,CANDIDATE
3172.01,398502253,PC,3.0031058,3.4866136,6677.7862161,16.5290691,1821.6142786,2602.2360497,6212.0,3.95,1.91287,161.321203,-68.46059,13.5411,1373.41,CANDIDATE
3173.01,398466662,PC,8.7719993,4.92,5010.0,13.7272,1130.0,271.508,6057.7,,1.9,179.944412,-59.17366,11.569,590.194,CANDIDATE
3174.01,392112968,FP,1.1960086,2.35,11770.0,15.4837,2578.0,7334.0,7108.0,4.26,1.55,174.287225,-67.519336,13.2785,1156.97,FALSE POSITIVE
3175.01,391510223,PC,1.6546269,3.3211285,24077.1521821,,1541.0216213,1332.7722152,7910.0,,,161.524658,-61.869847,13.6512,,CANDIDATE
3176.01,389999924,PC,4.7606207,5.9420443,7813.8313853,14.527713,1227.4631078,536.4815536,6213.0,4.37,1.1804399,160.108553,-62.685964,12.6453,546.557,CANDIDATE
3177.01,383410746,PC,2.114655,1.945,24130.0,14.2745,1214.0,360.619,5254.0,4.49,0.89,183.95117,-64.567485,12.6967,335.166,CANDIDATE
3178.01,381996371,PC,2.9331094,3.911,14410.0,,,,,,,208.700857,-62.685154,12.0729,1937.21,CANDIDATE
3179.01,378227267,PC,4.7076648,1.834,16490.0,15.3769,,117.31,5904.0,,1.18,155.142566,-62.650952,12.0974,360.136,CANDIDATE
318.01,206352378,PC,3.7463765,1.9560091,18855.6336929,10.6334288,881.0827589,142.42552,4696.0,4.53,0.775888,355.015732,-53.039017,13.2316,319.923,CANDIDATE
3180.01,372960748,PC,2.0963263,1.217,7200.0,12.906,1165.0,306.186,5809.0,4.07,1.56,152.638846,-67.577925,12.7602,716.553,CANDIDATE
3181.01,372596796,FP,3.5366743,2.697,13180.0,13.338,1280.0,446.023,5971.0,4.37,1.14,151.49954,-66.897501,12.298,455.304,FALSE POSITIVE
3182.01,372448111,PC,5.0700956,2.763,3570.0,5.54459,1062.0,211.546,5641.0,4.47,0.96,151.311753,-65.941982,12.9615,469.912,CANDIDATE
3183.01,370385007,PC,4.2174286,4.045,7050.0,18.2265,1705.0,1403.49,6841.0,3.93,2.2,225.991509,-51.182394,12.7414,1085.05,CANDIDATE
3184.01,366248595,PC,3.6071588,3.947,4270.0,11.5952,1599.0,1086.36,6071.0,4.04,1.68,226.648869,-47.225034,12.2859,649.368,CANDIDATE
3185.01,363661031,PC,3.5601365,2.824,4630.0,14.1499,1904.0,2183.57,6762.0,4.03,1.93,200.003563,-47.707563,11.162,554.954,CANDIDATE
3186.01,363632843,PC,3.6130857,1.7149191,12550.1377027,23.3477984,1802.5658236,2495.0860744,7520.0,4.25,1.63648,147.899643,-62.786004,13.3586,1403.69,CANDIDATE
3187.01,245027119,PC,2.0084283,2.6,1310.0,16.5313,1764.0,1608.42,5438.8,4.3,4.54,197.579939,-48.908885,11.1799,1018.11,CANDIDATE
3188.01,363202582,PC,1.5659063,1.169,6810.0,18.7417,1821.0,1827.32,6356.0,4.13,1.6,147.149005,-64.564647,13.4016,1072.85,CANDIDATE
3189.01,361998994,FP,1.84996,2.954,9350.0,13.3315,2021.0,2772.81,6320.0,4.26,1.37,145.2336,-63.487213,13.6447,1049.88,FALSE POSITIVE
319.01,389753172,APC,0.7135373,0.892,18540.0,16.1586,1415.0,667.233,4349.7,4.58,0.74,351.290752,-47.945596,12.7464,182.561,CANDIDATE
3190.01,344745774,PC,2.669856,3.559,6480.0,16.192,2290.0,4573.16,7833.0,4.1,2.0,156.680692,-66.504894,13.3066,1679.95,CANDIDATE
3191.01,342375120,PC,4.4367891,2.042,4940.0,16.9119,1100.0,243.186,6426.0,3.78,2.42,204.385594,-66.251049,12.1441,864.432,CANDIDATE
3192.01,336613507,PC,2.2350331,3.102,20880.0,22.5855,2001.0,2662.36,7057.0,4.27,1.51,196.373989,-66.385163,12.882,860.344,CANDIDATE
3193.01,334757798,PC,2.3019268,2.527,12000.0,,1401.0,639.638,5322.0,,,213.964279,-60.836844,13.6132,1907.31,CANDIDATE
3194.01,333511802,PC,3.6179419,4.394,14890.0,11.142,1460.0,755.42,4460.0,4.4,0.87,213.320899,-60.330954,13.3682,293.249,CANDIDATE
3195.01,332880327,PC,0.6676722,1.117,3440.0,17.2447,2284.0,4517.79,6842.0,3.71,2.82,216.271435,-53.504985,12.594,1216.73,CANDIDATE
3196.01,331297805,PC,4.9816829,2.587,11450.0,9.90628,1007.0,170.85,5670.0,4.52,0.91,212.596515,-60.138326,12.4383,321.341,CANDIDATE
3197.01,331160996,PC,2.1972485,2.348,30680.0,,1304.0,480.575,5146.9,,,212.282531,-62.268693,13.5902,1246.7,CANDIDATE
3198.01,121625070,PC,2.1271199,2.386,14960.0,13.6834,1476.0,789.061,5483.2,4.36,1.08,225.760711,-37.303281,12.6029,476.319,CANDIDATE
3199.01,330885564,PC,0.6756067,1.028,3480.0,6.27738,1725.0,1471.82,5411.0,4.48,0.92,213.95997,-50.538725,13.0904,439.309,CANDIDATE
320.01,188593930,FP,1.46503,1.145,3162.12,5.43222,1379.0,601.367,5912.5,4.36,0.88,345.522623,-16.360699,12.3574,379.256,FALSE POSITIVE
3200.01,330014070,PC,6.3087809,1.535,7450.0,,714.0,43.1496,5267.2,,,213.082385,-53.704865,11.8912,,CANDIDATE
3201.01,329921262,PC,2.3631898,2.8375698,5219.1809316,,1368.3878926,828.6247355,4883.2,,,192.328452,-68.75053,11.9963,,CANDIDATE
3202.01,329691586,PC,1.5169786,1.241,2720.0,6.64263,1782.0,1674.03,5828.0,4.44,1.02,212.54751,-51.453035,12.3574,373.996,CANDIDATE
3203.01,329609449,PC,4.2442882,4.273,7530.0,13.1653,1871.0,2036.6,6915.0,4.25,1.52,212.569448,-50.104977,12.5757,813.39,CANDIDATE
3204.01,326662822,PC,4.0446543,4.735,11170.0,,1383.0,607.949,5172.7,,,188.601563,-69.758095,13.31,1656.76,CANDIDATE
3205.01,322862882,FP,1.2361087,1.139,19760.0,8.82245,1131.0,272.064,4313.2,,0.59,218.476437,-24.652822,13.364,,FALSE POSITIVE
3206.01,321802774,PC,1.9405161,3.344,5930.0,15.0354,2685.0,8627.96,8213.0,4.16,1.94,206.103286,-64.496601,12.6265,1095.74,CANDIDATE
3207.01,320994166,PC,4.0996864,4.806,20570.0,,,,,,,175.204109,-65.026903,13.3096,14728.3,CANDIDATE
3208.01,319949055,PC,2.3577049,3.357,7210.0,11.6588,2342.0,4995.52,7822.0,4.42,1.39,174.389345,-65.307937,13.3011,964.011,CANDIDATE
3209.01,319806044,PC,1.3509356,2.636,6060.0,,1811.0,1788.91,4297.6,,,174.495736,-61.471059,13.0789,6817.48,CANDIDATE
321.01,175476629,FP,1.14057,2.188,5009.01,6.52263,2986.0,13201.6,5349.5,4.44,0.84,350.977923,-38.225789,12.8509,380.053,FALSE POSITIVE
3210.01,318668441,PC,2.2364485,2.49,17380.0,24.5257,2209.0,3957.51,6905.0,4.26,1.51,173.340353,-63.341897,12.7521,709.721,CANDIDATE
3211.01,323002911,PC,3.5949457,2.153,5810.0,11.7369,1267.0,428.368,6131.0,4.24,1.36,125.684734,-79.967892,12.4531,622.381,CANDIDATE
3212.01,316236118,PC,4.1943867,2.977,27860.0,13.2866,958.0,140.213,4515.0,4.53,0.76,171.894125,-65.144422,13.3216,272.762,CANDIDATE
3213.01,314013231,APC,2.5395579,3.082,24200.0,,1047.0,199.853,3931.6,,,184.044295,-66.055079,13.0427,1181.83,CANDIDATE
3214.01,312508092,PC,5.7759952,3.594,9030.0,11.5628,1171.0,313.194,5992.0,4.24,1.31,210.678525,-52.863246,11.7696,392.044,CANDIDATE
3215.01,307888842,PC,1.2008331,1.584,5800.0,,,,,,,180.050068,-61.656157,12.9273,868.982,CANDIDATE
3216.01,306547699,FP,2.6985136,4.856,13510.0,,1288.0,457.995,3922.8,,,179.457833,-62.327546,13.1235,7186.76,FALSE POSITIVE
3217.01,309436531,FP,3.2136333,1.875,7810.0,11.1273,1215.0,362.609,6189.4,4.32,1.25,138.805858,-79.774383,12.3297,522.663,FALSE POSITIVE
3218.01,305739565,CP,3.3704313,4.608,5610.0,13.6938,1723.0,1466.04,5765.0,3.92,1.85,206.026527,-32.522975,12.885,942.122,CONFIRMED
3219.01,305492348,PC,3.2969977,3.856,8860.0,17.145,1908.0,2202.26,7108.0,4.11,1.83,178.575415,-62.37515,12.8427,1227.81,CANDIDATE
322.01,198077394,PC,3.990533,3.4539056,3306.4050915,16.0765989,1382.1108481,862.3677457,5868.2,,2.76442,63.825203,-56.253674,10.7074,277.798,CANDIDATE
3220.01,304950588,FP,7.4316274,3.868,13740.0,,628.0,25.9699,3505.0,,,178.357087,-61.097733,13.2566,3327.99,FALSE POSITIVE
3221.01,303883880,FP,0.8970184,2.434,12070.0,,,,,,,177.688743,-62.75265,13.3733,2275.78,FALSE POSITIVE
3222.01,303686889,PC,5.6320791,4.728,3600.0,11.8957,1489.0,817.311,6409.0,3.95,2.0,139.599794,-66.646095,12.8239,1100.93,CANDIDATE
3223.01,297668572,PC,4.633735,5.755,48110.0,,1042.0,196.033,3905.6,,,180.606425,-66.529163,13.2272,2825.07,CANDIDATE
3224.01,297457992,PC,2.8317721,2.607,12860.0,17.0328,1434.0,703.307,6084.0,4.15,1.48,180.242096,-69.945817,13.0791,833.486,CANDIDATE
3225.01,401952328,PC,9.1509453,3.522,3110.0,,884.0,101.474,4474.0,,,220.32663,-61.611797,10.7188,,CANDIDATE
3226.01,295233473,PC,2.3720554,3.366,4350.0,7.05055,1412.0,661.224,4668.0,4.22,1.11,170.310352,-66.172341,13.4461,419.587,CANDIDATE
3227.01,294385899,PC,8.9522767,4.508,6280.0,,1221.0,369.297,5317.7,,,168.998194,-69.318291,12.6795,528.262,CANDIDATE
3228.01,294365631,PC,1.8118703,1.368,5510.0,18.0792,1468.0,772.444,6222.0,3.81,2.25,168.864866,-66.837395,12.0317,769.274,CANDIDATE
3229.01,290263093,PC,5.21228,3.863,8950.0,19.3512,1820.0,1823.95,8532.0,4.14,2.06,173.708318,-64.73169,13.0502,1295.58,CANDIDATE
323.01,251852984,PC,2.7723915,1.8223369,5882.0194354,6.3703129,951.7467616,193.9128694,4558.0,4.52,0.775641,8.20273,-32.059418,13.3547,315.141,CANDIDATE
3230.01,289445553,PC,1.8200065,2.059,15750.0,11.7988,1288.0,457.836,4994.0,4.43,0.91,219.321096,-48.051596,12.1896,254.27,CANDIDATE
3231.01,280857321,PC,2.1738256,2.081,2730.0,17.3093,1899.0,2159.42,7588.0,3.65,3.28,173.32243,-67.449283,11.627,1206.09,CANDIDATE
3232.01,269439355,PC,3.3898234,1.587,1840.0,14.9878,1083.0,229.032,6096.0,3.5,3.13,148.00043,-63.075191,11.3983,825.812,CANDIDATE
3233.01,265633507,APC,0.9787891,1.754,6770.0,17.8038,2371.0,5251.58,6959.0,3.98,2.09,174.569775,-56.962612,12.8299,1251.25,CANDIDATE
3234.01,260776145,PC,10.7012764,4.428,25250.0,19.1102,978.0,152.102,5853.2,,1.17,189.182345,-52.057029,12.5913,655.714,CANDIDATE
3235.01,243641947,CP,2.5926199,1.269,78210.0,11.0137,537.0,13.8883,3375.0,4.85,0.37,207.473849,-46.066514,13.2486,72.811,CONFIRMED
3236.01,242460075,FP,2.9098435,1.928,9480.0,13.2842,1228.0,378.481,5955.0,4.24,1.31,214.31811,-44.33969,12.9841,717.079,FALSE POSITIVE
3237.01,242389810,PC,3.0271374,3.7,22110.0,22.466,1775.0,1651.47,6678.0,4.24,1.49,213.499311,-44.36654,13.086,1016.11,CANDIDATE
3238.01,241752370,PC,3.224746,3.621,11350.0,,1317.0,500.144,5032.0,,,208.889334,-52.524511,13.534,,CANDIDATE
3239.01,241569046,PC,2.2310803,3.3193427,12565.1881618,16.1961401,1683.0269718,1896.2050788,5905.0,4.16,1.42673,206.981105,-49.721915,13.5286,967.034,CANDIDATE
324.01,156002449,PC,5.2848691,4.7725494,27277.0990883,21.377066,1219.8388469,523.2760294,6113.0,4.29,1.2729501,8.481996,-50.729434,13.4081,944.552,CANDIDATE
3240.01,241514551,PC,3.8600722,1.93,16960.0,10.5393,874.0,97.2691,5096.5,4.59,0.77,206.327123,-50.480521,12.8713,304.365,CANDIDATE
3241.01,241326434,PC,6.8380862,2.445,34050.0,17.4994,840.0,82.8358,5912.0,4.51,0.96,204.13817,-51.044343,11.7754,300.417,CANDIDATE
3242.01,209923610,PC,3.0001627,2.892,10600.0,15.0659,1622.0,1151.61,6695.0,4.27,1.45,211.181028,-55.447698,12.3666,676.235,CANDIDATE
3243.01,209707800,PC,2.0519085,1.778,10320.0,14.7471,1576.0,1024.7,6386.3,,1.42,210.884268,-55.44311,11.7219,,CANDIDATE
3244.01,208091447,PC,4.6606892,2.863,6370.0,21.5363,1715.0,1436.15,8608.0,3.94,2.6,207.892594,-59.762737,12.3921,1206.98,CANDIDATE
3245.01,203476998,PC,2.8977031,4.148,10130.0,17.057,1886.0,2102.4,6397.0,4.1,1.67,217.801851,-23.054805,12.6561,881.501,CANDIDATE
3246.01,179715231,PC,4.319754,2.78,10910.0,13.1542,1192.0,335.6,5783.0,4.26,1.25,213.538657,-37.558384,12.2936,486.177,CANDIDATE
3247.01,167597352,PC,5.3305676,2.887,5820.0,15.5434,1136.0,277.237,6076.0,3.89,2.01,216.219416,-38.014361,12.8813,1100.56,CANDIDATE
3248.01,165667705,PC,3.2782956,3.38,8280.0,12.1111,1391.0,622.203,5544.0,4.19,1.32,203.846742,-38.28398,12.6831,576.031,CANDIDATE
3249.01,159262969,PC,3.2420704,2.535,10600.0,12.4447,1220.0,368.009,5570.7,4.26,1.21,219.568388,-40.751081,13.3359,691.946,CANDIDATE
325.01,66413476,PC,4.36907,1.308,3970.0,5.94716,634.0,26.8795,4391.0,4.36,0.9,13.877098,-33.512305,12.004,180.753,CANDIDATE
3250.01,125424836,PC,3.2806578,2.93,9820.0,11.5452,1340.0,535.248,5717.0,4.3,1.18,210.096262,-22.34234,12.0858,410.674,CANDIDATE
3251.01,121194926,PC,2.0694143,1.768,2900.0,,,,,,,224.78787,-40.870645,12.27,728.917,CANDIDATE
3252.01,112037211,PC,4.3636327,2.407,10410.0,9.0556,925.0,121.921,5042.0,4.48,0.87,209.185479,-35.288854,12.4299,280.347,CANDIDATE
3253.01,112037203,FP,4.3622356,2.645,18670.0,11.0608,856.0,89.5299,4486.0,4.5,0.78,209.183512,-35.292443,13.2041,277.718,FALSE POSITIVE
3254.01,107506563,PC,1.6832809,2.356,12430.0,,,,5286.9,,,212.731306,-31.240072,13.201,555.221,CANDIDATE
3255.01,83395136,PC,2.2458338,1.462,10280.0,8.19934,924.0,121.462,4377.0,4.51,0.76,214.96711,-28.921092,13.2494,256.899,CANDIDATE
3256.01,322901324,PC,6.3096313,2.761,4370.0,6.46255,972.0,148.356,5829.0,4.5,0.96,124.321302,-78.014945,12.5755,426.474,CANDIDATE
3257.01,76505260,FP,2.5336422,2.865,13290.0,29.183,2065.0,3022.37,6038.0,4.22,1.36,228.684363,-31.902206,13.2608,761.766,FALSE POSITIVE
3258.01,369789627,PC,1.227961,1.69,2260.0,,1355.0,560.674,4508.0,,,157.014455,-85.529118,12.6593,,CANDIDATE
3259.01,68523365,PC,3.4470312,2.677,15240.0,11.2549,1207.0,352.463,5629.0,4.53,0.9,202.792828,-58.289062,12.9104,411.798,CANDIDATE
326.01,144336525,APC,0.247325,0.913937,2174.148068,10.7717369,,,6316.0,3.75,1.74395,356.11482,-46.866601,11.7549,462.239,CANDIDATE
3260.01,370138999,PC,11.4520097,3.017,1500.0,9.64471,1156.0,296.562,6193.0,4.15,1.52,48.785978,-75.72207,12.1225,599.768,CANDIDATE
3261.01,358070912,CP,0.8831279,1.651686,2068.0674877,4.3749094,1609.5701933,1586.2100083,5151.4,4.51,0.86,47.728524,-73.531972,12.4923,300.141,CONFIRMED
3262.01,280096473,PC,12.8770845,1.9419484,7385.1208646,10.8337698,830.8781535,112.6342216,5953.0,4.39,1.10769,46.360258,-74.472778,12.0461,404.221,CANDIDATE
3263.01,469821652,PC,5.6155837,4.495,2690.0,7.87868,1394.0,627.845,5998.0,4.13,1.51,300.625098,-74.344504,11.7593,480.702,CANDIDATE
3264.01,468055102,PC,3.3133491,3.881,8900.0,14.7466,1790.0,1705.48,6690.0,4.21,1.56,286.481864,-35.815774,12.6347,867.089,CANDIDATE
3265.01,466167563,PC,3.3792968,1.196,6680.0,,955.0,138.369,6125.1,,,299.089231,-60.177164,12.599,637.042,CANDIDATE
3266.01,451566438,PC,3.7462806,2.078,6670.0,17.5312,,819.165,5737.0,,1.12,270.950419,-86.309236,12.2613,334.472,CANDIDATE
3267.01,410372968,PC,2.7674682,2.997,5740.0,11.0509,1539.0,932.409,5890.0,4.17,1.41,290.91348,-70.609525,12.8058,714.829,CANDIDATE
3268.01,410358456,PC,1.8641295,1.42,4130.0,6.95296,1162.0,302.749,5293.0,4.38,1.02,60.057545,-87.911943,11.9039,272.053,CANDIDATE
3269.01,410314178,PC,4.132031,1.354,4220.0,3.73783,823.0,76.3127,5657.6,,0.53,37.613585,-84.053383,12.839,489.606,CANDIDATE
327.01,206669860,PC,10.0550764,3.3888241,13107.7141418,20.5931944,986.030109,223.3992486,5960.0,4.23,1.31971,343.633009,-34.502725,13.4573,958.071,CANDIDATE
3270.01,407922734,PC,6.4751256,2.217,23500.0,,688.0,37.2725,4899.8,,,290.676649,-76.322332,12.2017,,CANDIDATE
3271.01,406236094,PC,4.1394473,2.94,4070.0,12.776,,454.749,6014.9,,1.96,292.968878,-52.645652,11.059,365.226,CANDIDATE
3272.01,388280249,PC,3.146714,2.106,7360.0,12.1786,1067.0,215.374,5197.0,4.11,1.37,126.256924,-85.1578,13.2598,611.415,CANDIDATE
3273.01,372443687,PC,4.2955192,2.874,20630.0,13.6703,1162.0,302.917,5875.0,4.51,0.95,318.360827,-66.481594,12.3525,396.881,CANDIDATE
3274.01,360822008,PC,2.9075077,2.92,10020.0,12.0308,1421.0,677.605,5709.0,4.3,1.18,304.233188,-55.874695,12.9127,599.012,CANDIDATE
3275.01,325275736,PC,20.5020769,7.382,17680.0,11.7145,795.0,66.4002,4511.0,4.51,0.78,318.356223,-73.064186,13.445,311.738,CANDIDATE
3276.01,320327056,PC,7.0327412,3.044,17290.0,11.4154,802.0,68.7158,5021.0,4.52,0.83,295.508668,-59.35635,12.6919,297.407,CANDIDATE
3277.01,319568619,PC,1.5265889,1.688,23630.0,12.3611,1239.0,391.362,4887.0,4.57,0.77,290.856966,-54.330649,12.7572,273.098,CANDIDATE
3278.01,304130406,PC,3.2464257,2.082,8430.0,12.7086,1156.0,297.123,5729.0,4.19,1.35,291.866861,-62.094877,13.5215,904.752,CANDIDATE
3279.01,179987678,PC,0.4191451,0.9767422,1898.2608647,6.1769613,2800.0152156,14526.5528051,5430.0,4.4,1.39542,11.092003,-75.629805,12.6889,614.459,CANDIDATE
328.01,139357541,PC,4.4781603,1.5774426,4339.8345448,9.2972393,1247.1537636,571.7432004,6074.0,4.33,1.20333,349.487743,-43.925529,12.7703,659.967,CANDIDATE
3280.01,290302491,PC,3.8348994,3.138,4600.0,10.5061,1354.0,559.599,5849.3,4.08,1.56,328.277886,-77.198103,13.0099,793.087,CANDIDATE
3281.01,254142310,PC,9.3108074,5.27,2860.0,10.1812,1193.0,336.791,6243.0,3.97,1.89,286.528834,-38.990524,11.1165,467.976,CANDIDATE
3282.01,219924802,APC,2.9478339,2.205,5030.0,18.9265,2025.0,2791.77,6296.0,4.27,1.35,298.522938,-53.381214,11.7212,470.939,CANDIDATE
3283.01,201660996,PC,3.502221,2.911,13290.0,14.1347,1339.0,533.699,5983.0,4.31,1.21,288.951272,-56.354296,12.4005,527.005,CANDIDATE
3284.01,166220082,PC,0.8102219,0.737,820.0,7.01523,1685.0,1338.85,6329.0,3.92,2.03,295.191984,-49.420378,11.0125,511.737,CANDIDATE
3285.01,114181798,PC,2.7022764,2.856,11200.0,15.3559,1536.0,925.842,5969.0,4.17,1.43,295.315233,-35.246927,12.6771,614.218,CANDIDATE
3286.01,113648563,PC,2.0325685,1.312,18260.0,11.846,1014.0,175.933,4950.0,4.49,0.85,293.856895,-38.43229,12.926,312.259,CANDIDATE
3287.01,113117112,PC,2.7176413,3.285,12100.0,17.2275,1775.0,1649.78,6567.0,4.21,1.52,292.757611,-31.633962,13.0201,988.609,CANDIDATE
3288.01,79920467,PC,1.4338615,1.61,31360.0,12.3818,989.0,158.892,3913.0,4.59,0.67,297.110316,-43.018001,13.2956,200.5,CANDIDATE
3289.01,31786438,PC,1.4259934,1.434,4670.0,12.6369,1530.0,910.147,5955.0,3.99,1.75,289.343349,-33.054784,12.8999,915.052,CANDIDATE
329.01,169765334,CP,5.7042858,4.061264,940.986289,5.0247868,1249.9428806,576.8749367,5560.5,4.01,1.61148,351.321095,-15.634631,10.6929,284.388,CONFIRMED
3290.01,31697707,FP,3.910946,3.28,5210.0,10.6878,1315.0,497.733,5642.0,4.07,1.54,289.140291,-34.781754,11.3612,369.444,FALSE POSITIVE
3291.01,464593883,PC,9.0653768,2.062,8550.0,9.03928,,27.2384,5302.0,,0.95,286.967116,-63.991599,12.7602,363.935,CANDIDATE
3292.01,464481762,PC,4.2545208,4.3764889,9168.7791674,13.8532978,1320.6930092,718.999383,5674.0,4.13,1.43536,284.211364,-61.717588,13.3827,894.68,CANDIDATE
3293.01,464445045,PC,2.589659,3.385,7430.0,14.9823,1905.0,2190.57,6650.0,4.1,1.75,282.51078,-62.094156,13.1675,1270.93,CANDIDATE
3294.01,464280516,PC,2.5658729,2.425,10050.0,14.4803,1206.0,351.223,5003.0,,1.39,279.640407,-62.301798,11.481,286.439,CANDIDATE
3295.01,456574511,PC,3.4379994,3.855,8370.0,13.3167,1637.0,1192.84,6193.0,4.2,1.44,282.011353,-57.545386,13.2972,981.113,CANDIDATE
3296.01,456560485,PC,5.9493696,3.678,10370.0,11.8844,1091.0,235.266,5590.0,4.31,1.15,281.55889,-57.694363,12.3726,437.919,CANDIDATE
3297.01,451538240,PC,3.9349141,4.189,7660.0,14.3155,1586.0,1051.8,6200.0,4.1,1.61,264.825476,-87.299445,13.0197,900.488,CANDIDATE
3298.01,407772585,PC,3.0537856,1.731,12440.0,17.9453,1369.0,583.27,6103.0,4.17,1.46,274.804997,-71.793902,12.2415,588.129,CANDIDATE
3299.01,390723664,PC,2.9264345,3.182,7890.0,6.98436,1353.0,557.455,5121.0,4.57,0.8,281.311417,-47.086382,13.3888,417.019,CANDIDATE
330.01,27966179,PC,4.2794669,2.4641339,17011.2798568,9.0099926,750.296567,74.8950024,4314.0,4.57,0.703041,358.751682,-22.538908,12.8696,200.326,CANDIDATE
3300.01,384299730,PC,6.6926834,5.96,3180.0,9.62132,1421.0,678.724,5918.0,3.98,1.75,246.034734,-82.550772,12.6579,791.797,CANDIDATE
3301.01,384016413,PC,5.451593,3.628,3490.0,11.1974,1231.0,359.92,5773.0,3.91,1.87,240.470403,-78.602561,12.5815,786.257,CANDIDATE
3302.01,383299778,PC,1.5570251,1.431,4220.0,10.9349,1644.0,1213.68,5590.0,4.08,1.5,185.130699,-84.916673,12.909,705.625,CANDIDATE
3303.01,381982417,PC,8.6187455,1.692,3430.0,15.6647,1011.0,173.998,7400.0,3.92,2.37,284.048901,-70.249425,10.5695,615.178,CANDIDATE
3304.01,381789320,PC,3.4930546,2.985,7980.0,13.1021,1400.0,639.317,5986.0,4.17,1.42,270.132239,-52.68301,12.0148,502.336,CANDIDATE
3305.01,380775661,PC,2.025289,2.257,18480.0,12.3405,1349.0,550.936,5297.4,4.52,0.86,269.546056,-62.477432,12.9876,394.443,CANDIDATE
3306.01,369861731,FP,3.8780401,2.757,5030.0,8.5758,1380.0,602.229,5617.0,4.31,1.15,161.042028,-86.319954,12.3483,403.582,FALSE POSITIVE
3307.01,369861728,PC,3.8784358,2.677,9620.0,11.8812,1169.0,310.093,5636.0,4.32,1.14,161.036801,-86.316421,13.1045,560.726,CANDIDATE
3308.01,365554300,APC,0.7614693,1.059,5980.0,,1746.0,1543.61,5813.0,,,274.046382,-65.608083,13.3095,,CANDIDATE
3309.01,365021641,PC,7.4832824,3.802,12910.0,12.264,939.0,129.267,5306.0,4.35,1.06,271.991949,-49.555097,11.8633,288.963,CANDIDATE
331.01,262531275,FP,2.4843369,1.154,4450.0,8.59746,991.0,160.141,5608.0,3.94,1.76,20.419256,-42.481783,13.0261,939.136,FALSE POSITIVE
3310.01,364072092,PC,1.3828196,1.336,10030.0,15.7062,1567.0,1001.35,6362.0,4.22,1.45,267.445726,-53.407556,13.0374,890.249,CANDIDATE
3311.01,337274055,FP,4.8435717,2.561,6120.0,15.3767,1429.0,693.687,5552.0,4.42,1.01,269.063581,-57.100597,13.1052,521.922,FALSE POSITIVE
3312.01,332314607,PC,5.3890264,3.794,29490.0,,867.0,93.9124,3930.3,,,272.905634,-36.782023,12.5578,450.91,CANDIDATE
3313.01,327210623,FP,2.128423,2.872,11080.0,,1419.0,674.806,3689.6,,,270.656968,-37.440201,12.6827,8341.8,FALSE POSITIVE
3314.01,315398848,PC,1.3677581,1.363,5840.0,11.144,1376.0,596.492,5355.0,,1.37,279.610687,-40.802254,12.4749,353.719,CANDIDATE
3315.01,312030014,PC,5.2330803,4.617,6900.0,12.7241,1567.0,1001.08,6375.0,4.2,1.49,264.934249,-73.37763,11.8748,565.094,CANDIDATE
3316.01,311565540,PC,4.0668012,2.373,10210.0,10.2315,1129.0,270.456,5789.0,4.47,0.98,260.706965,-73.434885,13.4449,642.134,CANDIDATE
3317.01,311292015,PC,2.9519989,3.518,8270.0,15.6964,1660.0,1262.03,6136.0,4.03,1.73,258.402253,-74.303176,12.8739,974.737,CANDIDATE
3318.01,310854881,PC,12.8777188,4.209,21210.0,,808.0,70.9259,5281.8,,,255.271159,-75.430201,13.3675,586.486,CANDIDATE
3319.01,310267134,FP,0.5438807,0.78,3390.0,6.46581,1655.0,1246.75,5259.0,4.41,0.98,251.382358,-76.937828,13.5252,557.804,FALSE POSITIVE
332.01,139285832,CP,0.77685,1.43,830.0,3.28324,2240.0,4180.32,5190.0,4.42,0.96,348.058952,-44.876485,11.5273,222.852,CONFIRMED
3320.01,307320565,PC,2.625748,3.529,4650.0,12.4597,1950.0,2401.54,6693.0,4.04,1.89,267.895964,-63.005947,12.4472,956.388,CANDIDATE
3321.01,306648160,CP,3.6525305,4.153,9770.0,14.7302,1553.0,967.919,5930.0,4.14,1.47,265.760335,-65.008252,10.6651,285.895,CONFIRMED
3322.01,306357884,PC,1.0571733,1.235,2140.0,12.0066,1901.0,2168.84,6307.0,3.72,2.53,265.087598,-63.251885,11.5624,809.845,CANDIDATE
3323.01,305512837,FP,3.0223957,3.272,14800.0,11.507,1477.0,791.733,4653.0,4.56,0.75,262.640686,-64.723142,12.7316,234.721,FALSE POSITIVE
3324.01,304695574,PC,2.8090597,3.24,6430.0,12.0828,1568.0,1004.86,5852.0,4.1,1.52,278.474993,-70.946262,12.9566,803.35,CANDIDATE
3325.01,303617735,PC,4.2732096,3.047,5870.0,,1145.0,286.212,5332.0,,,272.205469,-59.891679,12.8376,522.799,CANDIDATE
3326.01,301455423,PC,1.0664194,2.106,14350.0,14.3422,2016.0,2742.65,5897.0,4.33,1.18,256.43032,-70.909631,13.1482,685.8,CANDIDATE
3327.01,292477426,PC,4.1794516,3.921,4480.0,13.3164,1488.0,815.017,6151.0,3.92,1.96,281.602174,-68.126095,12.4256,891.92,CANDIDATE
3328.01,276647494,PC,10.1923252,6.168,1730.0,5.40312,1209.0,355.136,5767.0,4.23,1.28,266.123677,-79.594616,12.1098,426.298,CANDIDATE
3329.01,256158543,PC,5.0648278,4.321,9920.0,13.6307,1452.0,738.156,6411.0,4.29,1.34,266.880985,-79.466679,11.6723,441.315,CANDIDATE
333.01,224245334,PC,3.7852328,3.5398298,1338.8791278,4.7864833,1288.0445455,650.4958544,6150.0,4.4,1.1289999,353.357499,-41.171521,11.5166,352.269,CANDIDATE
3330.01,255768108,PC,1.0815202,1.317,9050.0,17.3782,1712.0,1428.47,6260.0,4.02,1.78,268.693269,-53.392923,12.4794,834.968,CANDIDATE
3331.01,194795551,CP,2.0180196,1.967,15190.0,12.168,1330.0,520.136,5544.0,4.47,0.96,271.324167,-34.107171,11.3208,217.193,CONFIRMED
3332.01,194179013,FP,3.1785277,5.974,20330.0,,1476.0,788.118,3540.7,,,271.039719,-34.12037,12.7825,6634.95,FALSE POSITIVE
3333.01,193782529,PC,3.9823479,4.463,32030.0,,1044.0,197.455,3986.0,,,270.881486,-35.447285,13.334,,CANDIDATE
3334.01,160930264,PC,1.9242952,3.075,12690.0,16.9815,1965.0,2478.4,6324.3,4.19,1.48,276.041754,-51.036649,12.8757,851.085,CANDIDATE
3335.01,120033290,PC,2.265394,3.478,4540.0,12.6882,1757.0,1585.08,5568.0,3.89,1.86,279.109348,-57.452396,12.5521,744.585,CANDIDATE
3336.01,119950057,PC,10.1822686,2.424,12570.0,,,,,,,278.746802,-55.663421,12.388,535.977,CANDIDATE
3337.01,119089245,PC,1.2436504,1.215,7630.0,11.1385,1494.0,828.458,6070.0,4.35,1.18,275.147902,-58.253155,13.3234,781.789,CANDIDATE
3338.01,86419190,PC,1.4893582,1.286,8600.0,12.5424,1850.0,1946.1,6208.0,4.42,1.11,271.923408,-42.543178,12.5052,533.245,CANDIDATE
3339.01,86021841,PC,3.7465541,2.623,12890.0,,1492.0,824.101,5766.6,,,271.611136,-44.117222,12.2962,,CANDIDATE
334.01,233964642,APC,17.9160113,1.889,9906.0,18.2667,639.0,27.7718,6090.2,4.11,1.57,36.498718,-63.647607,9.5498,199.657,CANDIDATE
3340.01,76761591,APC,11.968028,3.925,9480.0,32.6917,,495.179,6701.0,,1.57,270.726679,-55.841807,10.9207,402.859,CANDIDATE
3341.01,75919790,PC,8.6369598,4.91,13620.0,13.0862,1275.0,439.615,6040.0,4.45,1.04,268.399733,-59.653938,12.7691,543.009,CANDIDATE
3342.01,75076261,PC,5.9709305,3.145,11800.0,12.3371,1021.0,180.951,5748.0,4.38,1.09,266.358966,-56.882951,11.8482,340.802,CANDIDATE
3343.01,58046864,FP,2.3651663,2.462,15360.0,19.4747,1504.0,851.541,5805.0,4.1,1.51,275.164944,-39.220957,13.4411,991.209,FALSE POSITIVE
3344.01,57093805,PC,3.2229781,3.793,9310.0,14.58,1875.0,2054.13,5488.0,4.2,1.29,272.450977,-31.891545,10.9308,248.097,CANDIDATE
3345.01,21997420,PC,2.1917701,3.145,11650.0,20.1864,2126.0,3396.72,7222.0,4.12,1.84,268.05232,-45.1783,13.207,1356.21,CANDIDATE
3346.01,6404965,PC,4.8692603,2.538,5510.0,6.32448,1067.0,215.764,4323.0,4.58,0.7,283.664945,-47.994244,11.9812,132.574,CANDIDATE
3347.01,131581531,FP,3.0591641,4.25,2110.0,7.01214,1928.0,2296.74,4999.4,,1.59,118.348267,-36.803031,12.0536,491.072,FALSE POSITIVE
3348.01,131347421,PC,2.6156239,2.101,2340.0,4.05281,1614.0,1128.14,7002.0,,0.83,117.924589,-37.171337,11.4872,820.182,CANDIDATE
3349.01,50909831,APC,2.0272642,0.977,4320.0,13.445,1236.0,388.165,6505.5,,1.81,108.967811,-4.24652,11.3546,574.167,CANDIDATE
335.01,41865539,FP,1.26092,2.718,4825.94,8.46782,2344.0,5014.81,5875.0,4.36,1.11,21.32225,-39.947872,12.3571,472.613,FALSE POSITIVE
3350.01,4959676,PC,2.2358979,1.588,610.0,3.28794,1505.0,851.912,4793.8,4.42,0.9,141.699699,-38.626819,10.6418,112.087,CANDIDATE
3351.01,941340744,PC,4.311529,2.699,9820.0,15.9679,1217.0,364.211,6777.0,4.29,1.57,162.916411,-44.985551,10.9932,388.82,CANDIDATE
3352.01,33840683,PC,13.8198702,5.041,328.0,3.09224,896.0,107.236,5598.0,3.85,1.96,64.841462,-74.585973,10.2756,281.692,CANDIDATE
3353.01,391903064,CP,4.6658007,2.609,565.0,2.17821,1068.0,216.429,6365.0,4.54516,1.02,106.529815,-75.819559,8.7843,78.7577,CONFIRMED
3353.02,391903064,PC,8.8176457,3.076,645.0,2.36114,847.0,85.6924,6365.0,4.54516,1.02,106.529815,-75.819559,8.7843,78.7577,CANDIDATE
3354.01,260367888,PC,46.3810093,6.1350191,1108.3541952,5.7534556,695.647218,55.3448497,6307.9,4.07,1.69625,95.151882,-59.754672,10.9567,415.22,CANDIDATE
3355.01,382045742,PC,15.6600896,4.785,400.0,2.14305,904.0,110.915,6257.0,4.42,1.13,79.323673,-59.068391,10.8204,261.681,CANDIDATE
3356.01,229138584,PC,2.9122454,3.269,1210.0,5.08343,1509.0,862.596,5466.0,3.94,1.46,25.719671,-48.78843,12.1289,495.996,CANDIDATE
3357.01,412259468,FP,2.6535777,2.1014914,1446.2753601,6.685956,2138.3618868,4941.3523429,8037.0,4.26402,1.70185,110.390835,-21.93839,11.0285,607.29,FALSE POSITIVE
3358.01,146244533,FP,8.8088443,4.411,3550.0,10.7596,1985.0,2579.38,8072.0,4.37,1.58,133.542032,-48.072792,10.5387,454.844,FALSE POSITIVE
3359.01,360714300,PC,15.8118347,4.449,601.0,2.24252,807.0,70.4363,5746.7,4.43,1.01,142.919776,-63.367397,9.6216,119.49,CANDIDATE
336.01,55452495,FP,17.7082945,3.449,2341.0,11.7171,881.0,100.109,7859.0,4.12,2.8,70.670279,-64.885209,9.9524,600.497,FALSE POSITIVE
3360.01,342343963,APC,16.7375044,1.319,2570.0,16.0108,521.0,12.3014,6549.0,3.62,2.97,123.676678,-55.642735,10.6857,564.342,CANDIDATE
3361.01,440324561,APC,10.5634342,1.011,11150.0,12.1545,367.0,3.01202,4688.0,4.33,0.99,144.456031,-59.115086,10.956,136.169,CANDIDATE
3362.01,464300749,CP,18.0953159,2.627,3176.0,12.0619,688.0,37.2117,6509.8,3.99,1.8,155.984143,-56.843117,10.3823,366.987,CONFIRMED
3363.01,385858569,PC,9.7433732,3.747,1566.0,,,,8582.0,4.09,,138.759017,-54.314261,10.2509,2157.7,CANDIDATE
3364.01,280655495,CP,5.8769438,4.5933803,7168.7849256,12.3925008,1212.8090781,511.3176191,5805.0,4.13,1.4484,144.537771,-49.335223,10.8137,277.899,CONFIRMED
3365.01,34297761,PC,5.3928876,3.8463963,7447.1137923,12.0135136,1212.9987503,511.6375558,5970.0,4.24,1.3179801,146.497112,-46.267641,10.8467,273.225,CANDIDATE
3366.01,220547837,PC,8.4562659,4.338,8430.0,17.3093,,833.599,6144.0,,1.3,155.332076,-50.081462,10.7038,238.294,CANDIDATE
3367.01,131730580,PC,3.7493233,2.274,1170.0,,,,,,,147.793034,-49.410563,10.6973,5366.25,CANDIDATE
3368.01,131419624,PC,7.2611991,3.389,3980.0,15.4357,1628.0,1167.97,6702.0,4.07,1.82,118.086505,-37.720846,12.8281,886.655,CANDIDATE
3369.01,190981760,FP,3.5463582,4.168,6020.0,,1535.0,922.838,5453.0,,,134.39908,-36.850749,12.7345,815.313,FALSE POSITIVE
337.01,155986102,FP,6.87168,3.16,39248.4,28.967,1230.0,380.128,5446.0,4.43,1.33,7.330079,-50.140052,12.0235,292.682,FALSE POSITIVE
3370.01,131250246,PC,2.3506831,2.743,1940.0,6.39563,1832.0,1871.52,6589.0,4.24,1.47,117.781828,-41.578402,12.0148,549.076,CANDIDATE
3371.01,186470510,PC,3.5071842,3.3833003,3155.9223023,11.2416379,1716.6692962,2055.0809424,7462.0,,1.85807,132.699163,-35.006901,11.5432,627.758,CANDIDATE
3372.01,131036011,FP,11.0701242,4.097,11750.0,,,,,,,117.531459,-38.714129,13.1038,1521.09,FALSE POSITIVE
3373.01,186459119,PC,6.534605,2.957,6530.0,12.2512,1001.0,167.262,5826.0,4.16,1.41,132.627958,-31.982173,12.889,677.509,CANDIDATE
3374.01,131025778,PC,2.6543295,3.275,18470.0,23.745,2022.0,2779.92,7517.0,4.21,1.71,117.265588,-36.677812,13.0959,1040.31,CANDIDATE
3375.01,185482513,FP,1.2368321,2.144,1930.0,7.3968,2135.0,3451.44,6117.0,4.1,1.59,130.052164,-31.994286,12.6206,735.596,FALSE POSITIVE
3376.01,130797885,PC,4.7260751,4.275,6910.0,14.7931,2218.0,4023.58,7311.0,4.27,1.55,117.091727,-38.018985,13.4213,1055.67,CANDIDATE
3377.01,184670625,FP,0.5241284,1.017,2400.0,16.7968,3137.0,16094.6,5860.0,3.88,1.95,127.670065,-40.280004,12.5004,810.822,FALSE POSITIVE
3378.01,133655284,PC,2.6101478,4.3645203,2843.8872049,15.9448335,2540.3396841,9842.1090407,5320.0,4.21,2.6926401,121.289884,-41.187617,12.0588,915.563,CANDIDATE
3379.01,130191319,FP,1.6117444,1.524,3120.0,6.63491,1502.0,847.062,6056.0,4.38,1.14,119.75408,-25.648554,12.1038,446.453,FALSE POSITIVE
3380.01,176148945,APC,2.0086823,1.903,1150.0,7.75485,,3645.6,8516.0,,2.19,121.585737,-22.094073,11.756,1062.66,CANDIDATE
3381.01,129881395,FP,3.3630421,2.776,20990.0,20.7277,1323.0,509.118,5982.0,4.17,1.42,119.489473,-28.122701,13.4704,1001.57,FALSE POSITIVE
3382.01,13737885,PC,4.4575332,5.319,2900.0,12.6057,1742.0,1531.89,6289.3,4.25,2.16,133.755772,-9.1652,11.5546,713.283,CANDIDATE
3383.01,175317833,PC,9.7325799,1.6549887,11099.2665877,14.8778005,1051.8831808,289.3283868,6300.4,4.26,1.3728499,152.043987,-1.217947,12.8451,810.86,CANDIDATE
3384.01,118603213,PC,1.8592079,2.212,3150.0,16.4056,2004.0,2679.45,7257.0,3.75,2.82,130.223468,-19.851233,12.2146,1520.39,CANDIDATE
3385.01,175079720,FP,2.2623261,3.048,2940.0,4.86815,1819.0,1819.52,5786.0,4.56,0.89,115.874489,-38.90883,12.4698,343.21,FALSE POSITIVE
3386.01,174426662,PC,0.8855539,1.034,1900.0,5.05228,1811.0,1788.08,6446.0,4.45,1.13,114.317625,-36.27316,12.4768,511.818,CANDIDATE
3387.01,118072143,PC,2.7678404,2.225,9160.0,,1340.0,535.934,5908.7,,,128.779989,-18.244506,13.2877,617.178,CANDIDATE
3388.01,173860688,FP,0.845657,1.824,390.0,8.90314,1929.0,2301.5,4969.9,,4.52,113.103262,-38.574805,10.9017,601.211,FALSE POSITIVE
3389.01,419419534,FP,1.680148,1.217,1420.0,9.76407,1364.0,575.779,5750.5,3.81,2.35,121.093981,-34.262222,10.9144,527.277,FALSE POSITIVE
339.01,69838258,FP,6.73069,3.503,14721.7,22.1494,1288.0,457.721,6048.2,4.28,1.66,337.921615,-21.945702,12.0885,650.653,FALSE POSITIVE
3390.01,96055535,APC,5.4033373,1.421,14900.0,18.9875,632.0,26.5343,4977.7,,1.49,146.64134,-8.604797,13.2958,,CANDIDATE
3391.01,173824688,PC,4.7131119,5.5285456,10492.6573132,19.7629326,1643.1463045,1722.7646011,6785.0,4.05,1.88091,113.153512,-41.725403,13.5064,1249.01,CANDIDATE
3392.01,80174172,FP,1.1104301,1.604,4870.0,,,,,,,121.429562,-42.702359,13.494,,FALSE POSITIVE
3393.01,173260345,PC,5.2059716,2.803,9210.0,11.1254,1139.0,280.373,6210.0,4.41,1.13,111.598673,-40.765592,13.6224,783.101,CANDIDATE
3394.01,59536337,PC,7.8373997,3.273,2880.0,7.62042,1113.0,254.905,6715.0,4.28,1.43,109.132322,-44.168203,12.1348,646.997,CANDIDATE
3395.01,170405772,PC,3.2730247,1.551,4030.0,,1069.0,217.442,5769.7,,,103.644859,-45.064275,12.683,440.82,CANDIDATE
3396.01,56630436,PC,6.4700007,5.6018512,14835.6486181,22.0947602,1438.8191925,1012.8517686,6819.0,4.11,1.7676899,127.140149,-34.630225,12.5443,928.163,CANDIDATE
3397.01,154616309,PC,3.6250244,2.209,11380.0,6.80665,751.0,53.0463,3811.0,4.63,0.63,122.217093,-28.937824,13.3153,180.84,CANDIDATE
3398.01,46999289,PC,6.2088405,2.7236562,2992.8361072,3.5693526,682.9571759,51.4155981,4655.8,4.67,0.661528,143.540873,-7.433444,12.1945,168.34,CANDIDATE
3399.01,153197346,FP,2.642447,4.373,4700.0,,2889.0,11564.4,8779.8,,,120.464794,-24.782618,13.509,2056.31,FALSE POSITIVE
340.01,80439101,PC,14.8499717,5.9888165,53558.5635109,,741.5382329,71.4587134,5829.0,,,11.747329,-44.369951,12.6435,497.551,CANDIDATE
3400.01,437215469,PC,3.8036198,4.141,17890.0,22.1057,1631.0,1174.87,6464.0,4.14,1.61,123.624724,-19.590655,12.6659,913.915,CANDIDATE
3401.01,26051436,PC,3.6689529,2.866,14780.0,13.2074,1227.0,377.121,5642.0,4.38,1.06,150.923685,-10.575236,13.3298,647.95,CANDIDATE
3402.01,152685831,FP,3.4714171,3.006,3580.0,,,,,,,120.185666,-33.729847,12.6532,5066.53,FALSE POSITIVE
3403.01,133107143,PC,11.2205176,3.7193393,10721.0265817,17.0919218,1031.9556709,268.0187451,6764.0,4.19,1.60322,120.538954,-41.205439,12.0894,678.701,CANDIDATE
3404.01,18795429,PC,2.5087868,2.529,15750.0,12.9918,1535.0,922.499,6255.0,4.52,1.01,138.098314,-33.256815,12.7435,513.6,CANDIDATE
3405.01,152326573,PC,6.1458884,2.808,12900.0,18.4029,1206.0,351.407,7231.0,4.24,1.6,119.870056,-30.006131,13.0178,1203.27,CANDIDATE
3406.01,410159011,PC,2.623354,2.845,8790.0,16.3338,1711.0,1425.08,6437.0,4.1,1.69,133.44721,-18.003195,12.8054,889.866,CANDIDATE
3407.01,152005053,PC,1.3847905,2.657,4150.0,11.9783,2006.0,2691.16,5596.0,,1.82,119.508998,-33.996094,13.0549,714.755,CANDIDATE
3408.01,7904580,FP,15.8346011,4.676,18000.0,16.7304,915.0,116.829,5713.1,4.37,1.09,133.207393,-1.606521,13.3008,665.382,FALSE POSITIVE
3409.01,405485201,PC,7.7605254,3.639,2060.0,4.92551,1070.0,218.205,6070.0,4.42,1.09,143.731993,-12.25044,11.7483,364.285,CANDIDATE
341.01,33911302,PC,1.81383,1.113,13170.0,11.581,923.0,120.54,4775.0,4.38,0.94,355.844989,-23.998023,13.3302,415.551,CANDIDATE
3410.01,238012337,PC,3.9791023,4.47,4000.0,,,,,,,102.595945,-48.534456,11.581,,CANDIDATE
3411.01,150424946,PC,7.0628019,4.385,13490.0,,,,,,,117.401918,-34.451103,13.1428,1531.6,CANDIDATE
3412.01,396794358,PC,3.1405783,1.574,8570.0,11.93,1061.0,210.456,5636.0,4.24,1.26,147.482896,-14.733219,12.6977,565.295,CANDIDATE
3413.01,149745822,PC,4.7114264,1.502,5410.0,15.6522,1588.0,1055.88,8238.0,4.41,1.47,116.538349,-33.48309,12.5881,726.071,CANDIDATE
3414.01,131348451,PC,9.7355768,5.954,2590.0,9.29033,1250.0,405.451,5033.0,,1.81,117.917125,-36.81567,11.9685,537.355,CANDIDATE
3415.01,386456916,PC,3.5714448,2.356,4090.0,18.4074,1514.0,873.532,5942.0,3.66,2.56,128.20788,-13.064342,12.2665,1053.27,CANDIDATE
3416.01,145910571,PC,2.3626917,2.938,7280.0,14.4588,2318.0,4798.12,8360.0,4.33,1.62,123.261857,-31.320175,12.6255,1184.46,CANDIDATE
3417.01,332710679,PC,2.7194615,2.481,18840.0,12.4906,1263.0,422.699,5454.0,4.52,0.89,150.389098,-16.126786,13.4736,548.679,CANDIDATE
3418.01,437144507,PC,7.3039869,5.3650109,7722.2055378,,939.4105386,184.0529207,5308.5,,,123.274547,-23.053372,11.8994,,CANDIDATE
3419.01,145904365,PC,7.9969538,5.4,19120.0,,1055.0,205.724,5305.8,,,123.149611,-32.776684,12.935,,CANDIDATE
342.01,415969574,FP,10.45776,3.148,8773.24,,792.0,65.5508,5800.0,4.38,,342.170406,-18.520467,12.8691,508.84,FALSE POSITIVE
3420.01,293978434,FP,1.5971426,3.316,2150.0,7.98964,2337.0,4957.19,6263.0,4.03,1.77,122.430787,-22.868692,12.6746,950.218,FALSE POSITIVE
3421.01,145023816,PC,2.8389301,2.45,6210.0,16.9204,1780.0,1669.46,7132.0,3.98,2.14,122.092607,-30.09545,13.35,1787.36,CANDIDATE
3423.01,144970275,FP,2.5313424,2.246,5830.0,,2281.0,4500.49,9598.5,,,122.010942,-31.189361,12.6067,4030.62,FALSE POSITIVE
3424.01,283702603,FP,0.6691882,1.347,2850.0,9.96751,2570.0,7244.35,6623.0,4.09,1.76,128.800451,-27.407594,12.5772,994.33,FALSE POSITIVE
3425.01,144682439,PC,0.765415,1.389,2740.0,8.47671,2109.0,3287.18,6034.0,4.13,1.51,121.663414,-31.944461,13.0391,923.779,CANDIDATE
3426.01,277833423,PC,6.1786733,4.289,16990.0,18.581,1172.0,313.989,5806.0,4.16,1.4,156.229013,0.435829,12.7761,687.367,CANDIDATE
3427.01,144467913,PC,2.9526508,2.503,9320.0,17.072,1338.0,532.564,5812.0,3.98,1.73,121.316468,-31.849047,12.7363,868.194,CANDIDATE
3428.01,271486001,PC,5.3945125,7.126,1430.0,,,,,,,125.654901,-29.187989,12.1927,,CANDIDATE
3429.01,134551640,PC,13.9311096,3.508,6720.0,14.0219,806.0,70.2738,6445.0,4.1,1.69,108.858976,-42.44809,12.4493,816.907,CANDIDATE
343.01,66497310,PC,1.7563116,1.8543683,3476.9463159,8.3651129,1667.6324897,1827.7735678,5885.0,4.31,1.20235,356.045365,-18.889525,12.4115,519.27,CANDIDATE
3430.01,118329434,APC,5.0949767,4.57,4150.0,15.7588,1532.0,915.595,6565.0,4.18,2.25,129.445897,-19.63472,11.8807,872.374,CANDIDATE
3431.01,270649648,PC,3.919695,4.027,12270.0,19.0078,1607.0,1108.17,6438.0,4.08,1.73,136.852675,4.289924,13.1291,1198.58,CANDIDATE
3432.01,133849258,PC,9.148074,3.8870163,22476.4703198,,871.4962715,136.3273948,3999.0,,,121.479826,-41.46259,13.7942,,CANDIDATE
3433.01,270471065,PC,2.7765784,2.076,5710.0,6.07883,941.0,130.312,4348.2,4.48,0.78,135.455975,0.969613,12.7445,210.527,CANDIDATE
3434.01,270457662,PC,3.1510024,0.612,4700.0,12.7872,672.0,34.0167,5927.9,4.12,1.5,135.313863,0.841828,12.2609,607.396,CANDIDATE
3435.01,238162973,FP,11.8885643,2.567,35450.0,19.2143,580.0,18.8935,4427.0,4.52,0.75,106.432017,-49.520598,13.3872,282.594,FALSE POSITIVE
3436.01,132320310,FP,1.3955317,2.62,960.0,10.461,2089.0,3163.13,4957.2,3.34,3.29,119.365428,-38.970243,10.9602,566.014,FALSE POSITIVE
3437.01,132313173,PC,4.9873145,2.3425677,16931.1672966,12.4458895,1039.1163307,275.535577,6199.0,4.63,0.87414,119.412446,-41.241508,13.0707,461.605,CANDIDATE
3438.01,455272393,PC,1.6660179,1.445,2090.0,10.257,1742.0,1529.93,5993.3,3.9,2.01,146.331746,3.094481,11.9581,735.129,CANDIDATE
3439.01,394338713,PC,5.9349921,1.423,9840.0,13.8526,695.0,38.9292,5320.0,4.29,1.13,151.584825,-79.37679,13.4001,591.628,CANDIDATE
344.01,13023378,PC,6.0672187,3.0803438,7468.3938627,9.4901642,1075.9802743,316.7657662,6149.0,4.44,1.0793999,347.053748,-28.007825,11.9221,404.201,CANDIDATE
3440.01,208030798,FP,1.7167587,2.044,13620.0,,1066.0,215.049,3917.3,,,244.330203,-54.13911,12.052,7170.63,FALSE POSITIVE
3441.01,393196631,PC,4.2594558,3.391,7500.0,10.33,1271.0,433.367,5763.8,4.31,1.18,162.624868,-79.727859,13.2137,652.833,CANDIDATE
3442.01,207981861,PC,3.4569274,2.805,20700.0,,1098.0,241.384,4973.0,,,244.066558,-55.099987,12.6816,611.019,CANDIDATE
3443.01,392995938,PC,1.0078907,2.755,1790.0,14.2534,2915.0,11995.5,6808.0,3.51,3.52,218.278396,-60.093362,11.672,1025.24,CANDIDATE
3444.01,161299119,PC,2.7188122,2.182,12150.0,16.9807,1437.0,708.483,6531.0,4.23,1.48,241.287509,-46.565649,11.9642,481.703,CANDIDATE
3445.01,364431259,PC,2.9866836,2.681,14000.0,15.0254,1142.0,282.578,4790.0,4.14,1.24,244.138351,-41.073966,12.8311,353.696,CANDIDATE
3446.01,149022647,PC,1.8528946,2.444,19670.0,,1895.0,2142.13,5378.5,,,231.184164,-45.380004,13.0573,740.15,CANDIDATE
3447.01,363749415,PC,3.6562554,3.853,4970.0,10.421,1602.0,1093.63,5994.0,4.12,1.51,250.344907,-68.553225,12.2152,595.56,CANDIDATE
3448.01,143934343,PC,2.1642912,2.818,22950.0,,1656.0,1248.62,4907.3,,,232.040061,-52.029676,13.2582,768.479,CANDIDATE
3449.01,363083571,PC,3.8249546,3.874,7630.0,15.0897,1592.0,1068.52,6341.2,4.08,1.69,248.021696,-68.24033,12.5451,841.734,CANDIDATE
345.01,308208458,PC,11.2237372,3.3719302,11270.3887544,9.5654941,703.6564933,57.9380401,5136.0,4.47,0.903365,5.696956,-34.392162,13.5263,516.33,CANDIDATE
3450.01,126125073,PC,3.6387748,3.131,4610.0,,,,5095.6,,,228.035132,-53.313368,10.376,,CANDIDATE
3451.01,361710792,PC,8.7234738,2.598,10750.0,10.5545,755.0,54.2067,5522.0,4.42,1.0,243.802887,-68.876216,12.5517,404.622,CANDIDATE
3452.01,360475034,PC,2.8372178,4.822,4060.0,14.7827,2287.0,4549.21,5604.0,3.73,2.24,188.770456,-73.129664,13.1151,1024.38,CANDIDATE
3453.01,360473750,PC,4.3618031,4.9,3130.0,12.1596,1656.0,1248.73,6126.0,3.81,2.21,188.912112,-72.681973,12.6558,966.604,CANDIDATE
3454.01,359426909,PC,3.9415006,2.177,8940.0,12.3165,1123.0,264.591,6011.0,4.26,1.3,183.60042,-72.347311,12.9585,633.798,CANDIDATE
3455.01,358938714,APC,0.422425,0.68,4090.0,8.6772,1711.0,1423.41,5269.0,4.25,1.18,180.322203,-76.399578,13.3477,532.33,CANDIDATE
3456.01,357661805,PC,17.0298529,2.65,15940.0,12.0922,485.0,9.23182,5022.0,4.43,0.92,188.666196,-79.358969,12.0537,222.115,CANDIDATE
3457.01,357312511,PC,32.6012979,4.366,4490.0,9.18821,569.0,17.4858,6067.8,4.23,1.35,183.208269,-79.757204,11.6146,370.666,CANDIDATE
3458.01,340228388,PC,3.1726875,2.05,18990.0,11.911,1010.0,172.9,5056.0,4.48,0.87,201.340644,-71.012028,12.6553,302.055,CANDIDATE
3459.01,335860261,PC,8.4893234,4.903,14020.0,,1211.0,357.289,5030.7,,,214.500086,-62.35522,12.2014,595.948,CANDIDATE
346.01,118327533,PC,16.56308,2.317,14010.0,30.0184,1027.0,184.89,6177.0,4.25,1.35,10.344507,-37.34302,12.7291,745.217,CANDIDATE
3460.01,39858507,PC,4.6288384,6.264,5380.0,17.2704,2291.0,4580.01,5978.9,3.89,2.22,255.920846,-30.770097,8.82719,205.426,CANDIDATE
3461.01,334080358,PC,11.4483792,4.824,6660.0,10.4552,999.0,165.825,6175.0,4.29,1.28,192.997679,-71.601209,12.9682,695.231,CANDIDATE
3462.01,324116813,PC,6.3885628,1.726,4410.0,7.62451,725.0,46.0383,5474.0,4.4,1.03,148.249271,-78.459771,12.8749,422.208,CANDIDATE
3463.01,292889298,PC,2.2538878,3.664,7450.0,,,,,,,221.842017,-60.544822,13.5313,,CANDIDATE
3464.01,290504044,PC,3.6515704,1.925,5830.0,12.4868,1150.0,290.61,6353.0,4.13,1.59,234.483036,-44.789977,12.0719,597.774,CANDIDATE
3465.01,454361389,PC,3.9563671,3.396,4330.0,,1306.0,483.791,5601.0,,,168.152378,-74.610576,12.7896,876.04,CANDIDATE
3466.01,284254253,FP,1.862908,4.562,3420.0,13.9775,3340.0,20675.8,5626.0,4.15,1.39,233.280288,-57.63528,12.8482,527.819,FALSE POSITIVE
3467.01,453289469,FP,0.7799194,1.543,1920.0,9.09676,1991.0,2609.72,5473.0,3.8,2.04,148.193703,-76.165857,12.8492,715.534,FALSE POSITIVE
3468.01,282091493,FP,3.3789946,3.332,11150.0,8.56973,1190.0,333.667,4809.0,4.51,0.82,135.291964,-75.088195,13.5709,388.495,FALSE POSITIVE
3469.01,447192619,PC,2.6566986,3.865,10670.0,17.7901,2022.0,2780.14,6823.0,4.16,1.67,250.478927,-62.143614,12.5805,885.345,CANDIDATE
347.01,224271611,PC,4.040003,1.0528611,1577.506576,6.8572283,1370.1551938,832.9137795,5692.2,4.1,1.48298,354.48982,-36.571634,11.2043,344.084,CANDIDATE
3470.01,277538491,PC,3.2404614,1.642,15130.0,18.8972,1179.0,321.441,5823.0,4.2,1.35,163.858368,-73.337551,13.3259,782.847,CANDIDATE
3471.01,407166076,PC,8.7520247,3.602,17410.0,12.7543,911.0,114.611,5666.0,4.5,0.94,236.55223,-78.325666,12.8852,454.021,CANDIDATE
3472.01,275562670,FP,1.5810556,2.437,33340.0,13.941,1780.0,1668.68,5985.0,4.72,0.76,240.53688,-52.034811,13.5159,409.504,FALSE POSITIVE
3473.01,406861922,PC,4.0358074,2.667,11250.0,17.8847,1316.0,498.733,6599.0,4.19,1.56,226.825037,-79.364112,13.0656,1014.58,CANDIDATE
3474.01,274367763,PC,3.8795023,3.647,12260.0,14.0735,1437.0,709.036,6048.0,4.29,1.26,233.503348,-47.96366,11.9672,420.123,CANDIDATE
3475.01,403507814,PC,2.7812908,3.208,11930.0,18.2165,1998.0,2647.01,7560.0,4.26,1.63,230.90908,-76.895744,12.2587,904.833,CANDIDATE
3476.01,272983172,PC,4.3205081,2.51,13290.0,14.5156,1436.0,706.863,7627.0,4.51,1.23,237.008308,-50.692487,12.6718,644.3,CANDIDATE
3477.01,402391147,PC,3.3626798,3.771,11000.0,14.2118,1620.0,1144.81,6165.0,4.22,1.39,247.673739,-65.228893,13.4138,982.497,CANDIDATE
3478.01,255909950,PC,1.82856,2.961,17750.0,20.4999,1871.0,2034.63,6078.0,4.13,1.53,258.660861,-67.302622,12.3282,657.544,CANDIDATE
3479.01,402219289,PC,2.1970052,2.966,7470.0,12.6118,1623.0,1152.76,5636.0,4.1,1.47,220.123399,-76.170905,13.4326,880.221,CANDIDATE
348.01,70785910,PC,0.4947938,0.9449038,2913.5611564,8.7665514,2849.8678213,15589.0579756,5879.0,4.11,1.5121,1.583584,-30.336391,12.2494,607.923,CANDIDATE
3480.01,254909777,PC,2.1301227,2.646,16130.0,,1590.0,1062.41,5830.0,,,237.663693,-43.121384,12.4119,805.466,CANDIDATE
3481.01,396316939,PC,4.9214799,2.425,3710.0,,903.0,110.739,5055.0,,,212.3461,-73.535099,12.8719,438.015,CANDIDATE
3482.01,254629854,FP,0.9714298,1.251,1650.0,8.81333,1981.0,2557.87,6495.0,3.89,2.18,236.542661,-43.368223,10.7989,492.34,FALSE POSITIVE
3483.01,395926728,PC,1.4466788,1.529,4410.0,12.978,1699.0,1386.27,5881.0,3.95,1.81,210.024916,-77.911571,12.8749,884.446,CANDIDATE
3484.01,221882319,PC,5.1890769,5.011,6810.0,15.2719,1510.0,863.316,6195.0,4.0,1.81,249.488321,-58.780443,11.5616,534.304,CANDIDATE
3485.01,394672497,PC,11.8413467,2.865,770.0,2.20757,574.0,18.0311,4554.0,4.52,0.77,201.749736,-73.594247,9.6181,56.8792,CANDIDATE
3485.02,394672497,PC,6.0379203,2.297,469.0,1.49811,763.0,56.3052,4554.0,4.52,0.77,201.749736,-73.594247,9.6181,56.8792,CANDIDATE
3486.01,221861843,PC,2.217782,1.421,15050.0,10.4759,946.0,133.224,4841.0,4.52,0.81,249.443203,-59.305108,11.4867,154.715,CANDIDATE
3487.01,301160638,APC,16.0085751,4.452,14340.0,19.3218,976.0,150.886,5992.0,4.34939,1.08,255.113012,-67.781031,10.1862,173.108,CANDIDATE
3488.01,394570569,PC,6.9625419,4.564,1030.0,2.97636,1214.0,360.794,5727.0,4.5,0.95,201.174749,-72.676459,11.7789,278.915,CANDIDATE
3489.01,221785300,PC,3.7833369,3.386,11530.0,13.3743,1222.0,370.391,5266.0,4.21,1.23,248.914759,-54.855257,11.7185,297.152,CANDIDATE
349.01,382474101,FP,2.6520851,3.56,10880.0,,,,6054.0,4.29,,12.274291,-52.046528,10.179,216.661,FALSE POSITIVE
3490.01,394492339,PC,9.1317488,2.448,35470.0,14.7541,636.0,27.2956,5198.2,4.63,0.75,155.199044,-78.832021,12.5911,271.578,CANDIDATE
3491.01,208719443,PC,2.4038651,3.549,32410.0,22.3961,,1441.91,5961.0,,1.21,245.267413,-59.510555,11.8844,377.32,CANDIDATE
3492.01,81077799,PC,9.2224171,5.296858,3109.7617072,15.6527771,1477.1119659,1125.057365,6332.0,3.7075,2.5926199,166.636671,-53.73198,8.4504,201.957,CANDIDATE
3493.01,203377303,PC,8.159487,4.3972747,757.1865282,3.3709444,1000.5192324,236.8223938,5860.0,4.29672,1.2115099,205.799033,-22.585444,8.7028,96.7224,CANDIDATE
3494.01,165827520,PC,7.748612,1.3743369,5124.9808086,2.2168828,351.9088621,3.6244475,3230.0,4.91717,0.307821,204.391966,-37.183458,12.295,33.7173,CANDIDATE
3495.01,272167060,PC,8.4130034,2.5601309,490.4350481,4.3741604,1335.6413065,752.108278,6529.0,3.99995,1.92409,187.429331,-58.24013,8.734,172.372,CANDIDATE
3496.01,448358913,PC,1.5505494,1.356,1576.0,8.21753,2588.0,7457.95,,,2.02,158.743551,-52.777606,10.3363,656.87,CANDIDATE
3498.01,310294189,PC,4.8768783,4.024,3800.0,4.71563,1154.0,295.298,4562.0,4.54562,0.75,185.1383,-62.401609,12.0475,165.222,CANDIDATE
3499.01,446370039,PC,4.5992844,8.1684205,3654.1353754,19.0560523,1905.2568703,3114.1185902,5695.0,3.45316,3.1233001,155.79732,-52.750212,11.5226,748.181,CANDIDATE
350.01,199731190,APC,2.5130547,1.796,5050.0,8.55709,1659.0,1258.82,5635.0,4.41,0.85,21.292047,-47.262831,12.3856,341.681,CANDIDATE
3500.01,443666343,PC,7.3436151,3.8475431,1314.7094959,3.996537,928.2392842,175.4529921,5406.0,4.32992,1.0980901,186.816884,-29.832996,10.8298,195.884,CANDIDATE
3500.02,443666343,PC,,7.9079384,8094.9889377,10.6445904,741.7781718,71.5512456,5406.0,4.32992,1.0980901,186.816884,-29.832996,10.8298,195.884,CANDIDATE
3501.01,98957720,APC,15.3502505,2.87,26220.0,19.2152,750.0,52.6633,5782.5,3.92,1.0,181.000805,-28.325347,10.7413,206.21,CANDIDATE
3502.01,452281203,PC,3.4468018,1.059593,3745.6837264,9.8310336,1835.4167797,2682.0062952,7853.0,4.33241,1.5443701,174.043143,-56.624175,11.4712,627.463,CANDIDATE
3503.01,459850897,PC,1.1882549,2.4231243,2971.3418778,12.1227001,2961.4012649,18176.4904225,8405.0,4.25145,1.78789,163.714472,-58.569285,10.2726,456.891,CANDIDATE
3504.01,117689799,FP,2.1570462,2.3436622,17928.3672773,14.5949243,1448.8262904,1041.3249499,5863.0,4.42,1.04535,300.735006,24.435135,11.6006,299.999,FALSE POSITIVE
3505.01,390988385,PC,2.9151556,2.004,2910.0,7.4578,,504.746,6220.0,,1.34,297.043476,18.698914,10.9372,373.477,CANDIDATE
3506.01,102159710,PC,4.4961387,3.5068675,10767.3313678,12.7988183,1159.2289516,426.7739259,5554.0,4.28,1.18466,299.224223,31.42271,12.8624,528.922,CANDIDATE
3507.01,86451883,FP,1.7561019,2.858,11010.0,8.43478,1571.0,1012.39,4896.0,4.52,0.81,298.561279,32.425717,13.3911,378.906,FALSE POSITIVE
3508.01,278968371,FP,1.2997811,2.35,7140.0,13.6803,2068.0,3036.53,6053.0,4.08,1.61,290.079022,21.371475,12.4162,535.034,FALSE POSITIVE
3509.01,244912396,PC,5.1108509,4.36,15900.0,,1107.0,249.397,4916.0,,,302.196738,25.453674,13.0815,1017.59,CANDIDATE
3510.01,57753734,PC,2.8724894,2.772,13480.0,13.1718,1387.0,614.779,5752.0,4.37,1.1,296.354017,30.779967,12.7595,518.905,CANDIDATE
3511.01,416368336,APC,1.0848133,1.074,14120.0,12.3151,1148.0,289.23,4670.0,4.32,0.99,287.275134,28.362632,13.4539,427.611,CANDIDATE
3512.01,40779013,FP,1.7113115,1.562,9840.0,,1740.0,1522.7,6845.2,,,293.480154,34.573742,11.8744,611.126,FALSE POSITIVE
3513.01,244487927,PC,2.9817237,2.919,4970.0,15.4413,1937.0,2338.63,7717.5,,2.14,301.224694,25.009637,12.5001,,CANDIDATE
3514.01,1870990135,PC,1.5039495,1.857,25120.0,17.3816,1619.0,1141.17,5623.0,4.54,0.95,295.556776,32.614099,12.8953,413.169,CANDIDATE
3515.01,198725468,PC,3.0415724,3.602,6090.0,10.3727,,1021.58,5814.1,,1.3,284.513463,28.93787,12.1831,508.733,CANDIDATE
3516.01,30254887,PC,2.501531,1.887,2980.0,20.1829,1947.0,2388.65,5823.0,4.06,1.58,288.973752,30.609158,11.2292,378.28,CANDIDATE
3517.01,123007594,PC,3.3687307,2.645,13270.0,13.6378,1248.0,403.813,5727.0,4.3,1.18,278.705159,44.758806,13.4486,775.36,CANDIDATE
3518.01,1712954983,PC,2.9661661,2.068,19190.0,16.476,1122.0,263.25,5436.0,,1.17,288.773993,30.785472,13.3015,7470.05,CANDIDATE
3519.01,417129824,PC,3.500869,3.84,6230.0,13.3258,1531.0,913.394,5870.0,4.01,1.69,308.077998,21.34507,12.0676,618.938,CANDIDATE
352.01,47423120,APC,11.6235,2.783,44708.7,20.7208,661.0,31.7369,5518.0,4.34,0.89,342.067547,-24.838685,11.014,183.391,CANDIDATE
3520.01,120101789,PC,3.0086349,3.034,8530.0,13.7329,1495.0,831.069,5984.0,4.15,1.46,284.083969,38.584869,13.3539,966.909,CANDIDATE
3521.01,429036977,PC,3.0002348,0.496,8920.0,,697.0,39.1931,5757.3,,,316.939742,31.780951,12.561,761.867,CANDIDATE
3522.01,106224627,PC,3.3412415,1.938,12360.0,10.2542,993.0,161.632,5285.0,4.48,0.9,301.079595,34.398801,12.9096,383.487,CANDIDATE
3523.01,417047499,PC,2.304583,3.457,10800.0,16.9661,1970.0,2500.98,6562.0,4.18,1.58,304.283458,42.906534,12.1042,645.294,CANDIDATE
3524.01,106224626,FP,3.3418892,2.084,24860.0,13.4003,928.0,123.578,4874.0,4.53,0.8,301.078777,34.398008,13.4979,380.532,FALSE POSITIVE
3525.01,373576942,FP,0.8912218,1.846,9160.0,15.1782,2274.0,4445.59,6245.0,4.12,1.59,320.427977,37.822833,12.8424,891.899,FALSE POSITIVE
3526.01,89876424,FP,1.5380702,2.226,8770.0,18.9812,1862.0,1996.94,6125.0,3.87,2.06,301.520846,34.315352,13.3403,1277.4,FALSE POSITIVE
3527.01,355748785,PC,1.755115,2.3819547,7747.1683435,33.1493745,2358.8436545,7316.7400883,5889.0,3.71,2.4012699,300.263522,40.577175,12.5298,974.576,CANDIDATE
3528.01,67247610,FP,1.9740614,2.1627229,19601.2829646,,1452.9285261,1053.2751311,3633.7,,,311.862231,37.117833,13.134,,FALSE POSITIVE
3529.01,326203952,PC,2.5850398,2.39,12980.0,14.2221,1360.0,568.458,5770.0,,1.2,328.059766,27.60727,12.8771,603.925,CANDIDATE
353.01,100099031,PC,1.2979921,2.5298876,10855.6558194,39.1860336,1687.3618388,1915.81643,4965.0,,2.63993,24.272371,-46.945342,13.4735,1367.8,CANDIDATE
3530.01,64214215,APC,1.3570332,1.161,2150.0,,3013.0,13694.3,12679.0,,,309.083635,38.916455,11.4204,897.453,CANDIDATE
3531.01,316038054,APC,3.8099858,4.3118658,13073.8770598,18.6054746,1603.7202215,1563.275145,6674.0,4.19,1.58842,321.377492,55.722936,10.711,360.072,CANDIDATE
3532.01,42484503,PC,2.4563456,2.4372041,9097.6513647,,1350.8659866,786.9915489,4908.5,,,302.324919,39.120541,12.5112,,CANDIDATE
3533.01,313408643,PC,4.3167817,2.75,8360.0,,1037.0,192.446,5276.4,,,308.562722,35.395056,11.9114,,CANDIDATE
3535.01,304514922,PC,1.9115371,2.647,11380.0,,,,,,,315.638041,41.923195,13.4268,748.729,CANDIDATE
3536.01,27844066,FP,1.8532983,1.197,10790.0,,1304.0,480.295,6292.8,,,296.414319,51.161973,12.5299,777.748,FALSE POSITIVE
3537.01,294599100,FP,5.6133922,1.424,15850.0,15.2695,861.0,91.3894,5848.0,4.41,1.07,302.284347,49.154874,12.6275,449.327,FALSE POSITIVE
3538.01,27459498,PC,7.3105415,3.1,8940.0,15.0553,1068.0,216.462,6353.0,4.14,1.58,295.328172,48.162655,13.0197,999.475,CANDIDATE
3539.01,294594423,PC,6.0978165,3.402,15220.0,14.2859,1143.0,283.742,6255.0,4.44,1.11,302.078689,48.198605,13.1383,649.212,CANDIDATE
354.01,100097716,APC,3.0002084,1.7,8545.0,25.2021,1471.0,777.419,5767.0,4.15,1.41,24.047859,-42.303706,11.3534,366.824,CANDIDATE
3540.01,17865622,CP,3.1198404,1.7646723,8016.8009531,12.1758,1324.8877848,728.1777183,6011.2,,1.13476,328.911371,28.1795,10.9541,,CONFIRMED
3541.01,291147951,FP,2.5313956,3.128,9640.0,23.2858,2166.0,3659.88,5854.0,4.36,1.13,310.121327,25.336895,13.3888,721.677,FALSE POSITIVE
3542.01,16187321,FP,4.2021893,2.742,9310.0,14.1363,1332.0,523.564,6702.0,4.29,1.42,307.376941,36.970694,11.7211,503.905,FALSE POSITIVE
3543.01,275887811,PC,6.481666,3.35,12000.0,22.7901,,1063.58,7849.0,,1.99,305.141062,42.89367,11.9344,755.648,CANDIDATE
3544.01,15460993,PC,2.2020405,1.675,11000.0,,1176.0,317.569,5276.4,,,323.205605,26.846137,12.5531,496.773,CANDIDATE
3545.01,274641986,PC,3.1872086,3.4290537,15583.7155253,21.2058311,1713.5741385,2037.6641193,6578.0,4.14,1.64157,301.314408,37.349804,11.5954,567.193,CANDIDATE
3546.01,13424053,PC,5.2019364,2.994,5830.0,9.64178,1170.0,312.039,6111.0,4.29,1.27,305.517342,41.255055,12.1833,500.216,CANDIDATE
3547.01,274075364,PC,4.1632657,1.874,16500.0,17.3522,846.0,85.347,5145.0,4.12,1.34,304.765094,39.595575,13.3673,644.514,CANDIDATE
3548.01,271167979,FP,0.3093954,0.442,7680.0,15.7244,1789.0,1703.73,4769.0,4.59,0.73,294.557985,47.783127,13.0744,287.244,FALSE POSITIVE
3549.01,269269740,FP,1.8639309,3.297,3640.0,14.7339,3289.0,19428.3,6527.4,4.18,1.57,299.872379,45.499591,12.5769,769.611,FALSE POSITIVE
355.01,183593642,APC,1.0372587,0.9802399,1097.7645947,4.6818337,2118.4620452,4759.9649159,6049.0,4.25,1.3164999,17.888208,-36.709119,10.9767,313.032,CANDIDATE
3550.01,248058363,PC,1.1239202,0.824,1100.0,8.30438,1749.0,1555.17,7786.1,4.08,2.06,325.383163,29.91356,10.813,632.507,CANDIDATE
3551.01,247283596,PC,3.1940809,3.706,3380.0,12.9018,1741.0,1528.03,6417.0,3.85,2.24,314.510904,25.540404,11.6084,680.464,CANDIDATE
3552.01,247283054,PC,0.9277787,0.997,3020.0,13.2413,1638.0,1195.25,6123.0,3.74,2.42,314.545327,25.898469,12.2196,885.672,CANDIDATE
3553.01,239628993,PC,1.9410635,1.771526,4846.7705905,11.8231228,1750.0498731,2216.7805559,6497.2,,1.46336,325.603811,29.869375,11.0414,398.925,CANDIDATE
3554.01,239585909,PC,1.6127665,1.717,9630.0,,1821.0,1829.12,5359.2,,,321.482979,34.424583,13.3219,,CANDIDATE
3555.01,233415701,PC,5.271813,4.104,20390.0,10.3325,1272.0,435.707,5947.6,,0.73,302.24715,56.508168,13.2883,798.449,CANDIDATE
3556.01,230840853,APC,4.118418,2.232,13140.0,17.7065,1178.0,320.761,6374.0,4.19,1.5,312.536937,29.983516,12.7054,795.26,CANDIDATE
3557.01,271042173,FP,0.476873,1.135,1930.0,16.2032,2388.0,5402.97,5877.0,,3.57,294.487932,46.002151,11.857,447.387,FALSE POSITIVE
3558.01,195750008,PC,2.5650361,2.273,9190.0,13.0681,1441.0,717.151,5866.0,4.21,1.34,314.577184,36.440693,13.2016,772.831,CANDIDATE
3559.01,184468386,PC,2.5402287,2.3204775,8272.7904433,16.3917196,1939.0,7355.9058604,9339.0,4.41,1.5968,296.381383,39.959925,11.5948,813.322,CANDIDATE
356.01,369336146,PC,5.7694373,3.9249606,4655.9610935,11.9640451,1230.8833686,542.4861018,5499.0,4.01,1.5989701,6.070055,-37.222035,13.0524,835.557,CANDIDATE
3560.01,184295571,PC,1.9804293,2.802,1830.0,10.1264,3107.0,15472.4,6381.0,4.32,1.29,296.063483,40.30857,10.7978,297.852,CANDIDATE
3561.01,172754786,FP,4.1273472,2.74,18840.0,20.1447,1582.0,1041.76,7795.0,4.39,1.44,299.809982,38.393653,12.8903,1067.6,FALSE POSITIVE
3562.01,193708920,FP,1.3298469,3.007,2190.0,6.98364,3735.0,32313.0,5791.1,4.69,0.81,306.256232,46.923098,11.9635,289.309,FALSE POSITIVE
3564.01,193482096,PC,4.0875563,4.550493,15662.5623222,19.9932642,1626.8581476,1655.4640288,6454.0,4.26,1.55158,305.940369,46.103142,12.2617,737.575,CANDIDATE
3565.01,1965256662,FP,4.3170598,2.879,10240.0,12.9424,1215.0,361.994,6017.0,4.29,1.25,308.561885,35.395204,11.9683,440.708,FALSE POSITIVE
3566.01,169187982,FP,1.764534,2.187,27120.0,23.84,2124.0,3379.0,6479.0,4.4,1.2,297.295912,38.857228,13.33,845.721,FALSE POSITIVE
3567.01,452658846,PC,1.9990323,1.19,12390.0,12.7486,1098.0,241.443,5675.0,4.38,1.07,318.104487,29.844788,12.8649,516.364,CANDIDATE
3568.01,160390955,CP,4.4178042,2.5881434,6790.1682056,6.4020317,861.4483375,130.1481354,4864.0,4.55,0.785799,322.602368,34.739581,12.0729,197.906,CONFIRMED
3569.01,436314778,PC,4.5956692,3.424,11760.0,14.2314,,485.021,6157.0,,1.3,307.013306,26.401654,11.0161,284.927,CANDIDATE
357.01,220016044,FP,0.9399664,1.122492,587.9364245,6.6149456,3122.4488768,22464.7891996,6300.3,3.72,2.5465,32.321881,-48.48474,10.3987,480.322,FALSE POSITIVE
3570.01,136122328,PC,2.1083693,2.974,9250.0,13.1161,3226.0,17992.5,10984.0,4.64,1.35,305.46164,34.126027,13.1749,991.273,CANDIDATE
3571.01,2010186093,PC,3.007925,3.032,7760.0,15.3022,1704.0,1401.91,7457.0,4.14,1.68,328.455439,47.392259,11.5752,654.254,CANDIDATE
3572.01,1976308113,FP,2.7568649,2.312,18380.0,,,,,,,314.895323,52.396406,13.0852,425.989,FALSE POSITIVE
3573.01,407905370,PC,9.8170028,3.341,6510.0,12.7271,1043.0,196.707,5994.3,4.13,1.49,336.998619,38.28595,11.438,412.387,CANDIDATE
3574.01,407694390,PC,3.6691817,2.112,9890.0,,891.0,104.96,4675.9,,,326.599217,41.681578,13.2036,302.734,CANDIDATE
3575.01,407658979,PC,8.084554,1.991,6180.0,14.1848,990.0,159.573,5739.0,4.33,1.15,326.473232,36.247629,12.1357,399.524,CANDIDATE
3576.01,405897415,PC,4.6387689,3.569,11400.0,13.0535,1153.9361568,340.838,5543.7,4.27,1.2,300.917036,52.080676,12.9084,582.817,CANDIDATE
3577.01,396133015,CP,5.2667367,2.788,2910.0,8.71675,1106.0,248.814,5938.0,4.06,1.6,327.095917,48.334399,11.3209,420.999,CONFIRMED
3578.01,358186451,FP,1.3176767,1.692,530.0,4.16809,2137.0,3463.78,7176.0,4.16,1.73,317.124796,49.112843,10.9683,460.849,FALSE POSITIVE
3579.01,316606244,FP,3.310636,3.9,590.0,,935.0,126.954,3245.0,,,322.029218,56.823139,10.9511,4982.73,FALSE POSITIVE
358.01,321982642,PC,9.10326,1.928,14080.0,26.9344,781.0,61.7667,5467.0,4.26,1.21,3.061189,-47.355422,12.8895,579.028,CANDIDATE
3580.01,305478010,FP,3.121339,4.331,26300.0,9.21314,1091.0,235.634,3858.0,4.69,0.56,330.271302,38.530284,13.2966,153.214,FALSE POSITIVE
3581.01,295413003,FP,3.0373017,4.664,6290.0,,2095.0,3202.79,4903.0,,,303.369006,53.276849,12.9875,,FALSE POSITIVE
3582.01,290308758,PC,4.4168832,3.659,11250.0,14.9431,1314.0,495.827,5847.0,4.16,1.42,307.292565,50.076925,12.7937,624.477,CANDIDATE
3583.01,289895191,PC,5.2462501,5.702662,8285.7164803,,1048.9603973,286.1260306,3882.0,,,315.8822,48.687895,12.066,,CANDIDATE
3584.01,289100911,PC,2.7567478,2.167,9790.0,,,,,,,314.895418,52.396108,12.4109,359.363,CANDIDATE
3585.01,287591638,PC,3.5410781,2.062,3020.0,4.63661,906.0,112.33,4652.0,4.48,0.82,326.807138,34.646627,11.2287,130.802,CANDIDATE
3586.01,286080865,PC,11.3201226,3.276,31070.0,12.7584,640.0,28.0204,4971.0,4.61,0.74,310.219074,50.922722,12.3944,232.183,CANDIDATE
3587.01,267373896,PC,4.1584817,3.796,7650.0,16.4644,,1630.09,7486.0,,1.87,316.834683,49.431813,11.5199,497.23,CANDIDATE
3588.01,265242905,PC,3.7037478,4.403,4210.0,14.1169,1935.0,2328.97,6688.0,3.91,2.2,308.308351,50.926837,12.3142,1023.15,CANDIDATE
3589.01,260761464,PC,3.0827487,3.763,14750.0,20.1593,2054.0,2957.04,7658.5,4.28,1.61,326.392082,39.495055,11.528,574.124,CANDIDATE
359.01,80432617,PC,16.45209,6.461,3320.0,8.62362,,,5573.0,3.89,1.85,11.673176,-42.361791,12.3409,715.834,CANDIDATE
3590.01,236638487,APC,4.4064273,1.422,5280.0,14.7596,983.0,155.508,6592.0,4.04,1.86,329.279291,31.452973,12.3705,911.211,CANDIDATE
3591.01,190479710,PC,8.4843917,4.224,5630.0,13.159,1243.0,396.459,5859.7,4.03,1.65,325.190963,43.529775,12.8224,597.467,CANDIDATE
3592.01,162387333,PC,5.5280331,5.153,1850.0,9.24388,1487.0,811.914,,,2.11,332.122967,33.349296,12.231,465.275,CANDIDATE
3593.01,162289289,PC,3.8212977,2.4584304,13607.9927553,11.6869491,1087.6474599,330.730008,5342.0,4.41,0.992137,331.506364,34.211658,11.488,226.63,CANDIDATE
3594.01,162179096,PC,9.3236885,2.0,12730.0,13.41,631.0,26.3577,5505.0,4.3,1.15,331.162387,32.537015,13.2319,631.413,CANDIDATE
3596.01,352690548,PC,4.9056578,3.172,9475.0,9.37482,1211.0,357.504,5989.7,4.47,1.01,356.128305,36.361717,12.8277,527.73,CANDIDATE
3598.01,352469839,PC,3.7026941,1.884,13130.0,20.0,1343.0,540.162,6282.0,4.17,1.5,306.049504,59.27843,12.9723,792.835,CANDIDATE
3599.01,194461202,PC,3.2523102,2.711,11410.0,9.6972,1231.0,382.391,5396.4,4.5,0.9,4.094988,38.298531,13.2597,481.258,CANDIDATE
360.01,13023738,FP,8.0635,3.396,5180.0,24.3071,1390.0,621.088,5657.0,3.97,1.71,347.08487,-29.590446,12.2524,646.707,FALSE POSITIVE
3600.01,343726435,PC,5.016641,3.203,10347.0,17.7733,1310.0,489.828,6616.0,4.05,1.83,316.383909,56.504367,12.9025,607.523,CANDIDATE
3601.01,191202679,PC,4.0517972,2.84,6256.0,11.2646,1321.0,506.135,6284.0,4.2,1.45,8.701208,45.387414,12.4226,694.069,CANDIDATE
3602.01,331146317,PC,2.3874731,2.8056588,14252.9367639,15.9427336,1661.0534911,1799.1007103,6566.0,4.36,1.27379,325.972143,54.574269,11.7506,432.426,CANDIDATE
3603.01,13961554,PC,1.2678043,0.893,8549.0,8.74635,1186.0,328.939,5303.0,4.49,0.9,13.719844,24.724075,13.2666,470.579,CANDIDATE
3604.01,330135981,PC,1.0666963,1.7165498,19028.8653052,,1783.8643732,2393.1412334,4893.1,,,333.501055,56.918981,11.7344,,CANDIDATE
3605.01,329373799,PC,3.6554335,3.699,9680.0,15.7486,1568.0,1005.1,6321.0,4.15,1.56,332.715604,54.481231,11.789,526.417,CANDIDATE
3606.01,315907220,PC,9.312167,4.867,15226.0,,918.0,118.249,3979.0,,,321.24506,57.666632,12.6864,,CANDIDATE
3607.01,277505161,PC,3.5884855,2.481,6810.0,,,,,,,310.704952,58.514945,13.1142,,CANDIDATE
3608.01,267867517,FP,2.6816329,2.695,3100.0,13.2689,1829.0,1859.62,7047.0,3.89,2.34,312.456261,56.896568,13.1802,1162.86,FALSE POSITIVE
3609.01,267861788,PC,6.3854622,3.682,6720.0,9.57629,1064.0,213.106,5519.0,4.29,1.17,312.382517,59.710013,12.796,474.723,CANDIDATE
361.01,144276942,APC,1.5351652,0.9492628,2977.6306495,6.8350786,1040.9776611,277.5151143,4215.0,4.59,0.744573,353.903687,-44.808809,11.9699,123.083,CANDIDATE
3610.01,267484653,FP,1.7384809,2.6777485,3882.8974217,12.9358521,1915.6210676,3182.4341084,5540.0,3.95,1.72093,298.705925,58.301643,12.3512,640.122,FALSE POSITIVE
3611.01,252549844,PC,3.0789699,3.709,9695.0,15.4449,1679.0,1319.62,6153.0,4.08,1.64,344.964568,50.681902,12.9106,885.434,CANDIDATE
3613.01,233795794,PC,3.1493729,2.708,18830.0,13.6409,1293.0,465.25,5766.0,4.49,0.96,303.361066,58.799138,13.1431,544.531,CANDIDATE
3614.01,233831759,FA,2.9708603,3.122,4020.0,,,,,,,303.777678,59.676573,11.171,,FALSE POSITIVE
3615.01,173711153,PC,3.1315583,3.737,5140.0,11.2819,1589.0,1058.47,5684.0,3.99,1.69,349.417344,44.648308,12.7295,722.103,CANDIDATE
3616.01,173298412,PC,2.4188647,2.5,5441.0,20.8975,1903.0,2177.78,7316.0,3.73,2.9,346.752412,47.044576,12.0526,1284.85,CANDIDATE
3617.01,173176491,PC,3.2337884,2.102,9188.0,15.3732,1219.0,366.758,6065.0,4.06,1.64,346.125597,45.324754,12.6627,749.393,CANDIDATE
3618.01,65981892,PC,3.4898546,1.567,14004.0,14.1029,1005.0,169.429,6083.0,4.34,1.2,340.514856,52.343679,12.7362,588.794,CANDIDATE
3619.01,64938667,PC,3.1988858,3.4044306,12106.5704512,19.4201044,1673.2690337,1852.610398,6133.0,4.04,1.7076499,338.755425,54.07911,13.1611,924.04,CANDIDATE
362.01,305048116,PC,14.2337615,2.5070875,4283.0743607,6.823525,751.8284274,75.5085226,5692.0,4.41,1.03392,353.23837,-28.319813,12.5633,451.998,CANDIDATE
3620.01,620780629,PC,4.8893985,2.848,6907.0,12.8723,1081.0,227.422,5639.0,4.02,1.62,20.799194,33.24341,12.8069,763.466,CANDIDATE
3621.01,435861696,FP,5.6902814,2.344,21290.0,12.9495,925.0,121.736,5400.1,,0.86,11.88786,21.938552,12.0,,FALSE POSITIVE
3622.01,432761635,PC,3.2131823,3.325,13772.0,13.6367,1450.0,734.312,5688.6,4.22,1.3,14.164419,39.891611,13.2595,773.542,CANDIDATE
3623.01,422881018,PC,5.7456862,3.339,9441.0,10.8845,1117.0,258.608,5867.3,4.31,1.19,16.179358,40.614962,13.1948,736.788,CANDIDATE
3624.01,414922696,PC,7.6460931,3.508,3132.0,8.25522,1056.0,206.451,6065.0,4.15,1.49,15.193796,15.166164,11.8728,484.093,CANDIDATE
3625.01,1980725947,PC,2.9708659,3.4295536,11761.9984291,14.8135617,1495.2487083,1181.3395539,6122.0,4.27,1.30269,303.777268,59.67691,12.373,556.008,CANDIDATE
3626.01,398912927,FP,19.8875338,1.34,3020.0,13.605,565.0,17.0243,5856.2,4.07,1.57,18.55398,19.470441,10.8154,318.244,FALSE POSITIVE
3627.01,1979500576,FP,2.6342729,3.998,3190.0,,,,,,,314.040517,57.708367,12.2546,272.628,FALSE POSITIVE
3628.01,238624131,PC,3.4945148,2.555,8254.0,11.03,1215.0,362.88,5699.0,4.29,1.2,12.866044,47.662806,11.6203,332.852,CANDIDATE
3629.01,455784423,CP,3.9365629,2.19,15461.0,8.09927,706.0,41.2897,3689.0,4.64,0.61,359.793385,39.314256,12.7882,130.091,CONFIRMED
363.01,262530780,APC,8.22388,1.834,16190.0,12.4698,618.0,24.2523,5177.0,4.39,0.99,20.547265,-44.862146,12.9465,440.102,CANDIDATE
3631.01,429414530,FP,2.6340964,3.477,2250.0,4.1106,1601.0,1091.48,5163.2,,0.83,314.040512,57.708379,11.963,,FALSE POSITIVE
3632.01,186292194,PC,3.2403602,3.216,9687.0,12.8678,1627.0,1165.99,6605.4,4.31,1.36,17.093448,37.700652,12.1665,635.54,CANDIDATE
3633.01,429218084,PC,2.5266409,1.502,2690.0,18.3972,1463.0,761.094,7233.0,3.54,3.6,313.317214,58.094593,12.2391,1246.16,CANDIDATE
3634.01,80478272,FP,5.0859432,2.57,7091.0,13.8966,,756.586,6360.4,,1.48,12.569587,27.568806,11.224,364.172,FALSE POSITIVE
3635.01,428003305,PC,1.8048106,4.3641932,4555.9682539,14.8028768,2238.402212,5932.9885061,5972.0,3.81,2.1619599,349.3018,44.612336,12.7382,1013.06,CANDIDATE
3637.01,370981403,PC,3.7330471,5.863,22330.0,,1705.0,1403.06,5579.5,,,329.231607,53.826531,12.9487,1178.63,CANDIDATE
3638.01,47094691,PC,4.9276886,1.7461195,13381.8682851,21.6677618,1062.6576955,301.3662182,5263.0,4.27,1.1462801,23.442763,17.826631,12.5931,425.321,CANDIDATE
3639.01,365447203,PC,5.7208592,3.034,15720.0,14.6233,1038.0,193.036,5856.0,4.36,1.13,327.74025,58.840391,13.201,577.097,CANDIDATE
364.01,47425697,PC,0.4941631,0.916,536.0,3.325,,3757.98,6219.7,,1.33,342.25617,-24.959295,10.4913,265.729,CANDIDATE
3640.01,200917197,PC,1.2205315,1.867,3898.0,43.2978,3910.0,38806.5,8273.0,3.66,3.49,54.53824,40.475552,12.1395,2005.29,CANDIDATE
3641.01,192878624,PC,5.7361495,4.718,11834.0,,1278.0,443.162,5668.6,,,49.858978,44.746406,13.3405,938.451,CANDIDATE
3642.01,186614891,PC,4.084447,1.829,20681.0,14.1047,883.0,101.257,5458.0,4.45,0.96,45.148251,39.93511,12.5822,379.963,CANDIDATE
3643.01,453230066,FP,1.5492212,2.287,1420.0,6.80431,2685.0,8634.8,8364.0,4.25,1.78,23.992574,54.716441,10.9469,635.734,FALSE POSITIVE
3644.01,445496795,PC,1.831733,2.006,2188.0,12.5113,1975.0,2527.3,7308.0,3.79,2.7,29.742342,56.85776,12.1497,1204.71,CANDIDATE
3645.01,184733148,PC,2.959842,2.53,11248.0,12.6502,1273.0,436.937,5585.0,4.33,1.13,33.088189,36.332272,12.851,541.244,CANDIDATE
3646.01,445407434,PC,2.1795448,2.523,24110.0,21.4131,1515.0,875.049,5840.0,4.15,1.42,14.672609,57.590065,13.3858,813.253,CANDIDATE
3647.01,149855074,PC,3.1116107,2.729,2590.0,,,,,,,44.794835,37.635422,12.3524,355.329,CANDIDATE
3648.01,433144048,PC,2.923461,3.379,5092.0,15.738,1643.0,1209.83,5858.5,3.7,2.4,40.715235,39.578934,13.0449,1354.64,CANDIDATE
3649.01,139559780,PC,3.2637419,1.977,8150.0,13.3617,1186.0,328.681,6016.1,4.18,1.42,40.216356,36.107789,13.137,879.147,CANDIDATE
365.01,118586896,APC,12.11028,3.335,35060.0,34.1747,856.0,89.3226,5808.0,4.23,1.29,10.922368,-38.043213,13.2642,821.517,CANDIDATE
3650.01,139507260,PC,1.7556768,2.071,12260.0,13.529,1520.0,888.169,5670.5,,1.19,39.548888,39.278651,13.321,726.26,CANDIDATE
3651.01,415976665,PC,1.5244603,1.665,1648.0,14.6878,2356.9493582,13258.6,6714.1,4.06,1.85,34.562558,44.087989,11.4822,626.174,CANDIDATE
3652.01,116848450,PC,3.4796904,3.691,3796.0,16.6632,1784.0,1684.37,6841.0,3.66,2.97,46.770809,49.010302,11.7419,928.908,CANDIDATE
3653.01,410552165,PC,4.6017262,1.471,14162.0,13.5575,851.0,87.4587,5981.0,4.38,1.12,27.528548,49.104842,13.0006,622.117,CANDIDATE
3654.01,396556650,PC,2.277182,1.675,5220.0,8.26117,1241.0,394.584,5622.0,4.34,1.12,39.357061,42.971222,12.7096,500.459,CANDIDATE
3655.01,94609570,APC,3.3325651,2.146,12600.0,24.4764,,1100.44,6229.9,,1.5,59.643577,30.866365,12.1904,535.52,CANDIDATE
3656.01,77258279,PC,5.5122277,2.82,10785.0,12.2781,998.0,165.052,5587.5,4.29,1.18,40.856559,32.557986,13.1951,613.169,CANDIDATE
3657.01,381544766,PC,4.0898871,2.736,30000.0,15.4339,1240.0,392.925,6191.8,,1.11,30.003263,38.529964,12.328,1136.97,CANDIDATE
3658.01,71854732,FP,3.1004285,3.513,12784.0,,3188.0,17168.8,8951.0,,,26.29741,54.559653,12.6532,,FALSE POSITIVE
3659.01,374778982,FP,2.3882776,3.102,12572.0,18.5453,1950.0,2401.38,5097.0,4.5,0.87,31.750309,55.178785,13.4977,441.614,FALSE POSITIVE
366.01,251878904,PC,1.7025848,1.848351,7466.6719822,11.8582247,1652.5853359,1762.6925977,5504.0,4.21,1.27966,9.692072,-34.214907,13.5477,841.958,CANDIDATE
3660.01,67517533,PC,3.9497635,1.9011439,8478.1708441,18.2571108,1467.7302713,1096.7458697,6373.0,4.22,1.44338,29.513926,41.220248,12.8235,843.524,CANDIDATE
3661.01,370123525,PC,2.6480838,3.42,11090.0,,1318.5238345,714.2873204,,,,21.792202,58.96064,12.8309,,CANDIDATE
3662.01,65446983,PC,9.9908116,3.566,4620.0,13.9288,,335.88,7934.0,,2.02,54.405622,46.84287,10.7043,545.117,CANDIDATE
3663.01,354151219,FP,3.5639862,2.135,2126.0,10.1033,1451.0,737.328,6940.9,3.85,2.41,21.177329,51.671855,11.5917,774.636,FALSE POSITIVE
3664.01,348437470,PC,3.2975093,2.511,13404.0,12.8987,1204.0,349.544,5556.0,4.29,1.18,35.308494,59.711857,12.91,464.748,CANDIDATE
3665.01,65440953,PC,0.8746494,1.576,1910.0,3.71319,1740.0,1522.95,4977.4,4.54,0.81,54.214981,44.769846,12.4829,244.03,CANDIDATE
3667.01,63717709,PC,5.4439776,2.9570233,9179.0608475,16.8830792,1217.0846478,518.5661197,5717.0,4.14,1.41985,33.811901,33.229276,13.0772,740.924,CANDIDATE
3668.01,467580267,PC,0.7415247,1.196,2342.0,13.5277,1930.0,2304.37,5921.0,3.6,2.73,48.218476,35.093455,11.2959,647.3,CANDIDATE
3669.01,63470437,PC,1.2126653,1.356,5132.0,10.8168,1609.0,1112.72,5958.7,,1.51,31.602366,33.856295,13.4357,807.206,CANDIDATE
367.01,9033144,FP,4.7150255,3.302,4566.0,17.6148,1827.0,1853.5,5756.9,3.9,1.2,349.606266,-19.823843,9.74346,157.667,FALSE POSITIVE
3670.01,331854794,PC,2.1947767,2.1045072,7174.209618,13.7928815,1396.6323632,899.1857327,5601.5,4.39,1.05234,18.669659,57.077693,12.8464,477.19,CANDIDATE
3671.01,312345863,PC,1.7266138,1.067,12043.0,16.1222,1836.4094485,315.053,5972.0,4.18,1.41,12.407578,56.001551,12.9892,749.29,CANDIDATE
3672.01,50943163,FP,2.4254068,3.323,1910.0,11.0715,2552.0,7043.91,8290.0,3.95,2.51,41.904242,61.306342,11.2351,812.606,FALSE POSITIVE
3673.01,452964680,PC,2.2390796,2.781,17069.0,16.4201,1522.0,891.034,5615.0,4.21,1.29,8.722569,54.743514,13.2514,653.952,CANDIDATE
3674.01,308613965,PC,4.4619426,3.232,10390.0,13.0569,1245.0,399.27,5854.0,4.2,1.36,23.877131,50.987801,13.128,727.282,CANDIDATE
3675.01,34646336,PC,5.9577768,4.6924078,12419.1287881,12.4756295,980.6686318,218.579857,5219.0,4.29,1.12249,45.204618,27.31965,13.4326,555.939,CANDIDATE
3676.01,302470965,PC,1.9341469,1.676,9465.0,,1133.0,274.494,4828.4,,,41.946141,49.410435,13.3318,,CANDIDATE
3677.01,458876004,FP,3.6923071,1.139,14130.0,14.2002,1226.0,375.352,8469.0,4.68,1.1,35.837872,60.889963,11.9814,369.583,FALSE POSITIVE
3678.01,34551972,FP,4.8542148,5.588206,7842.3157995,18.9133256,1779.7012929,2370.8794126,7259.3,4.03,2.0394399,44.233304,28.771475,10.5873,499.255,FALSE POSITIVE
3679.01,285354178,PC,5.9664078,2.816,20351.0,12.7661,905.0,111.516,5418.0,4.51,0.89,36.126714,35.528321,12.8397,391.982,CANDIDATE
368.01,77031413,FP,1.38665,2.238,24680.0,15.5656,1652.0,1237.91,5444.0,4.48,0.93,354.170634,-34.611893,11.4996,233.586,FALSE POSITIVE
3680.01,311703724,APC,1.7054246,1.021,3781.0,14.1638,1273.0,437.196,6304.0,3.83,2.24,9.644817,54.567547,11.3584,604.837,CANDIDATE
3682.01,28961316,PC,3.3462671,3.625,4070.0,12.1727,1438.0,711.319,5501.0,3.86,1.91,50.275227,25.297266,11.3186,404.211,CANDIDATE
3683.01,264912889,PC,1.3697115,1.951,3867.0,20.6045,3261.0,18782.0,7321.3,3.99,2.15,40.958303,54.780398,11.4374,685.249,CANDIDATE
3684.01,28873762,FP,3.105654,1.999,12400.0,17.6225,1403.0,643.523,6241.0,4.2,1.44,49.792323,27.263332,13.3483,887.137,FALSE POSITIVE
3685.01,252118701,PC,4.9777448,2.891,13389.0,12.9782,1095.0,238.883,5785.0,4.29,1.21,15.754328,57.879011,13.2757,651.558,CANDIDATE
3686.01,13533330,PC,5.0778064,3.6413963,14469.3182017,14.9343184,1095.3653389,340.2177584,5262.0,4.2,1.24347,36.900563,59.952721,11.2381,255.803,CANDIDATE
3687.01,250803548,PC,4.4543921,6.186,18251.0,,1680.0,1324.64,5854.0,,,34.018303,53.108335,13.3901,907.45,CANDIDATE
3688.01,245509452,CP,3.246208,3.4201513,9405.9910446,13.2996429,1471.4303775,1107.8472213,6088.0,4.24,1.34548,39.282337,54.851215,11.8433,396.378,CONFIRMED
3689.01,241135327,PC,2.4145007,2.272,7472.5714594,15.7019,1622.0,1150.77,6391.0,4.1,1.67,30.367906,48.636524,13.1033,1043.15,CANDIDATE
369.01,175482273,PC,5.4640119,2.928,3785.0,,,,,,,351.229397,-38.160792,9.1692,126.36,CANDIDATE
3690.01,240989628,PC,10.0755592,1.066,5820.0,8.169,405.0,4.4805,4798.6,4.36,0.97,19.670217,52.699436,11.9017,219.829,CANDIDATE
3691.01,240959810,PC,3.3411398,3.244,15431.0,15.9091,1614.0,1126.75,6702.0,4.36,1.3,18.773067,53.117687,12.6772,607.498,CANDIDATE
3692.01,240864953,PC,3.3210331,4.684,10206.0,,1545.0,947.428,5218.2,,,16.813747,53.671781,13.3538,1182.39,CANDIDATE
3693.01,240823272,CP,9.0881638,3.402,24660.0,12.8974,765.0,57.0645,5211.0,4.58,0.8,15.654394,51.303892,11.419,176.436,CONFIRMED
3694.01,470822809,PC,2.5400911,1.668,4260.0,5.00683,886.0,102.529,4245.0,4.49,0.77,23.432187,59.425604,12.6639,188.226,CANDIDATE
3695.01,203096531,APC,0.6041576,1.426,4997.0,28.9099,3439.0,23230.2,6231.0,3.93,1.97,38.259928,45.285806,13.3968,1431.98,CANDIDATE
3696.01,202872757,PC,4.4236103,4.356,5831.0,13.1733,1549.0,1421.6916309,6120.1,3.96,1.86,36.719078,45.037963,12.4838,866.835,CANDIDATE
3697.01,470783598,APC,9.9441709,2.698,15252.0,22.7702,861.0,91.5833,5252.0,4.12,1.37,23.042846,54.276292,11.7635,350.16,CANDIDATE
3698.01,266425782,PC,2.3467263,4.2923576,6652.2691917,15.2126883,1890.956087,3021.6682115,6121.8,4.0,1.78044,87.883981,36.7873,12.488,741.97,CANDIDATE
3699.01,266401846,PC,3.0423931,2.7491505,10703.7246212,18.1780385,1833.1734999,2668.9183266,7046.0,4.19,1.65768,60.937413,50.236205,12.7775,770.947,CANDIDATE
370.01,251855940,PC,4.0463709,3.0383534,27706.6329031,18.1541478,1172.1290154,446.0901861,5805.0,4.41,1.05486,8.659679,-32.166578,13.5134,748.227,CANDIDATE
3700.01,417676091,PC,4.4184429,3.2423132,12333.3914621,12.8324877,1221.5897336,526.2868256,6166.0,4.41,1.11999,82.250858,68.481405,12.8166,600.806,CANDIDATE
3701.01,266213232,PC,4.2605739,2.5821706,20069.2666289,15.3220568,1110.4504109,359.3500241,5457.0,4.35,1.0759,60.362935,49.265249,13.4313,514.526,CANDIDATE
3702.01,385400633,PC,2.2842184,1.07,8675.0,,898.0,108.395,4930.6,,,49.102399,58.287744,12.4434,,CANDIDATE
3703.01,260962960,PC,3.8901335,4.0827715,6927.6783585,19.0494736,1862.711381,2845.1375927,6530.0,3.87,2.2370601,76.092396,44.334107,12.3653,786.966,CANDIDATE
3704.01,367616146,PC,1.3944879,1.8149062,12737.547033,18.0998636,1530.9212454,1298.1724908,5483.9,4.45,0.965059,72.247199,44.419431,13.3088,475.206,CANDIDATE
3706.01,252430813,PC,4.3701795,3.7808822,15001.3632154,15.4523265,1344.6689175,772.6493902,6647.1,4.4,1.23067,76.825224,59.729551,13.4223,740.11,CANDIDATE
3707.01,366311757,PC,4.9107194,4.445,8240.0,14.9335,1499.0,838.921,6302.0,4.09,1.66,75.952392,31.657874,13.2097,755.552,CANDIDATE
3708.01,251652214,PC,7.27299,4.323,13820.0,13.3662,1018.0,178.298,5400.0,4.3,1.13,46.155455,59.356926,11.9786,313.908,CANDIDATE
3709.01,356322454,PC,3.2509846,2.2931885,10852.369209,,,,,,,67.795335,59.159564,13.3033,,CANDIDATE
371.01,156016136,PC,3.4813814,2.2906804,5175.9836967,6.5778157,1080.8027122,322.4829107,5389.0,4.49,0.910221,8.923918,-50.316967,12.6635,383.318,CANDIDATE
3710.01,174826170,PC,2.4802272,3.51,8420.0,15.7506,1863.0,2003.04,6267.0,4.06,1.72,90.808637,41.649461,13.3727,1137.19,CANDIDATE
3711.01,355008856,PC,3.0108217,1.723,8840.0,18.2459,1133.0,273.596,5983.0,3.93,1.89,77.163736,66.52611,13.3125,1158.64,CANDIDATE
3712.01,354442783,PC,1.5224706,1.3423331,8545.4542713,7.53174,1279.4602071,633.3271919,4654.3,,0.8,89.243696,36.358115,13.4418,360.509,CANDIDATE
3713.01,171160885,PC,10.4401778,2.783,14120.0,11.2253,639.0,27.7794,4571.1,4.4,0.89,67.998759,32.869383,12.5021,224.513,CANDIDATE
3714.01,155867025,CP,2.1547472,1.6582238,49552.1823437,11.6102486,689.8799484,53.5321999,3538.0,4.73,0.50843,69.552342,39.458003,13.1751,112.71,CONFIRMED
3715.01,354293303,PC,2.4713543,2.3649813,8215.1143339,21.0203111,1669.7573784,1837.1071466,6351.8,,2.0498199,88.890851,39.126519,12.9238,348.661,CANDIDATE
3716.01,155351556,PC,6.0985856,6.711,29180.0,,1308.0,486.603,4740.0,,,68.005803,36.012476,12.3186,197.528,CANDIDATE
3717.01,348099535,APC,10.1182835,2.645,3120.0,10.4862,970.0,147.401,7253.0,4.13,1.82,69.965956,46.669445,11.5813,505.231,CANDIDATE
3718.01,417942201,PC,4.230596,4.263,3770.0,12.1709,1661.0,1263.61,6455.1,3.94,2.02,65.713648,41.125315,12.1578,767.821,CANDIDATE
3719.01,150074121,PC,1.2222265,1.5952613,7777.4504416,13.3612412,2250.09303,6057.9111479,6629.1,4.24,1.47816,63.286661,54.572095,12.8297,583.038,CANDIDATE
372.01,441075486,APC,1.1202752,2.095,17470.0,17.524,,4430.07,5769.7,4.42,0.99,359.759069,-15.612021,12.0312,340.037,CANDIDATE
3720.01,347051112,PC,4.7378265,1.7442136,3331.699976,20.9386989,1896.714755,3058.6451322,6533.0,3.72,2.6408801,60.696633,39.041323,11.4343,487.904,CANDIDATE
3721.01,143687316,PC,3.5411235,3.0771407,8736.2229728,10.2150358,1141.4685966,401.2147341,5151.0,4.3,1.09532,80.611594,40.425991,12.6975,416.005,CANDIDATE
3722.01,346015394,PC,1.0788649,1.9801943,32197.0916181,18.4561494,1777.1321825,2357.2189752,4920.0,,1.31,50.324844,63.732522,13.186,783.568,CANDIDATE
3723.01,3027681,PC,3.9442027,3.269,13590.0,14.6517,1453.0,741.79,6518.1,4.39,1.22,82.215093,30.227473,13.3025,787.446,CANDIDATE
3724.01,143642240,PC,,6.092,8780.0,13.5121,1348.0,549.591,6523.0,4.28,1.39,80.425878,36.274635,11.7012,438.246,CANDIDATE
3725.01,339250695,FP,4.7262208,3.2344044,9512.9165619,12.4034204,1177.5798524,454.4461913,5947.0,4.36,1.1428699,84.789937,60.424358,13.135,587.219,FALSE POSITIVE
3726.01,122695048,PC,4.8404431,2.6166045,27037.3771224,17.700332,1115.9893923,366.5736704,5925.1,4.43,1.04742,77.298277,38.228572,13.0789,491.622,CANDIDATE
3727.01,339207847,PC,13.3988634,4.3926223,6620.0882527,12.8019377,993.9098444,230.6263738,6475.0,4.23,1.46637,84.479701,64.545457,11.6439,461.037,CANDIDATE
3728.01,116257066,FP,6.5019596,3.078,7130.0,,2739.0,9344.79,13253.0,,,85.151086,34.796663,11.1843,1686.41,FALSE POSITIVE
3729.01,322160664,PC,8.1744382,2.6721445,22628.9295034,,904.8073455,158.3964604,5051.3,,,86.594255,59.521666,12.9676,,CANDIDATE
373.01,9032368,FP,1.632,1.466,5500.0,9.24379,1484.0,806.657,5997.0,4.39,1.11,355.901919,-11.26957,13.2889,741.257,FALSE POSITIVE
3730.01,417844678,PC,2.5404529,4.8434159,15551.1793793,,1614.3606628,1605.1782553,4837.0,,,64.230918,36.924112,13.1507,960.168,CANDIDATE
3731.01,115457180,APC,5.6619072,2.149,4350.0,10.5138,,518.945,6294.0,,1.37,83.891112,31.164547,11.0131,300.021,CANDIDATE
3732.01,321894059,PC,2.9594651,3.84,2460.0,17.5182,2886.0,11520.9,6633.2,3.84,2.35,84.613821,57.031425,12.4096,1033.68,CANDIDATE
3733.01,321436679,FP,2.1263167,2.6213684,7318.4567789,22.1075367,2264.6722133,6216.4494671,6361.4,3.83,2.2823701,83.140649,57.623092,12.6396,881.379,FALSE POSITIVE
3734.01,105135774,PC,2.141186,2.7636092,10052.7515924,,1443.8603659,1027.1214106,4880.9,,,79.285641,53.723458,13.3835,,CANDIDATE
3735.01,317252733,PC,3.3526843,3.9579058,11429.0738935,11.1102207,1284.4248381,643.2144362,6245.0,4.51,1.0157599,55.590143,58.295332,11.3032,278.597,CANDIDATE
3736.01,98620619,PC,2.2091186,3.2100502,11835.254258,20.0456418,2086.8817852,4482.4184345,6876.0,4.1,1.79471,79.703512,43.815936,13.3273,1280.39,CANDIDATE
3737.01,96074951,PC,5.5609997,4.204,9170.0,15.2954,1264.0,424.633,5863.0,4.07,1.58,72.427173,35.301657,11.4963,324.005,CANDIDATE
3738.01,312689217,PC,4.3847594,4.7104727,8783.8532254,17.2316994,1629.5420157,1666.4153311,6806.6,4.12,1.75577,88.985589,34.265809,12.1502,715.956,CANDIDATE
3739.01,311441461,PC,3.4471559,3.7435577,9497.7556385,16.6194574,1609.4687264,1585.810069,6083.0,4.05,1.67828,86.635927,51.242599,13.1072,962.115,CANDIDATE
374.01,183675732,PC,5.4820954,4.4375744,8403.0676421,13.3111519,1154.1798573,419.3870005,5719.0,4.23,1.28194,358.227453,-41.700468,12.9998,702.626,CANDIDATE
3740.01,87597187,FA,2.0449361,2.732,29540.0,21.3235,1726.0,1476.47,6247.6,,1.22,81.57825,47.073781,12.878,,FALSE POSITIVE
3741.01,701926762,PC,2.0449545,2.763,36060.0,18.9624,1400.0,638.907,5086.8,,0.97,81.578251,47.07378,13.1002,452.15,CANDIDATE
3742.01,286696848,FP,8.9279009,3.278,49560.0,15.0384,570.0,17.5959,3916.0,4.59,0.67,72.799655,50.096898,12.8814,166.818,FALSE POSITIVE
3743.01,87091417,PC,2.1186344,2.553,4200.0,,1092.0,236.176,3898.0,,,58.490945,58.748105,12.7508,,CANDIDATE
3744.01,86075481,PC,3.9010509,4.2743803,3017.5555289,15.3760904,2008.8567199,3848.7247292,6257.0,3.65,2.7449501,60.273843,67.507635,12.4084,938.939,CANDIDATE
3745.01,666567477,PC,1.6883103,2.674,7400.0,7.5805,1543.0,941.489,4830.0,4.42,0.9,65.615413,46.536011,13.1464,343.885,CANDIDATE
3746.01,284747017,FP,1.8012697,3.182,1800.0,3.19942,1576.0,1024.77,4570.0,4.54,0.75,78.040149,34.750032,11.7603,145.759,FALSE POSITIVE
3747.01,647636934,PC,1.5503072,2.3242495,4601.821312,15.625642,2689.3260002,12362.172636,7747.0,4.1,1.98568,58.983683,57.834123,12.5715,937.29,CANDIDATE
3748.01,82622707,PC,2.3753009,1.502194,9683.8865565,14.7510708,1684.9911465,1905.0724424,6087.0,4.18,1.43317,51.761032,61.189331,13.2064,796.177,CANDIDATE
3749.01,284174392,PC,1.8751894,2.798,9200.0,14.0349,1641.0,1205.51,5410.0,4.06,1.5,68.539495,32.806951,13.2474,639.641,CANDIDATE
375.01,280097543,PC,9.4546478,10.2947735,1354.9261507,12.7656513,908.9128651,161.2909516,5001.6,,3.2739301,47.149903,-77.383328,10.4471,396.213,CANDIDATE
3750.01,468777766,PC,12.4844641,2.827,17130.0,8.49489,463.0,7.652,3815.0,4.63,0.63,76.423773,67.820318,12.9865,156.504,CANDIDATE
3751.01,284173938,PC,2.9157041,3.375,12630.0,13.8344,1692.0,1361.85,6400.6,4.39,1.2,68.629023,32.476637,12.8826,613.765,CANDIDATE
3752.01,81597356,PC,2.8054221,3.6911464,7470.2865035,,1292.3377117,659.2119513,4879.0,,,46.811835,64.395362,12.8963,1310.21,CANDIDATE
3753.01,467783290,FP,3.6502527,2.506,9000.0,21.323,1722.0,1462.84,6630.3,4.0,1.95,62.618611,32.306767,12.4332,884.571,FALSE POSITIVE
3754.01,81593515,PC,2.5312823,4.428,1320.0,11.7709,2724.0,9149.72,6170.0,3.56,2.98,46.934208,62.39968,11.8974,812.367,CANDIDATE
3755.01,281196902,CP,5.5455798,3.1170996,8040.2832674,10.3353813,1002.1907807,238.4089829,5354.0,4.34,1.07607,69.747261,66.671209,12.079,322.356,CONFIRMED
3756.01,67300566,APC,4.4236732,1.4711492,10682.1531772,12.6262986,1179.6108266,457.5894483,6096.0,4.44,1.06163,83.653007,36.939626,11.5552,327.13,CANDIDATE
3757.01,445751830,CP,3.4391954,1.6681096,32914.4087358,12.4377309,705.1521561,58.4322157,3902.0,4.62,0.637223,91.003642,55.019979,13.1858,181.139,CONFIRMED
3758.01,280254984,PC,3.4177514,3.415,10160.0,15.3577,1450.0,734.21,5868.0,4.1,1.52,41.323613,69.106259,12.5489,477.787,CANDIDATE
3759.01,27244707,FP,1.6882863,2.636,5190.0,,,,,,,65.615413,46.536013,12.816,420.132,FALSE POSITIVE
376.01,144301273,PC,2.7509863,1.998979,10686.8965192,12.6685799,1255.7382989,587.6484052,5317.0,4.34,1.0711401,354.44576,-42.966387,12.4502,398.356,CANDIDATE
3760.01,440186528,APC,0.5318566,0.955,15890.0,,1869.0,2027.68,4852.0,,,87.645924,44.687214,13.0123,,CANDIDATE
3761.01,275703182,PC,25.8944827,2.136,27610.0,17.6301,357.0,2.69966,4375.0,4.53,0.74,48.669955,66.920775,12.8508,215.482,CANDIDATE
3762.01,9833284,PC,0.6843601,0.762,720.0,6.83269,1873.0,2045.89,6779.0,3.93,2.17,70.325641,55.933254,10.6872,476.182,CANDIDATE
3763.01,432114158,PC,2.0042661,3.2004171,8701.8905063,17.4679856,2259.9883961,6165.1811066,7284.0,4.14,1.8149,57.947685,47.149894,12.5159,855.352,CANDIDATE
3764.01,275702126,PC,6.5718534,2.4724722,8510.3680527,17.2374292,893.7491602,150.7938358,4773.0,,1.89337,48.791209,66.597657,12.5944,502.731,CANDIDATE
3765.01,432078760,PC,3.1479532,3.3502554,10550.5908783,17.745577,1849.5348804,2765.4837198,7298.0,4.23,1.63943,57.511805,46.681042,11.7734,620.461,CANDIDATE
3766.01,9830791,PC,3.5414573,2.83,5930.0,7.74182,1190.0,333.084,5244.0,4.4,0.99,70.242045,57.507726,13.1021,451.666,CANDIDATE
3767.01,274545328,PC,2.3907751,4.1827898,10809.3425575,21.8606641,1861.1528619,2835.6275008,5382.0,3.76,2.0989001,69.488129,52.71623,13.4784,760.803,CANDIDATE
3768.01,268172361,PC,2.1803154,2.6629308,8016.0263872,18.3770154,2274.9584022,6330.1622488,7166.0,4.04,1.9933,83.379462,45.081717,12.9859,1309.84,CANDIDATE
3769.01,428251130,PC,10.3380912,3.972,6750.0,14.0125,1024.0,183.03,6650.0,4.12,1.7,54.82405,52.824649,10.5375,276.632,CANDIDATE
377.01,139285736,FP,1.55028,1.571,23529.8,14.723,1806.0,1769.75,5039.5,,0.87,348.039774,-45.017093,11.9969,244.271,FALSE POSITIVE
3770.01,8621049,PC,0.9183768,1.009,6480.0,7.7093,1412.0,660.579,5176.0,4.47,0.9,66.381511,57.806118,13.4706,462.312,CANDIDATE
3771.01,3364732,PC,3.6238662,2.723108,11798.1114337,16.4563404,1534.6607085,1310.9028217,6717.3,4.3,1.39527,82.560259,31.181746,13.1454,810.882,CANDIDATE
3772.01,426319499,PC,4.1689145,2.1905198,7081.4201521,7.3156426,961.3875339,201.8900648,5119.0,4.49,0.874119,86.04348,36.080653,12.6409,309.143,CANDIDATE
3773.01,266772500,PC,2.9508097,2.1699793,8878.2030994,19.4435142,1659.7353595,1793.3967876,5823.8,3.99,1.70744,61.496952,51.724323,12.5517,683.852,CANDIDATE
3774.01,704012376,PC,1.5970752,1.313,15510.0,,,,,,,95.160582,43.165306,13.3678,609.487,CANDIDATE
3775.01,68850908,PC,5.3868381,3.225,18740.0,15.8461,1113.0,255.316,5915.0,4.37,1.13,107.082369,34.674445,13.1657,696.257,CANDIDATE
3776.01,68388114,APC,1.3312309,1.396,7150.0,12.5661,1857.0,1975.12,5247.2,,0.66,102.827625,33.545577,12.9076,,CANDIDATE
3777.01,802227190,PC,2.3365744,2.53,4580.0,9.51324,1738.0,1516.77,6545.0,4.27,1.41,126.818692,50.75782,13.1961,1028.89,CANDIDATE
3778.01,53307409,PC,5.6089886,2.7514799,7494.8820162,8.1185589,926.0791782,173.8254973,5353.3,4.47,0.927391,116.767003,56.783436,13.0221,429.268,CANDIDATE
3779.01,742648307,PC,1.6180578,1.8204969,17254.7980935,,1552.5445917,1373.0847145,,,,104.733224,49.968735,13.4167,366.254,CANDIDATE
378.01,20892672,FP,3.10926,2.506,5448.84,9.58224,1338.0,532.263,5894.0,4.32,1.18,1.399014,-19.489511,13.105,629.792,FALSE POSITIVE
3780.01,468832904,PC,1.4005308,2.1755276,21518.3969126,15.9952422,1665.0948975,1816.6738365,5765.0,4.4,1.06059,92.609716,71.412134,13.4718,610.587,CANDIDATE
3781.01,470974162,FP,3.2583798,2.196,4800.0,6.27906,1043.0,197.102,4992.1,4.44,0.9,110.878729,50.349524,12.3794,270.518,FALSE POSITIVE
3782.01,396813816,APC,10.3918699,1.167,4800.0,13.0244,594.0,20.6991,6683.0,4.13,1.69,98.538646,66.634664,12.0149,707.148,CANDIDATE
3783.01,459755750,PC,6.1080224,4.68,7840.0,12.8902,1345.0,544.723,6204.0,4.17,1.48,133.705669,55.134127,12.8426,854.987,CANDIDATE
3784.01,339503267,PC,4.9386676,3.2881257,4880.2549784,21.2842391,1817.3748885,2578.0960496,5646.0,3.48,3.0218699,92.846314,65.762376,13.2906,1702.46,CANDIDATE
3785.01,458419328,CP,4.6747218,1.61,8200.0,4.73219,513.0,11.5347,3502.0,4.74,0.5,130.900226,63.078077,12.4963,79.7634,CONFIRMED
3786.01,321250206,APC,2.1040634,1.38,3200.0,14.9729,1792.0,1713.13,5973.3,4.1,1.54,95.121127,58.094196,12.3433,632.756,CANDIDATE
3787.01,457104362,PC,4.8163162,3.5830779,15809.0676843,14.751756,1087.3512039,330.3698152,5290.0,4.26,1.1743,133.072602,61.972124,13.398,620.413,CANDIDATE
3788.01,312811620,PC,3.0923729,3.061,7200.0,15.1739,1763.0,1605.66,6510.2,4.07,1.76,94.432577,54.381306,11.3321,516.643,CANDIDATE
3789.01,453410966,PC,4.120004,1.9086349,13334.2651359,10.4236143,1034.5151246,270.6876112,5497.6,4.51,0.902842,115.084361,49.078607,13.1351,475.616,CANDIDATE
379.01,220396259,FP,0.91677,1.337,276.272,3.12766,2236.0,4151.31,5825.0,4.04,1.71,68.891541,-56.138849,9.9124,231.803,FALSE POSITIVE
3790.01,29117085,FP,13.247777,3.301,13420.0,11.7716,817.0,74.203,5373.8,4.51,0.89,118.426692,46.47193,11.2119,188.294,FALSE POSITIVE
3791.01,400432230,PC,3.1833919,2.017,9850.0,13.8362,1269.0,430.956,6405.0,4.27,1.39,295.387706,56.217805,11.5787,476.831,CANDIDATE
3792.01,453348525,APC,0.7729066,1.109,2850.0,6.51984,1893.0,2135.77,6125.0,4.35,1.19,102.599479,48.944982,12.7859,640.574,CANDIDATE
3793.01,29105766,PC,3.2551315,2.3440735,14394.4055364,17.8868067,1512.6883561,1237.4249188,6433.0,4.3,1.3329901,118.16493,42.786497,13.1701,930.864,CANDIDATE
3794.01,416539317,FA,2.2019606,4.326,960.0,3.97533,2332.0,4911.26,6269.0,4.26,1.35,126.849751,64.765253,12.4091,645.718,FALSE POSITIVE
3795.01,253030300,FP,2.8300213,1.646,3790.0,6.47417,1292.0,462.811,6205.0,4.51,1.01,98.732441,49.676574,12.2361,439.841,FALSE POSITIVE
3796.01,393251073,FP,14.9857436,5.8,9980.0,9.39924,984.0,155.741,5279.0,4.52,0.86,115.508868,61.574659,11.6387,216.16,FALSE POSITIVE
3797.01,252912175,PC,17.6229161,2.976,8430.0,11.2819,614.0,23.6888,5973.8,4.31,1.21,104.840901,48.30288,11.7983,400.069,CANDIDATE
3798.01,22683951,PC,2.6797436,2.0292672,9857.9233831,12.2250402,1316.5338707,709.9849597,5573.0,4.37,1.07552,124.114906,47.021989,12.7739,488.429,CANDIDATE
3799.01,373614579,FP,8.2064867,2.9678542,29281.2259569,14.6693181,757.8882131,77.9725277,5236.1,4.55,0.824569,114.188526,44.051536,12.7085,328.06,FALSE POSITIVE
380.01,100014359,PC,0.5045539,1.0056629,18806.2299248,18.3768141,2289.4942693,6493.5059824,5227.0,,1.0,23.280585,-47.882084,13.5029,,CANDIDATE
3800.01,21291176,PC,1.6667559,2.35,1730.0,5.73913,2211.0,3970.53,7189.4,4.35,1.4,103.276084,39.132278,11.7248,598.894,CANDIDATE
3801.01,373612558,PC,5.8677921,3.400512,14083.5242428,12.8354727,997.224075,233.7179242,5565.6,4.39,1.04333,114.010809,47.258131,12.9395,488.069,CANDIDATE
3802.01,190250689,PC,1.4658218,1.294,8700.0,12.9122,1311.0,491.415,5586.0,4.17,1.36,98.781576,45.027682,12.5548,550.393,CANDIDATE
3803.01,353498819,PC,2.5492773,2.301,3970.0,13.2377,1647.0,1223.62,6862.4,3.98,2.07,107.173813,38.18106,12.1957,1039.33,CANDIDATE
3804.01,312991501,PC,3.2905683,2.7899266,18079.622642,14.6087971,1240.8835851,560.3316578,5689.0,4.39,1.06203,134.655352,74.459183,13.1225,601.602,CANDIDATE
3805.01,189852832,PC,3.8960447,2.15,13340.0,12.1478,976.0,151.232,5295.0,4.38,1.02,94.899684,42.313594,12.7251,406.497,CANDIDATE
3806.01,16076354,APC,2.9859012,1.205,4150.0,14.0883,1195.0,339.369,6709.5,4.02,1.94,113.67495,38.986526,11.9181,806.325,CANDIDATE
3807.01,289661991,CP,2.8989758,1.307,3680.0,10.0928,1247.0,401.9,5908.0,4.13,1.47,139.112565,69.074128,11.5817,421.745,CONFIRMED
3808.01,138497780,FP,3.6754815,2.3005775,9843.1330115,22.3487036,1517.2980079,1252.5773445,6305.0,4.18,1.4902101,96.250314,33.032134,12.2337,595.137,FALSE POSITIVE
3809.01,252876117,PC,3.6346303,2.728,25220.0,13.6402,1067.0,215.456,5058.0,4.51,0.85,100.288738,48.861378,13.0456,359.948,CANDIDATE
381.01,207084429,FP,4.89577,2.478,360.0,3.30734,1097.0,240.778,5883.0,,1.77,22.757528,-51.215733,7.1995,75.5476,FALSE POSITIVE
3810.01,239136269,FP,1.0590994,0.9853402,5155.2973108,10.6616565,2988.2080302,18843.6190459,9332.0,4.5,1.42848,112.325562,33.591361,13.286,1696.26,FALSE POSITIVE
3811.01,138475192,PC,2.9594596,0.706,2140.0,7.75397,868.0,94.5522,5560.0,4.28,1.19,95.549232,83.861194,11.4102,294.652,CANDIDATE
3812.01,239134248,PC,3.8850001,2.8815405,18102.202403,12.1627174,1031.9739072,268.037691,5382.2,4.51,0.89315,112.194386,34.185355,12.4679,339.069,CANDIDATE
3813.01,4605846,PC,3.7178656,3.2262534,11274.5959098,13.6754452,1372.1195235,837.7005046,6268.0,4.34,1.23586,118.060044,31.64694,13.4461,940.296,CANDIDATE
3814.01,155873992,PC,4.9513106,4.1704262,8623.7001528,14.0040077,1294.5600539,663.7580626,5914.0,4.16,1.43625,139.838463,66.803273,12.4988,595.141,CANDIDATE
3815.01,149995163,PC,4.8709815,4.437,12380.0,21.2108,1385.0,611.598,5908.0,3.92,1.87,109.358531,49.840082,12.3972,790.338,CANDIDATE
3816.01,102848207,PC,1.0358225,1.191,6610.0,10.1292,1819.0,1819.34,6180.0,4.4,1.14,128.861632,67.128369,13.4768,868.355,CANDIDATE
3817.01,99572130,PC,4.8504819,4.9957058,6852.3350469,17.4413086,1628.0490201,1660.3166024,6313.0,3.9,2.05899,107.504711,70.976379,13.147,1386.95,CANDIDATE
3818.01,99097200,PC,3.2371501,3.3511315,10146.6837063,13.8548638,1428.7894629,984.9041254,5800.1,4.19,1.35302,121.591887,42.19247,13.2237,814.386,CANDIDATE
3819.01,95660472,CP,3.244299,2.6887498,5692.0048309,12.9273057,1567.7850348,1427.7989564,5999.0,4.1,1.5585901,121.863257,29.388645,11.9824,558.141,CONFIRMED
382.01,229091748,FP,0.4568,0.548,3428.7,6.64264,1616.0,1132.97,5777.0,4.35,1.03,3.797833,-46.272428,12.7226,506.62,FALSE POSITIVE
3820.01,95234976,PC,5.4290781,3.1018506,7391.6084773,24.5471729,1505.5491913,1214.2295602,6403.0,4.01,1.86967,115.641632,28.807132,11.5562,629.284,CANDIDATE
3821.01,88485645,PC,2.5972551,2.7403458,9907.4814267,23.7348191,2181.3842633,5351.1817869,7054.0,3.98,2.1075301,105.868408,60.852551,13.0367,1555.25,CANDIDATE
3822.01,88385463,PC,3.1235179,2.7145235,15459.8027576,13.2914966,1199.6413306,489.470679,5376.0,4.37,1.04447,104.603337,59.972981,12.3381,359.079,CANDIDATE
3823.01,81212289,APC,0.6848358,0.88,1430.0,4.49427,1907.0,2198.68,6385.1,4.47,1.1,127.033706,56.431077,11.4534,353.355,CANDIDATE
3824.01,71134735,FA,2.3378945,2.5247352,4971.1871392,8.31293,1543.2507377,1340.5004828,6666.8,,1.33,126.818693,50.757821,13.041,896.974,FALSE POSITIVE
3825.01,39077574,FP,7.1404043,1.719,8300.0,10.5731,751.0,53.052,5886.6,4.38,1.11,151.255619,40.341064,13.2971,715.593,FALSE POSITIVE
3826.01,9346507,APC,4.9807125,3.333,26850.0,17.2544,1086.0,231.2,5545.7,4.39,1.04,149.876935,36.99245,12.6865,470.353,CANDIDATE
3827.01,8677530,FA,2.91463,2.977,9960.0,9.96391,,588.827,5484.8,,0.99,137.42133,31.292481,12.033,335.744,FALSE POSITIVE
3828.01,841226526,PC,19.5105608,4.471,3300.0,,,,,,,150.892504,67.990037,11.227,341.6,CANDIDATE
3829.01,801354155,PC,2.9150294,2.819,13530.0,12.8379,1293.0,464.816,5385.0,4.33,1.08,137.421232,31.292423,12.3722,397.985,CANDIDATE
383.01,167418898,FP,10.9803025,1.659,2390.0,7.58741,,73.7576,5951.0,,1.27,99.609604,-67.656396,10.2401,204.207,FALSE POSITIVE
3830.01,445807396,PC,3.2493152,1.849,9260.0,10.3587,1011.0,173.46,5371.2,4.37,1.04,167.29495,49.955757,13.239,563.928,CANDIDATE
3831.01,393853275,PC,1.7088305,1.871,9720.0,,1358.0,564.614,5253.2,,,146.820422,44.63893,13.1894,,CANDIDATE
3832.01,356736743,PC,24.0819851,4.032,7830.0,9.42632,609.0,22.9814,5952.0,4.43,1.05,177.702227,75.20337,12.6635,505.207,CANDIDATE
3833.01,356539624,APC,0.4399856,0.603,6830.0,18.9074,1721.0,1456.36,4423.0,4.19,1.1,153.155451,62.32946,13.3585,412.034,CANDIDATE
3834.01,355953198,PC,3.3952015,2.368,8260.0,,1180.0,321.993,5673.6,,,179.9069,72.301518,13.2742,627.829,CANDIDATE
3835.01,330795142,PC,1.3460633,1.829,15780.0,14.2662,1650.0,1231.36,5788.7,4.38,1.09,144.395927,28.24536,12.5984,504.711,CANDIDATE
3836.01,900240532,PC,2.5733766,2.457,6710.0,,,,,,,166.238945,43.464381,12.9621,916.981,CANDIDATE
3837.01,308073360,CP,11.8886495,4.803,7800.0,11.0233,954.0,138.065,5773.9,4.28,1.21,152.666283,24.273121,11.366,311.705,CONFIRMED
3838.01,307915084,APC,0.8275646,1.056,3670.0,8.41789,1793.0,1716.01,6203.3,,1.32,141.480521,33.41274,12.7477,,CANDIDATE
3839.01,298074043,PC,3.0193545,1.345,2360.0,14.357,1657.0,1252.3,6341.0,4.23,1.42,201.510769,74.758859,12.8957,872.986,CANDIDATE
384.01,155995204,FP,9.30734,4.683,42774.4,30.7623,1163.0,304.138,5819.0,4.34,1.35,7.658562,-52.049331,13.5281,958.366,FALSE POSITIVE
3840.01,287231664,PC,3.6217624,2.963,6140.0,10.1723,1313.0,493.866,5788.0,4.24,1.28,151.293494,60.352093,13.1697,765.939,CANDIDATE
3841.01,252474634,PC,4.1124956,1.9071145,5537.3250771,12.4396125,1510.4570936,1230.1400953,6145.0,4.07,1.64364,154.883363,48.353555,13.0933,1059.16,CANDIDATE
3842.01,165985431,PC,3.6566206,2.557,21730.0,13.587,908.0,113.212,4489.2,4.37,0.91,133.977629,30.990348,12.6496,253.701,CANDIDATE
3843.01,841226527,FP,19.5112506,3.896,4080.0,,,,,,,150.891937,67.990378,11.4794,345.366,FALSE POSITIVE
3844.01,165885558,APC,0.896271,0.996,12490.0,13.8677,1490.0,818.614,5726.0,4.27,1.22,131.366244,35.617167,12.9959,655.503,CANDIDATE
3845.01,156816238,FP,2.1461672,1.942,14110.0,16.91,1414.0,663.959,6046.0,4.19,1.41,140.462178,38.618961,12.7553,749.892,FALSE POSITIVE
3847.01,149917086,PC,11.0783748,2.673,9060.0,10.2336,686.0,36.8868,5623.0,4.39,1.06,160.404554,63.888592,12.228,387.635,CANDIDATE
3848.01,147994863,PC,15.9544918,3.742,12480.0,9.88117,584.0,19.3942,4798.0,4.51,0.82,170.68965,70.832276,13.3104,362.075,CANDIDATE
3849.01,147890655,PC,1.2220437,1.871,20110.0,14.8723,1556.0,973.648,5196.0,4.38,1.0,142.086945,66.950156,13.2705,489.128,CANDIDATE
385.01,300810086,FP,0.6680065,0.835,550.0,15.4569,2613.0,7749.15,5159.0,,3.77,116.813442,-69.030386,9.0567,262.782,FALSE POSITIVE
3850.01,143008050,PC,14.4832964,4.696,10870.0,13.2087,1088.0,232.655,6039.0,4.47,1.02,182.709445,66.952158,12.4645,474.448,CANDIDATE
3851.01,142739544,PC,3.383466,2.746,1400.0,4.68953,1355.0,559.625,5838.0,4.28,1.23,150.380403,75.211897,11.1774,298.349,CANDIDATE
3852.01,142635225,PC,16.1020097,3.871,22600.0,13.9974,710.0,42.3341,6010.0,4.56,0.92,171.789723,74.465349,13.191,578.344,CANDIDATE
3853.01,142618165,PC,5.6922342,2.975,1550.0,4.57552,1067.0,215.174,5648.0,4.34,1.12,170.673731,73.507923,12.1726,396.697,CANDIDATE
3854.01,142562395,PC,3.2693612,2.029,10790.0,9.96136,1141.0,281.839,5814.0,4.52,0.93,165.273412,73.068232,13.2278,559.867,CANDIDATE
3855.01,126325149,PC,3.4952497,1.745,19250.0,12.6528,742.0,50.504,4304.8,4.36,0.9,135.496464,27.474953,13.4791,321.733,CANDIDATE
3856.01,125552076,PC,2.0436029,1.513,12980.0,13.3605,1179.0,321.632,5568.0,4.32,1.13,145.222922,27.950158,11.655,314.443,CANDIDATE
3857.01,105379013,PC,3.2956376,2.487,20300.0,12.4635,983.0,155.029,4646.6,4.44,0.86,141.921026,46.214342,13.167,330.706,CANDIDATE
3858.01,86273567,PC,16.5968329,4.395,1750.0,4.85367,827.0,77.8158,6329.0,4.41,1.16,141.048951,64.318347,11.1971,312.302,CANDIDATE
3859.01,1122079,APC,1.8460997,1.706,3740.0,16.4485,2150.0,3553.44,6123.9,4.16,1.48,168.926158,28.781025,12.7134,784.669,CANDIDATE
386.01,238059180,PC,5.1119781,1.413,1415.0,10.6694,1521.0,890.377,8562.0,3.91,2.67,104.138355,-53.545449,10.0139,627.07,CANDIDATE
3860.01,416542079,PC,3.0012386,3.164,13660.0,14.4673,1604.0,1099.61,6331.0,4.37,1.21,188.736692,49.994859,13.3887,926.538,CANDIDATE
3861.01,396950329,PC,1.7763987,0.638,5670.0,10.8531,954.0,137.995,4899.3,4.5,0.84,179.957207,11.864677,12.3903,256.022,CANDIDATE
3862.01,141205978,PC,1.5574603,1.272,3900.0,6.15317,1212.0,358.839,5564.4,4.46,0.93,185.900563,50.544625,11.7201,249.02,CANDIDATE
3863.01,383531543,PC,10.9543562,4.737,8770.0,9.03653,909.0,113.516,5542.4,4.46,0.96,187.273217,31.654807,12.8385,450.577,CANDIDATE
3864.01,1001477809,FP,7.6605425,4.425,5210.0,,,,,,,213.806242,67.760539,13.0949,673.984,FALSE POSITIVE
3865.01,376688393,PC,3.011593,1.894,6740.0,,1125.0,266.454,5542.1,,,187.434324,39.760801,12.5759,405.395,CANDIDATE
3866.01,376632626,PC,2.1371195,2.38,15620.0,13.2766,1431.0,697.213,5570.0,4.41,1.03,192.736417,30.685937,13.2252,587.858,CANDIDATE
3867.01,320208949,PC,5.7310859,1.693,10870.0,11.8502,776.0,60.3278,5552.1,4.37,1.07,193.655288,47.066242,12.7251,488.695,CANDIDATE
3868.01,310994622,PC,18.565813,3.82,9420.0,7.83236,537.0,13.8526,4671.0,4.51,0.79,203.567211,65.128389,12.3572,215.045,CANDIDATE
3869.01,253044312,APC,11.2005651,1.367,7000.0,15.4812,535.0,13.6838,5682.2,4.02,1.63,176.611941,43.863572,12.0089,539.007,CANDIDATE
387.01,92359850,FP,4.155,2.807,4900.0,11.0678,1339.0,534.715,6270.0,4.14,1.57,52.225639,-19.979808,9.65521,218.294,FALSE POSITIVE
3870.01,165989915,PC,2.6292572,1.582,3790.0,8.44711,1296.0,469.737,5933.0,4.21,1.35,210.951072,64.270888,12.565,642.727,CANDIDATE
3871.01,165468291,PC,4.754432,2.147,13130.0,11.4372,988.0,158.463,5491.7,4.47,0.94,175.145084,28.549579,12.3591,353.347,CANDIDATE
3872.01,165431806,PC,4.4100654,2.362,6450.0,8.08157,1088.0,232.658,5726.0,4.46,0.99,162.38823,27.190538,12.3882,409.36,CANDIDATE
3873.01,154126149,PC,3.8951475,1.386,8970.0,14.6884,1114.0,256.108,6071.0,4.15,1.48,212.493524,70.06552,12.6262,749.176,CANDIDATE
3874.01,154105890,PC,5.5822739,1.463,7390.0,11.6541,788.0,64.0979,5997.0,4.29,1.25,210.513462,71.32676,13.0635,756.221,CANDIDATE
3875.01,153978165,PC,6.0835972,2.133,8460.0,12.0351,886.0,102.465,5579.0,4.25,1.22,204.080277,68.517361,12.0165,404.598,CANDIDATE
3876.01,150388393,PC,6.5846694,2.572,22460.0,14.5999,897.0,107.766,5852.0,4.49,0.97,193.898669,57.141015,12.76,493.754,CANDIDATE
3877.01,144310492,PC,4.1225477,2.206,5760.0,12.0574,1115.0,257.46,5662.2,4.06,1.55,170.454473,33.991382,11.9123,493.77,CANDIDATE
3878.01,141275395,PC,0.8377576,1.074,1410.0,6.706,1889.0,2114.06,6322.5,4.13,1.6,184.351375,29.633535,11.3616,482.566,CANDIDATE
3879.01,139086171,PC,4.8104679,2.547,1940.0,4.19665,1002.0,167.688,5332.3,4.47,0.92,184.624586,34.897976,11.3093,200.724,CANDIDATE
3880.01,138973825,PC,2.1614819,1.076,6340.0,8.10367,899.0,108.567,4501.0,4.41,0.87,188.180754,34.49481,13.0673,300.232,CANDIDATE
3881.01,136998882,PC,3.3401814,2.452,4960.0,8.19874,1189.0,332.424,5508.5,4.31,1.14,196.844286,44.377372,12.131,384.153,CANDIDATE
3882.01,101643582,APC,2.071333,2.282,1920.0,6.35115,1632.0,1179.85,6004.0,4.17,1.44,183.961977,47.427994,11.8825,509.299,CANDIDATE
3883.01,99330090,FP,7.0080817,3.179,14900.0,13.1807,1033.0,189.492,6307.0,4.48,1.06,189.828966,59.703485,11.1693,295.431,FALSE POSITIVE
3884.01,86263325,CP,4.5445569,1.462,30740.0,5.7177,429.0,5.65747,3192.0,4.92,0.3,181.571834,12.507026,12.9113,43.1448,CONFIRMED
3885.01,55748194,FA,2.5227786,2.177,18880.0,10.9418,1200.0,344.846,5268.7,,0.78,180.258942,55.846206,12.293,,FALSE POSITIVE
3886.01,48220826,PC,3.0215428,3.08889,15111.7114542,,1260.7602388,597.1054249,5622.1,,,283.003442,52.4328,13.4971,,CANDIDATE
3887.01,21549805,PC,4.2441117,3.771,7540.0,14.06,1418.0,671.867,6034.0,4.1,1.57,181.518741,41.471434,12.7279,823.577,CANDIDATE
3888.01,18067025,PC,5.3298577,1.95,9330.0,8.01139,727.0,46.3832,4773.0,4.52,0.8,184.759891,36.609641,13.0874,318.317,CANDIDATE
3889.01,950525831,PC,2.5228506,2.15,21300.0,12.9082,1166.0,307.773,5294.0,4.56,0.84,180.258934,55.846201,12.4244,301.63,CANDIDATE
389.01,271900960,FP,13.45913,3.428,2579.32,7.68909,1524.0,897.182,6457.7,4.43,1.38,112.941928,-75.527552,8.2606,104.344,FALSE POSITIVE
3890.01,18017227,FP,0.6203033,1.031,1390.0,7.82821,2806.0,10295.4,6294.0,4.03,1.78,171.711327,37.705235,11.9245,695.137,FALSE POSITIVE
3891.01,459215281,PC,2.7694074,2.692,1010.0,3.02805,1350.0,551.573,5269.6,4.44,0.94,197.145209,55.051338,12.387,331.96,CANDIDATE
3892.01,3896759,PC,4.5808535,3.488,11480.0,12.4319,1186.0,328.68,5528.7,4.31,1.14,171.432632,18.118831,11.9956,366.405,CANDIDATE
3893.01,458424950,PC,9.0576962,2.37,3430.0,4.28974,830.0,79.0884,4485.0,4.57,0.72,177.581251,37.916071,12.852,222.228,CANDIDATE
3894.01,165464482,CP,4.3345378,3.336,10000.0,14.3572,1347.0,546.903,6314.8,4.21,1.43,201.374827,52.768104,11.323,417.365,CONFIRMED
3895.01,3808740,PC,6.6713748,3.299,7480.0,9.63035,994.0,162.655,5614.5,4.35,1.11,169.689872,21.617204,12.7533,525.225,CANDIDATE
3896.01,445837596,PC,4.3773113,2.329,1430.0,2.97425,966.0,144.988,5127.0,4.63,0.75,187.93024,63.908546,11.6832,181.653,CANDIDATE
3897.01,154181821,PC,7.6607094,4.261,1860.0,5.12716,,278.513,5911.7,,1.19,213.806552,67.760917,11.9937,405.176,CANDIDATE
3898.01,450337675,PC,8.6789911,3.865,9700.0,11.1545,950.0,135.622,5693.8,4.35,1.12,199.816742,18.914216,13.4312,733.953,CANDIDATE
3899.01,441697509,PC,5.2077671,2.369,850.0,2.66176,966.0,144.63,5522.5,4.5,0.92,213.902139,57.821472,11.0866,194.548,CANDIDATE
390.01,250386181,FP,1.470258,1.126,2700.0,12.2412,1519.0,884.686,6321.46,4.1984,1.08,30.114481,-4.985686,9.89377,167.306,FALSE POSITIVE
3900.01,366755319,PC,14.7802661,3.497,6840.0,9.06559,,38.1314,5659.0,,1.09,188.528058,4.187824,11.9689,364.747,CANDIDATE
3901.01,357373216,PC,9.546972,2.112,17300.0,12.4743,672.0,33.8682,5834.0,4.54,0.91,218.336542,52.385972,13.3215,593.676,CANDIDATE
3902.01,310094771,PC,2.9406027,1.167,9820.0,10.835,1003.0,168.01,5464.2,4.44,0.97,216.757304,28.495762,13.3819,580.009,CANDIDATE
3903.01,288434231,PC,14.8496574,4.287,8710.0,9.3235,808.0,70.8112,5296.6,4.43,0.96,202.906801,45.622497,13.403,545.646,CANDIDATE
3904.01,233462817,APC,10.1614815,1.259,3230.0,7.66646,612.0,23.4406,6297.0,4.34,1.24,211.700645,51.992007,11.3815,379.347,CANDIDATE
3905.01,180672438,PC,5.3599361,3.407,11350.0,11.2314,1166.0,306.956,5933.0,4.43,1.04,200.484638,40.26846,13.0187,609.296,CANDIDATE
3906.01,180607846,APC,0.6451059,0.573,3430.0,6.79091,1481.0,800.418,5436.3,4.52,0.88,198.244403,39.866992,12.773,387.358,CANDIDATE
3907.01,165723070,PC,1.7213564,2.035,11890.0,10.674,1355.0,559.726,5072.0,4.42,0.95,231.249864,57.815109,12.8532,381.744,CANDIDATE
3908.01,165412561,APC,1.4680992,2.0456598,18506.4662144,25.1682214,1595.4182996,1531.1554281,5433.0,4.33,1.10122,206.782929,42.736035,11.4582,267.999,CANDIDATE
3909.01,161003569,PC,3.5115357,3.527,9290.0,12.81,1360.0,569.545,5490.8,4.16,1.35,222.163355,53.834829,12.3758,511.363,CANDIDATE
3910.01,158617175,PC,5.7158895,2.437,22050.0,12.3206,823.0,76.4949,5224.0,4.56,0.82,223.609501,59.101988,12.0581,245.248,CANDIDATE
3911.01,158497525,PC,9.3517097,2.682,1590.0,3.52814,730.0,47.221,5298.6,4.52,0.86,220.037779,54.137281,11.6301,219.72,CANDIDATE
3912.01,156648452,CP,3.4936188,3.355,9730.0,14.2355,1394.0,628.664,5779.5,4.15,1.42,215.801496,24.076564,11.8747,465.992,CONFIRMED
3913.01,155898758,PC,4.0384773,1.185,8110.0,7.98387,565.0,17.0069,4180.4,4.42,0.83,218.874035,48.083929,12.5764,186.628,CANDIDATE
3914.01,139118482,FP,6.7136512,3.541,11490.0,12.5036,1101.0,244.013,6179.1,4.39,1.15,193.595291,30.214364,11.3366,332.565,FALSE POSITIVE
3915.01,81247877,PC,2.2012625,2.175,25690.0,13.6145,1236.0,387.574,5177.8,4.56,0.81,205.488716,17.300066,12.3655,275.019,CANDIDATE
3916.01,68074302,PC,3.4014954,1.959,7370.0,9.32202,1172.0,313.317,6005.0,4.43,1.06,220.726649,41.368472,12.9339,610.654,CANDIDATE
3917.01,68035558,FA,8.3289771,2.984,6010.0,,,,,,,219.734394,37.027878,11.483,,FALSE POSITIVE
3918.01,23815847,PC,3.0654283,2.194,5850.0,10.6174,1123.0,264.883,5236.0,4.12,1.35,210.205727,39.300051,13.4565,769.96,CANDIDATE
3919.01,23769326,CP,7.4332642,3.051,6000.0,10.213,1026.0,184.322,6227.0,4.28,1.32,208.944753,40.391806,12.3342,604.591,CONFIRMED
392.01,328350926,APC,0.8490674,1.0946576,4907.2475531,10.8189994,2233.7922838,5884.2639739,5624.7,,1.44029,46.93171,0.860922,8.300901,87.4715,CANDIDATE
3920.01,2016376984,FA,2.317939,1.676,13140.0,15.7376,1442.0,719.636,5770.0,4.25,1.25,336.69079,57.434162,12.7509,490.701,FALSE POSITIVE
3921.01,1101909431,FP,23.2556119,7.878,35720.0,14.4434,744.0,51.103,4742.0,4.6,0.73,231.127427,46.695076,12.5638,222.95,FALSE POSITIVE
3922.01,1101855081,PC,3.8960617,1.734,22610.0,12.1401,845.0,84.8919,5247.0,4.59,0.8,228.833287,40.267196,12.251,262.531,CANDIDATE
3923.01,467265105,PC,4.1377886,2.2969037,11490.1857603,,1135.3227028,392.6433908,4964.3,,,308.849988,61.140932,13.0743,880.411,CANDIDATE
3924.01,456042145,FP,2.0474832,3.159,6790.0,14.3474,2921.0,12096.5,6791.0,4.57,1.04,340.628454,64.754725,13.4802,620.264,FALSE POSITIVE
3925.01,435167167,FP,3.0330919,4.043,1280.0,7.40327,2253.0,4283.51,7471.0,4.01,2.14,346.403126,63.453418,12.1474,773.332,FALSE POSITIVE
3926.01,434171145,PC,2.7873223,3.671,5548.0,10.6299,,2023.22,6466.0,,1.46,342.630375,61.159585,12.089,495.95,CANDIDATE
3927.01,434171113,PC,4.4921154,3.108,19562.0,14.9094,1077.0,223.672,5353.0,4.34,1.08,342.661461,60.770111,12.7594,426.94,CANDIDATE
3928.01,427153307,PC,2.2035349,2.573,7570.0,13.3861,1663.0,1272.37,6141.0,4.14,1.52,321.386565,61.812493,12.9774,710.588,CANDIDATE
3929.01,422554579,PC,3.4608812,3.608,16514.0,19.0253,1418.0,672.096,5695.0,4.08,1.52,346.474955,67.188469,13.2363,684.911,CANDIDATE
393.01,29960109,FP,2.49221,1.605,1480.0,1.71311,714.0,43.3259,3450.0,4.78,0.45,42.250066,-14.537646,11.2003,37.8932,FALSE POSITIVE
3930.01,422514153,PC,2.9284231,3.835,5159.0,,1400.0,638.648,4885.4,,,319.547187,66.161198,12.6265,749.11,CANDIDATE
3931.01,421336001,PC,7.6644,4.1888923,8534.5638357,9.9098801,928.1234573,175.3654356,5694.0,4.41,1.04215,296.833901,59.640713,13.4428,684.857,CANDIDATE
3932.01,408094424,APC,2.4892754,1.513,2750.0,15.5724,1412.0,660.426,6285.0,3.65,2.76,326.267189,64.067347,11.3258,672.679,CANDIDATE
3933.01,388393034,PC,1.97549,2.409,5457.0,17.6764,2405.0,5560.11,8523.0,3.98,2.46,347.967961,56.862096,13.2345,1898.68,CANDIDATE
3934.01,375981105,PC,11.7512673,2.143,7683.0,17.4049,849.0,86.313,6571.0,4.12,1.68,336.858934,67.769354,12.7091,710.669,CANDIDATE
3935.01,372207084,PC,1.2257683,1.874,5512.0,,2026.0,2802.16,6205.8,,,330.755072,67.623397,13.4234,1872.2,CANDIDATE
3936.01,371676181,PC,1.4858906,1.697,7264.0,,1405.0,648.608,5196.8,,,344.322032,59.201372,12.5722,922.432,CANDIDATE
3937.01,367425982,PC,1.6923573,1.9912433,20172.9323968,12.7696702,1340.2742114,762.5979736,5287.0,4.5,0.88876,334.133015,66.860571,12.9577,367.428,CANDIDATE
3938.01,367333043,FP,2.8778095,2.824,4830.0,7.35828,1568.0,1005.2,6131.0,4.46,1.05,333.663387,68.685313,13.2875,617.366,FALSE POSITIVE
3939.01,366115856,PC,2.3466472,1.957,25278.0,12.2268,980.0,153.353,4477.0,4.53,0.75,356.708389,66.860805,13.2129,262.301,CANDIDATE
394.01,9858404,APC,0.39149,0.746,578.202,5.95564,2976.0,13030.0,6216.1,3.73,2.25,48.499479,-8.573851,8.00006,142.401,CANDIDATE
3940.01,346081845,PC,3.4895723,2.378,32560.0,12.9484,853.0,87.9248,4315.0,4.57,0.71,356.886316,54.178308,13.4454,250.357,CANDIDATE
3941.01,345697569,PC,2.8817718,2.842,13332.0,14.8764,1506.0,854.357,6137.0,4.23,1.38,356.407097,55.225972,12.9307,707.03,CANDIDATE
3942.01,345329200,PC,3.1082514,1.5649451,5659.4686877,13.7608011,1652.7561891,1763.4216575,6413.0,4.17,1.5486799,355.725774,58.452426,12.8967,691.327,CANDIDATE
3943.01,343330330,PC,5.5613023,5.64,2200.0,10.4506,1439.0,713.503,5607.0,3.72,2.27,309.768437,61.459062,12.5714,766.246,CANDIDATE
3944.01,338065029,PC,2.3151015,2.084,5256.0,,1144.0,285.103,4746.7,,,337.785484,61.643001,12.5871,969.298,CANDIDATE
3945.01,336824844,PC,4.4638411,1.556,3791.0,9.59744,830.0,78.9834,5472.0,4.11,1.42,334.990313,62.656666,12.5917,515.394,CANDIDATE
3946.01,336399144,PC,5.7033411,3.039,14730.0,15.2151,1070.0,217.888,5933.0,4.28,1.24,334.013781,61.05756,12.475,519.917,CANDIDATE
3947.01,336092760,PC,6.7716021,6.279,4580.0,16.5311,1495.0,831.07,6136.0,3.67,2.62,333.725864,62.858737,12.933,1125.06,CANDIDATE
3948.01,335489455,FP,2.1176601,3.591,2000.0,5.16544,2932.0,12280.2,5814.0,4.56,0.89,332.633491,61.82941,12.5455,359.83,FALSE POSITIVE
3949.01,334493051,PC,2.2297524,2.498,8798.0,10.5562,1555.0,970.705,5846.0,4.32,1.17,331.227588,64.463751,13.4743,682.99,CANDIDATE
395.01,38541473,APC,6.0613441,2.5796829,15346.1553014,27.91045,1271.7446199,618.1880959,5949.2,,1.53715,56.304651,-10.973454,10.7706,321.882,CANDIDATE
3950.01,334394274,PC,3.4488281,3.091,14430.0,15.6361,1388.0,617.246,5994.0,4.27,1.27,331.078789,61.627934,13.3364,701.783,CANDIDATE
3951.01,334385701,PC,2.1861455,2.42,8780.0,11.5599,1385.0,612.53,5342.0,4.22,1.24,330.715324,60.211838,13.3788,558.58,CANDIDATE
3952.01,321861405,PC,2.9897732,3.06,12893.0,17.6166,1678.0,1317.93,6786.0,4.21,1.57,323.15288,67.911948,11.9401,591.367,CANDIDATE
3953.01,320503729,PC,2.9873441,1.668,6090.0,,1477.0,790.978,5734.9,,,264.503061,59.643473,13.3171,729.966,CANDIDATE
3954.01,316453500,PC,3.4043154,0.805,9317.0,20.3568,909.0,113.665,5833.0,4.46,1.0,323.985128,61.209107,13.3356,499.795,CANDIDATE
3955.01,314375831,PC,3.1274951,2.5639391,13633.9167281,17.6985303,1582.3126821,1481.4610493,6457.0,4.25,1.41321,346.156393,56.731648,12.402,591.045,CANDIDATE
3956.01,309849817,PC,2.6686464,1.249,7370.0,12.9106,1190.0,332.941,5227.0,4.48,0.9,229.220096,51.397855,13.0795,428.906,CANDIDATE
3957.01,305550963,FP,1.5891628,1.576,3550.0,12.5934,1783.0,1679.03,6227.0,3.91,2.0,315.263903,63.424275,13.2445,928.965,FALSE POSITIVE
3958.01,279383896,PC,12.0031646,5.2145528,5497.3001958,10.9265063,998.1389779,234.5768031,6362.0,4.25,1.40388,349.685957,63.250498,11.5687,436.306,CANDIDATE
3959.01,275421144,PC,3.8426038,2.022,5880.0,12.7873,1285.0,453.87,7032.0,4.19,1.66,319.7272,65.329264,13.0367,868.492,CANDIDATE
396.01,178155732,CP,5.9739124,3.1235464,232.5621027,2.3917735,1198.7446729,488.0089226,6308.31,4.438,1.2845,42.984978,-30.814061,5.9053,31.964,CONFIRMED
396.02,178155732,CP,3.58529,2.495,180.0,1.77141,1404.0,646.628,6308.31,4.438,1.28,42.984978,-30.814061,5.9053,31.964,CONFIRMED
396.03,178155732,CP,11.2304605,3.6009978,208.629137,2.0754665,971.2859803,210.3340005,6308.31,4.438,1.2845,42.984978,-30.814061,5.9053,31.964,CONFIRMED
3960.01,272785423,PC,3.2399875,2.749,18440.0,13.613,1230.0,380.139,5521.0,4.45,0.97,238.857937,67.042986,13.2091,541.735,CANDIDATE
3961.01,272219353,PC,3.5434689,1.849,20265.0,,1647.535107,1741.2443185,5354.0,,,355.744456,62.290124,12.8669,9842.0,CANDIDATE
3962.01,271761420,PC,3.3501179,1.651,4066.0,17.5987,1138.0,279.334,6238.0,3.7,2.57,355.081093,62.136748,12.4615,836.639,CANDIDATE
3963.01,271439193,PC,6.2329571,3.043,2367.0,14.2956,1655.0,1245.8,6016.0,4.1,1.55,354.138342,60.526208,12.2996,488.547,CANDIDATE
3964.01,270435047,FA,1.8011961,3.23,2280.0,9.1446,2663.0,8355.02,7588.0,4.09,1.99,351.796938,60.231831,12.8114,1153.23,FALSE POSITIVE
3965.01,269043098,PC,4.7253516,5.123,7817.0,17.6483,1873.0,2045.04,7220.0,3.98,2.15,349.095834,64.72187,12.8051,870.816,CANDIDATE
3966.01,262880826,APC,3.9967263,2.886,12060.0,11.278,1124.0,265.248,5313.6,,1.0,225.380859,38.533274,12.0753,,CANDIDATE
3967.01,256867493,PC,4.6709424,0.101,870.0,21.2461,341.0,2.26831,7211.0,4.14,1.79,301.673149,61.169351,12.1661,920.632,CANDIDATE
3968.01,252071095,APC,2.2171904,1.639,3010.0,,1020.0,180.255,4656.0,,,354.146668,58.133654,11.7345,,CANDIDATE
3969.01,252049912,PC,3.8522402,4.195,17145.0,,1365.0,577.199,5371.2,,,353.643525,54.541652,12.5806,608.077,CANDIDATE
397.01,219379012,FP,1.5464949,1.101,930.0,3.7295,1275.0,438.793,5973.5,3.89,1.14,76.833621,-48.115889,10.231,167.009,FALSE POSITIVE
3970.01,237221436,PC,10.6001229,5.375,6115.0,10.601,1097.0,240.751,5647.0,4.08,1.51,296.066251,77.23545,13.3604,878.69,CANDIDATE
3971.01,237077180,PC,3.2292942,2.47,10130.0,,,,,,,307.0945,61.93367,13.4642,,CANDIDATE
3972.01,284206913,PC,10.511362,3.112,16120.0,11.935,779.0,61.3806,5908.0,4.54,0.92,9.305074,61.205097,10.7486,162.569,CANDIDATE
3973.01,233654042,PC,2.0615575,1.694,4560.0,,1445.0,723.916,6213.0,,,229.67991,44.456204,13.0646,701.76,CANDIDATE
3974.01,156007004,PC,1.7922888,1.622,18880.0,12.6983,1177.0,318.713,5095.7,4.47,0.89,236.236361,45.627745,13.3926,467.428,CANDIDATE
3975.01,155947004,FP,9.4258906,2.406,4450.0,9.65497,824.0,76.541,4507.0,4.64,0.67,227.305873,44.700876,11.8993,135.0,FALSE POSITIVE
3976.01,154293917,CP,6.6080989,3.928,6740.0,12.1125,1157.0,298.497,5993.0,4.12,1.5,224.356008,44.274322,11.8136,516.087,CONFIRMED
3977.01,116382006,PC,23.2547644,7.935,9410.0,10.7553,1009.0,172.212,5627.0,4.55,0.88,231.126555,46.694516,11.379,221.536,CANDIDATE
3978.01,468329664,PC,3.5472157,4.503,6550.0,16.293,1563.0,992.177,5548.0,3.82,2.02,11.370172,78.447722,13.4497,987.539,CANDIDATE
3979.01,444523623,FP,2.041659,3.521,3230.0,8.90978,2365.0,5195.14,6806.0,4.22,1.56,14.558693,61.099519,12.9447,871.833,FALSE POSITIVE
3980.01,312548829,PC,3.6089193,2.255,5318.0,17.0677,1655.0,1247.0,5854.0,4.04,1.63,12.841937,59.575861,11.863,486.721,CANDIDATE
3981.01,312548415,FP,2.2437501,3.821,2880.0,10.0826,2415.0,5651.55,7209.0,4.06,1.96,12.855316,59.409908,12.9165,1172.52,FALSE POSITIVE
3982.01,25773352,PC,5.3438948,4.139,6479.0,16.9428,1655.0,1248.08,7469.0,3.95,2.3,352.556471,53.156351,12.9324,1619.19,CANDIDATE
3983.01,20303110,FA,3.8961515,1.742,8620.0,8.40446,979.0,152.54,5477.2,,0.87,228.83295,40.266956,11.208,,FALSE POSITIVE
3984.01,20182780,CP,4.3533211,1.894,21740.0,7.17236,548.0,14.9972,3422.0,4.77,0.46,226.337147,36.786975,13.4609,108.883,CONFIRMED
3985.01,604863428,FP,3.2358535,3.777,5460.0,,1410.0,656.917,5095.6,,,8.762537,58.13642,13.2638,1432.74,FALSE POSITIVE
3986.01,470911286,FP,1.6212474,3.262,1100.0,10.3122,1826.0,1846.95,4949.0,,3.11,1.129367,66.403045,12.5225,614.539,FALSE POSITIVE
3987.01,452972453,FA,3.2358247,3.629,3260.0,,,,,,,8.762379,58.136446,12.753,1308.27,FALSE POSITIVE
3988.01,452938965,PC,2.8744227,4.081,5002.0,13.3953,1910.0,2213.89,6334.0,3.86,2.17,8.508428,58.844293,12.2454,773.366,CANDIDATE
3989.01,444413256,FP,4.0104917,2.293,6051.0,,2377.0,5306.6,12373.0,,,6.386516,63.040637,11.9551,2949.29,FALSE POSITIVE
399.01,219388773,FP,1.5716819,1.9672248,743.4097278,4.5091786,1319.1647872,715.6772333,4752.8,4.37,0.982066,77.047577,-50.858906,10.6793,106.507,FALSE POSITIVE
3990.01,420446142,FP,5.8423636,2.416,2280.0,18.7395,1441.0,716.73,8648.0,3.6,3.85,5.117344,63.031396,11.6697,1552.26,FALSE POSITIVE
3991.01,418133917,PC,2.2774846,3.756,1520.0,17.7506,1621.0,1146.77,4827.0,,4.7,0.202398,62.803046,12.1197,1089.93,CANDIDATE
3992.01,403347341,PC,6.397886,2.296,9792.0,,1084.0,229.482,5324.0,,,5.625421,57.873275,12.4316,673.065,CANDIDATE
3993.01,403340402,PC,2.2237067,2.7337946,4640.0476893,16.2026957,1649.2355042,1748.4439071,6424.0,,1.4399,5.438019,59.105755,11.5625,457.461,CANDIDATE
3994.01,372505528,FP,3.8974136,2.061,1990.0,6.8757,1320.0,504.623,6827.0,4.25,1.51,6.140224,62.235631,11.0986,400.234,FALSE POSITIVE
3995.01,347210614,APC,6.4219775,4.211,22004.0,,1483.0,803.471,6197.0,,,1.595472,56.192444,12.1602,741.884,CANDIDATE
3996.01,347011522,FP,17.2045725,4.987,3770.0,21.5086,1272.0,434.974,6278.0,4.03,1.77,1.186715,54.196681,12.0205,659.762,FALSE POSITIVE
3997.01,327004130,PC,3.4600026,1.827,8214.0,17.6761,1455.0,744.569,5997.0,4.21,1.37,3.392818,59.896534,12.9854,654.004,CANDIDATE
3998.01,320281287,PC,1.81451,1.746,12864.0,13.3431,1383.0,609.008,5696.0,4.31,1.17,7.636991,56.331467,12.1134,399.813,CANDIDATE
3999.01,284528889,FP,4.112385,3.474,2110.0,9.65749,1361.0,570.966,5659.0,3.78,2.14,9.945507,62.393358,11.6437,525.173,FALSE POSITIVE
4000.01,283015592,PC,3.7027104,3.572,12813.0,21.058,1815.0,1803.49,7493.0,4.12,1.9,0.974631,64.77632,12.5696,878.067,CANDIDATE
4001.01,83148519,PC,4.8982659,2.874,2055.0,4.84123,1152.0,293.004,5696.0,4.37,1.09,2.528952,64.572568,11.7194,315.572,CANDIDATE
4002.01,83053699,FP,3.3378852,3.261,5564.0,19.0038,1834.0,1878.15,6274.0,3.86,2.15,2.335558,60.159078,12.9214,1083.39,FALSE POSITIVE
4003.01,399346877,PC,3.9606593,3.442,5810.0,10.7218,1554.0,970.247,6647.0,4.29,1.4,26.462243,63.924718,12.9762,626.396,CANDIDATE
4004.01,397924314,PC,5.3798996,2.85,8550.0,7.09264,891.0,104.667,4930.3,,0.76,22.973494,66.819333,12.849,515.607,CANDIDATE
4005.01,395773226,FP,3.8471662,2.214,1770.0,7.48475,1011.0,173.747,5115.0,3.91,1.69,34.119911,76.253181,11.7899,329.268,FALSE POSITIVE
4006.01,390048041,FA,3.0491667,4.0262835,6641.051542,,1256.9414051,589.9037165,4579.5,,,23.9436,65.638786,12.715,,FALSE POSITIVE
4007.01,389910188,PC,4.5432349,3.609,12236.0,12.5868,1751.0,1563.16,7998.0,4.6,1.16,23.655685,62.325517,12.4705,511.571,CANDIDATE
4008.01,379629854,FP,2.8278059,2.174,650.0,4.22619,1519.0,885.332,6603.0,4.16,1.62,34.293884,70.39598,10.702,311.774,FALSE POSITIVE
4009.01,368734712,PC,4.3271416,2.382,5340.0,14.5369,1246.0,400.919,5994.0,3.92,1.91,12.779931,70.94581,12.1693,670.801,CANDIDATE
401.01,259701242,FP,2.48548,2.621,160.0,1.28248,1606.0,1105.11,5928.0,4.48,0.96,74.466453,-53.817948,8.235,64.4827,FALSE POSITIVE
4010.01,352682207,CP,5.4146235,2.9417261,4983.0756289,6.6139476,872.0,126.2342489,4888.0,4.45,0.880213,20.21482,66.072201,11.5163,177.504,CONFIRMED
4010.02,352682207,CP,14.7091662,3.6278152,5047.9326311,6.5471787,612.6899904,33.3030602,4888.0,4.45,0.880213,20.21482,66.072201,11.5163,177.504,CONFIRMED
4010.03,352682207,CP,1.3483075,1.7568331,1206.3535884,3.1949876,1358.8572016,805.779628,4888.0,4.45,0.880213,20.21482,66.072201,11.5163,177.504,CONFIRMED
4011.01,289264348,PC,4.3359117,3.461,8530.0,13.9797,1307.0,485.004,5815.0,4.1,1.51,24.601013,72.993169,13.2395,764.591,CANDIDATE
4012.01,280315875,PC,1.82544,1.744,21650.0,11.7503,1022.0,181.783,4324.0,4.49,0.77,41.39883,66.359231,13.3507,245.737,CANDIDATE
4013.01,279265701,PC,2.6325313,4.167,4220.0,15.2766,1731.0,1493.24,5407.0,3.64,2.42,25.79114,70.914425,13.0217,851.105,CANDIDATE
4014.01,85791385,PC,2.8067423,1.997,17630.0,13.4381,1214.0,361.087,5863.0,4.48,0.98,58.204664,68.777467,13.4891,562.401,CANDIDATE
4015.01,85429139,PC,4.7427131,3.115,13560.0,17.876,1179.0,320.783,5947.0,4.12,1.51,53.419992,68.612667,10.767,309.161,CANDIDATE
4016.01,461491274,PC,1.8137851,1.29,3625.0,,870.0,95.2905,4032.5,,,5.277959,66.832344,13.1216,,CANDIDATE
4016.02,461491274,PC,4.3962009,3.9496949,4441.9711318,,1112.6269619,362.1757107,4032.5,,,5.277959,66.832344,13.1216,,CANDIDATE
4017.01,407313319,PC,7.0423707,2.687,5890.0,14.7821,762.0,56.09,4892.0,,1.88,7.739571,68.455108,12.636,558.336,CANDIDATE
4018.01,407243316,PC,3.0755983,1.617,6482.0,,1099.0,242.553,4355.4,,,7.213948,66.468189,13.4612,,CANDIDATE
4019.01,284305328,FP,2.2963814,2.649,7950.0,20.9239,2361.0,5163.1,6620.0,4.04,1.87,9.170845,65.937486,12.6967,554.728,FALSE POSITIVE
402.01,120896927,CP,4.7559737,2.5469696,398.6310113,1.725417,909.5327855,161.7314334,5175.2,4.37657,0.841842,36.867885,-27.636117,8.3157,44.8155,CONFIRMED
402.02,120896927,CP,17.1807214,2.1004813,680.1385904,2.1954034,592.7674866,29.1782002,5175.2,4.37657,0.841842,36.867885,-27.636117,8.3157,44.8155,CONFIRMED
4020.01,10974783,FA,3.2174446,3.8917348,11554.503179,,1694.311528,1947.5744337,,,,29.423058,63.904389,11.852,1245.57,FALSE POSITIVE
4021.01,10507330,PC,5.1175439,1.483,3090.0,12.6029,943.0,131.814,6429.0,3.92,2.07,28.657722,64.569849,11.08,488.31,CANDIDATE
4022.01,1271152446,PC,7.2089041,3.445,6140.0,,,,,,,255.128886,59.62566,13.3972,506.754,CANDIDATE
4023.01,470678283,PC,2.7991658,2.157,9180.0,,1049.0,201.078,4841.6,,,297.032884,85.076052,13.4975,,CANDIDATE
4024.01,470169396,PC,6.3262148,5.353,4928.0,12.5231,1354.0,558.3,5842.0,3.9,1.9,335.627605,78.262333,13.2309,958.682,CANDIDATE
4025.01,441730540,PC,16.2840915,6.45,4600.0,7.99273,924.0,121.312,5770.0,4.29,1.2,257.448863,77.485328,13.3177,769.204,CANDIDATE
4026.01,428963229,PC,3.1239771,2.73696,4477.1379466,,1246.8268423,571.143943,4861.0,,,345.405443,73.609894,13.1759,497.594,CANDIDATE
4027.01,427866520,PC,3.6074546,2.197,1168.0,2.69934,1156.0,297.468,5593.0,4.52,0.91,353.15863,69.422141,11.3099,207.243,CANDIDATE
4028.01,406634633,PC,3.9589142,2.42,16160.0,15.2242,1161.0,301.848,5963.0,4.3,1.22,355.230606,69.974452,13.0911,610.074,CANDIDATE
4029.01,393633044,PC,5.8850401,3.622,3030.0,6.61503,1142.0,282.509,5712.4,4.3,1.18,239.233719,16.980285,11.1718,274.436,CANDIDATE
4030.01,390021939,PC,2.5089892,2.341,2970.0,5.46523,1384.0,609.961,5574.0,4.44,0.99,277.622837,56.770452,13.2338,571.615,CANDIDATE
4031.01,389968080,PC,10.0462596,2.1788712,18214.2478783,16.4472821,801.0080118,97.290087,5637.9,4.49,0.945159,277.325439,55.320525,13.2687,565.437,CANDIDATE
4032.01,387603144,FP,2.4567112,1.716,530.0,3.05136,1387.0,614.383,6223.0,4.39,1.16,313.098531,66.599315,11.0498,296.012,FALSE POSITIVE
4033.01,387330895,PC,3.6142971,2.016,14219.0,,,,,,,310.100457,67.533801,13.2787,,CANDIDATE
4034.01,375654303,PC,1.8020923,2.949,8570.0,17.3634,1832.0,1870.78,5760.0,3.92,1.85,335.146984,71.767346,12.5798,745.145,CANDIDATE
4035.01,372392226,PC,3.0295916,2.473,14333.0,,1127.0,267.84,5081.3,,,332.124123,68.904553,13.0874,506.315,CANDIDATE
4036.01,367913453,FP,2.7761628,2.139,1340.0,6.58454,1342.0,538.633,5778.0,3.92,1.84,355.51293,76.918784,12.3618,644.55,FALSE POSITIVE
4037.01,367287018,FP,4.7257129,2.701,1740.0,10.5468,1205.0,350.147,6139.0,3.71,2.48,342.552349,75.860399,11.3896,653.395,FALSE POSITIVE
4038.01,366580825,PC,4.2989288,3.022,4590.0,9.94472,1223.0,371.547,5671.0,4.12,1.45,305.02027,73.277764,13.0885,562.818,CANDIDATE
4039.01,366120401,PC,4.7308142,3.062,8780.0,9.85689,1154.0,295.429,5777.0,4.42,1.05,273.734478,49.761588,12.9186,548.908,CANDIDATE
4040.01,356786657,PC,7.1357259,2.5094893,1047.4205923,2.7853042,822.4059608,108.1100329,5446.0,4.57,0.835627,268.614463,77.48831,12.3407,297.107,CANDIDATE
4041.01,345645749,PC,7.8808589,4.788,5120.0,10.2354,1149.0,289.546,5914.8,4.17,1.41,246.855462,21.616792,10.9342,311.111,CANDIDATE
4042.01,332393279,PC,2.3238426,2.391,9780.0,13.8867,1513.0,870.497,5983.9,4.2,1.38,255.364082,28.988524,13.1659,869.366,CANDIDATE
4043.01,322262448,PC,5.1191172,5.563,6317.0,13.0806,1542.0,939.766,5926.0,4.01,1.7,325.554628,69.504808,12.2319,636.467,CANDIDATE
4044.01,307956396,FP,4.1508803,2.256,12290.0,8.31799,807.0,70.6022,4460.0,4.56,0.73,256.664332,63.778535,13.2653,268.508,FALSE POSITIVE
4045.01,298264260,PC,7.9927894,3.884,16540.0,,971.0,147.635,5530.9,,,241.364506,55.186006,13.2155,598.385,CANDIDATE
4046.01,284760740,PC,0.7583741,0.748,850.0,5.4111,1660.0,1262.0,6209.0,4.13,1.56,238.686827,25.01394,10.6525,328.581,CANDIDATE
4047.01,279769094,PC,4.5029619,4.169,2890.0,9.44788,2010.0,2710.22,8103.0,4.24,1.77,351.605114,68.03607,13.028,817.383,CANDIDATE
4048.01,279605855,FP,1.972401,2.435,7460.0,14.7348,1916.0,2239.66,6184.0,4.1,1.6,346.577907,71.21333,13.1947,974.435,FALSE POSITIVE
4049.01,259274960,PC,31.4001189,2.545496,15097.0640966,10.2456091,455.3113573,10.156754,4953.0,4.55,0.791713,293.764805,66.25505,13.2588,353.826,CANDIDATE
405.01,176984236,FP,1.7560902,1.763,1650.0,7.52118,,1923.34,6249.0,4.28,1.29,101.909492,-66.328317,10.5683,266.9,FALSE POSITIVE
4050.01,255865833,PC,4.6546139,1.365,5540.0,12.7473,861.0,91.4646,5966.0,4.08,1.58,306.85268,68.231866,13.2838,903.312,CANDIDATE
4051.01,237101326,PC,1.5373948,1.194,2710.0,5.76435,1391.0,621.715,5091.0,4.36,1.0,240.691824,71.224288,13.0273,441.274,CANDIDATE
4052.01,236775063,FP,0.7409429,1.084,2460.0,4.58442,1740.0,1523.27,5406.0,4.53,0.87,282.663177,55.801405,13.0109,427.299,FALSE POSITIVE
4053.01,235684392,FP,21.7894491,6.8044292,12276.8028409,,652.5693517,42.8575849,6118.5,,,288.092884,77.922621,13.0309,681.888,FALSE POSITIVE
4054.01,233719215,PC,17.356719,2.5707102,12730.2717116,9.705386,523.4129662,17.7377655,4697.0,4.55,0.760629,276.291469,60.773296,13.0533,287.646,CANDIDATE
4055.01,233053554,PC,4.567925,3.047,18440.0,14.2306,1125.0,266.468,5675.0,4.41,1.04,269.179221,64.766624,13.1755,602.399,CANDIDATE
4056.01,232567319,PC,5.0518907,3.743,3310.0,9.11036,1372.0,588.998,6328.9,4.15,1.55,247.549643,49.895791,11.4354,484.852,CANDIDATE
4057.01,230388132,PC,2.4076941,1.438,4810.0,7.15781,1113.0,255.63,5702.0,4.46,0.98,286.186545,64.153145,13.2611,590.913,CANDIDATE
4058.01,229639351,PC,2.8668029,1.879,7280.0,,983.0,155.045,4871.9,,,278.804934,73.599493,13.4062,,CANDIDATE
4059.01,229605891,PC,2.0381761,1.988,23020.0,13.0071,1169.0,310.835,4928.0,4.52,0.82,274.182772,76.890911,13.084,339.185,CANDIDATE
406.01,153065527,CP,13.1757294,2.1570272,2479.3477138,1.9602373,325.2663942,2.6453174,3349.0,4.94138,0.388609,49.262643,-42.244149,11.2828,31.0597,CONFIRMED
406.02,153065527,CP,6.614911,0.9654605,1060.5715819,1.2731554,409.2506857,6.6294678,3349.0,4.94138,0.388609,49.262643,-42.244149,11.2828,31.0597,CONFIRMED
4060.01,229508727,PC,23.1315739,2.293,8950.0,,427.0,5.53336,4952.3,,,297.06168,64.426043,13.1135,,CANDIDATE
4061.01,224601047,FA,7.2087245,3.506,4690.0,,904.0,110.913,5144.9,,,255.12889,59.625658,13.109,431.258,FALSE POSITIVE
4062.01,219866209,PC,6.7473822,2.112,14810.0,13.1026,730.0,47.3055,5332.0,4.35,1.06,259.098604,67.566607,13.4167,611.532,CANDIDATE
4063.01,219499488,APC,1.6323062,1.890872,12429.1862217,15.8543427,1337.9878723,757.4076888,5099.9,4.45,0.912575,244.369594,46.648021,13.0444,408.646,CANDIDATE
4064.01,219489550,PC,3.8823511,2.6909833,3177.344653,9.5364228,1465.018804,1088.6638396,5622.4,3.98,1.68668,243.370371,42.885503,12.6555,756.022,CANDIDATE
4065.01,219485050,PC,3.5908038,3.027,6690.0,9.85407,1291.0,462.467,5657.0,4.3,1.18,242.83196,47.712652,12.8377,579.364,CANDIDATE
4066.01,193556520,PC,6.7201811,3.187,18030.0,11.5271,823.0,76.4183,4914.0,4.49,0.85,245.992526,45.261098,13.3925,415.005,CANDIDATE
4067.01,162577466,FP,3.6772391,4.2517064,13763.2116365,13.2496189,1244.8918384,567.6066573,5801.0,4.36,1.11792,243.935867,48.325503,13.1815,679.411,FALSE POSITIVE
4068.01,159334269,FP,1.1578392,1.363,9660.0,11.2362,1973.0,2519.45,6409.0,4.4,1.18,233.694873,79.449837,13.3675,915.093,FALSE POSITIVE
4069.01,143009290,PC,2.7240303,1.649,12600.0,10.9383,1038.0,193.03,5366.0,4.47,0.93,252.593952,16.982718,13.0531,437.789,CANDIDATE
407.01,349518800,APC,2.1654694,3.408,4990.0,13.5615,1970.0,2503.96,5830.0,4.26,1.86,111.211721,-62.092431,12.7862,959.461,CANDIDATE
4070.01,115270627,PC,3.1504798,1.096,9210.0,10.0008,876.0,98.0783,5229.0,4.49,0.89,250.276118,42.436314,13.0022,411.289,CANDIDATE
4071.01,115182469,PC,6.5169955,2.416,930.0,2.26174,783.0,62.6073,4937.5,4.64,0.71,249.291448,43.344761,10.7133,104.24,CANDIDATE
4072.01,85459171,PC,2.1390271,3.556,19090.0,,1887.0,2105.59,5869.6,,,257.735006,36.452877,13.3802,860.437,CANDIDATE
4073.01,648958344,PC,2.3079651,2.064,1650.0,,,,,,,46.566185,70.214692,11.7332,59.7061,CANDIDATE
4074.01,628103717,PC,3.2175013,3.2,11871.0,16.011,1580.0,1034.94,7932.0,4.32,1.56,29.423373,63.90459,12.6844,885.18,CANDIDATE
4075.01,627323667,PC,3.0492435,3.627,7425.0,,,,,,,23.9436,65.638786,13.0731,1965.77,CANDIDATE
4076.01,57193198,PC,4.3965758,2.827,6250.0,9.71601,1205.0,350.289,5957.0,4.3,1.23,250.907053,36.141365,12.5834,587.551,CANDIDATE
4077.01,57159675,PC,5.5679111,2.4294368,12867.4456847,9.5108395,808.2369842,100.8499947,4887.0,4.53,0.801525,250.298493,38.961556,12.8682,302.435,CANDIDATE
4078.01,444724127,PC,3.1639309,3.143,4080.0,,1598.0,1083.96,6323.0,,,25.092991,65.203879,12.2305,5406.92,CANDIDATE
4079.01,444558604,PC,1.9872259,2.486,19450.0,15.6112,1670.0,1292.25,6178.0,4.44,1.08,19.980843,64.538054,12.1484,360.76,CANDIDATE
408.01,176778112,FP,1.33679,1.488,700.0,2.70732,1581.0,1038.31,5600.0,4.43748,0.98,47.82774,-35.628068,9.6114,109.991,FALSE POSITIVE
4080.01,428892437,PC,3.7519831,2.891,17240.0,12.9516,1157.0,297.501,5389.0,4.43,0.97,84.865203,81.54345,13.3593,543.607,CANDIDATE
4081.01,421973253,PC,9.2584055,3.8583323,2039.8195589,11.7073433,1361.0709228,811.0432719,5707.0,3.64,2.53632,21.572736,64.840007,10.6675,439.932,CANDIDATE
4082.01,400899926,PC,4.625568,3.645,9810.0,13.2242,1313.0,493.442,5972.0,4.23,1.34,17.399896,69.732043,12.804,568.171,CANDIDATE
4083.01,399444057,FP,2.0714803,3.108,1660.0,9.7546,2274.0,4440.11,7047.0,3.85,2.46,26.687843,63.612237,11.6433,732.131,FALSE POSITIVE
4084.01,346673534,PC,15.634183,2.888,12980.0,11.238,611.0,23.2536,5725.0,4.49,0.96,280.779456,20.21884,12.8934,453.772,CANDIDATE
4085.01,336840314,PC,2.8285323,2.7144158,9695.9755103,10.3779772,1208.4765945,504.0504139,5257.0,4.37,1.02586,281.83562,26.417834,11.9705,290.594,CANDIDATE
4086.01,328814605,PC,5.6917579,5.3459619,5379.1683802,12.6894204,1309.3579262,694.6315867,5783.0,4.01,1.66513,138.280617,85.271029,12.111,592.872,CANDIDATE
4087.01,310002617,CP,3.1774814,2.824,14190.0,13.9016,1393.0,625.157,6071.0,4.39,1.12,217.925779,83.372706,11.2961,301.676,CONFIRMED
4088.01,302381397,PC,2.7284428,2.201,10460.0,12.71,1266.0,427.584,5686.0,4.28,1.21,100.081046,76.553069,12.2523,439.803,CANDIDATE
4089.01,298752252,PC,3.2462849,1.513,9210.0,18.4686,,610.063,5895.5,,1.06,267.851204,22.661333,11.6421,321.956,CANDIDATE
409.01,167754523,FP,6.7992776,1.58,210.0,1.09621,656.0,30.7937,4913.8,4.54,0.73,104.181674,-60.687954,9.1536,53.3027,FALSE POSITIVE
4090.01,289373041,PC,3.177514,2.043,3640.0,5.10272,975.0,150.032,4740.0,4.49,0.82,278.232233,39.637997,12.5509,250.984,CANDIDATE
4091.01,289316336,FP,3.0038696,3.24,760.0,3.44576,1702.0,1394.39,6171.0,4.35,1.2,277.979234,39.669309,11.2834,337.362,FALSE POSITIVE
4092.01,288242606,PC,7.495973,5.366,7790.0,12.6471,1186.0,328.532,5667.0,4.14,1.41,258.431157,81.004051,12.8687,686.613,CANDIDATE
4093.01,284454822,PC,10.4722034,3.282,1769.0,3.13882,773.0,59.5148,5388.0,4.61,0.79,290.738474,59.431202,12.1517,261.191,CANDIDATE
4093.02,284454822,PC,17.7046155,4.2555427,1283.7058316,2.8587599,586.5001986,27.963637,5388.0,4.61,0.791536,290.738474,59.431202,12.1517,261.191,CANDIDATE
4094.01,280035202,PC,4.9111786,2.6459244,606.3968298,3.4399601,1241.735358,561.8717441,6186.0,4.33,1.2372299,297.678176,68.167662,11.1004,312.41,CANDIDATE
4095.01,274974693,PC,4.1539244,1.41,7500.0,9.73932,850.0,86.6756,5737.0,4.37,1.09,257.899648,47.257065,12.9287,559.648,CANDIDATE
4096.01,272782321,PC,10.1045108,3.23,1490.0,3.3818,733.0,47.9649,5053.0,4.46,0.9,237.986823,67.039685,12.4983,306.261,CANDIDATE
4097.01,264295655,PC,2.7741864,2.005,1910.0,3.6487,1240.0,393.387,5636.0,4.61,0.82,320.233103,83.022778,12.4222,317.929,CANDIDATE
4098.01,264223828,PC,1.1789842,0.856,1160.0,5.02454,1248.0,403.61,5650.0,4.17,1.37,319.351026,79.6107,12.0216,425.694,CANDIDATE
4099.01,264173803,PC,4.3954123,2.306,850.0,2.02986,920.0,119.282,4836.0,4.6,0.73,294.561939,71.574534,11.9512,177.305,CANDIDATE
410.01,206466531,FP,1.42744,1.973,450.0,7.86301,3620.0,28512.6,6000.2,4.36,1.33,56.815012,-52.985207,10.0081,223.145,FALSE POSITIVE
4100.01,243297296,PC,3.585982,2.384,2920.0,,1278.0,442.89,6195.0,,,288.578982,59.895802,12.1308,489.834,CANDIDATE
4101.01,243280335,PC,4.3202706,1.211,3400.0,,853.0,88.2086,6287.0,,,288.518301,56.626003,12.7584,691.697,CANDIDATE
4102.01,237235093,FP,2.6834113,1.146,760.0,2.33576,1003.0,168.322,5221.0,4.62,0.76,297.484569,73.086464,11.812,185.25,FALSE POSITIVE
4103.01,235902467,PC,12.2740928,3.532,14450.0,12.7514,740.0,50.0141,5674.0,4.4,1.05,289.751203,82.875584,11.2056,243.002,CANDIDATE
4104.01,235664497,PC,2.3757662,3.323,7500.0,19.1019,1978.0,2544.85,6676.0,3.9,2.2,277.717657,19.796009,12.9978,1367.43,CANDIDATE
4105.01,233576159,PC,5.7152049,2.783,2080.0,10.4523,1064.0,213.024,5845.0,3.75,2.25,282.204034,65.941643,12.5452,1010.35,CANDIDATE
4106.01,233535738,APC,16.3558787,4.674,1220.0,3.48406,800.0,68.1566,5740.0,4.45,1.0,280.745794,62.818388,11.2452,243.519,CANDIDATE
4107.01,232632239,PC,3.5322939,1.901,2450.0,3.40196,787.0,64.0026,4003.0,4.59,0.66,269.240718,58.882622,12.8398,153.899,CANDIDATE
4108.01,232603560,PC,14.4348737,6.023,1640.0,8.117,1073.0,220.777,5834.0,3.89,1.93,257.667388,60.028468,11.9824,665.929,CANDIDATE
4109.01,230084146,PC,12.320331,2.327,5790.0,5.10721,464.0,7.71974,4103.0,4.62,0.65,246.36791,66.351585,12.73,153.444,CANDIDATE
411.01,100990000,CP,9.5730706,3.7949677,370.8091141,2.3053058,941.9166541,186.024825,6101.0,4.38774,1.11672,54.819538,-42.763028,7.757,62.7792,CONFIRMED
411.02,100990000,CP,4.040413,3.5274466,143.394396,1.5473747,1255.7050544,587.586178,6101.0,4.38774,1.11672,54.819538,-42.763028,7.757,62.7792,CONFIRMED
4110.01,230075120,FP,0.7676706,1.057,340.0,2.98877,2031.0,2825.39,6377.0,4.17,1.53,244.441282,69.447713,11.1315,417.852,FALSE POSITIVE
4111.01,230006888,PC,12.2788421,4.387,4960.0,9.64521,845.0,84.8171,5596.0,4.15,1.39,290.980736,63.557271,12.955,705.399,CANDIDATE
4112.01,229976631,FA,10.7166249,3.8540186,1308.3913665,2.16171,581.7069809,27.0606425,4235.5,,0.65,290.108847,61.085434,11.024,,FALSE POSITIVE
4113.01,229786610,PC,22.1575175,3.374,837.0,2.17495,523.0,12.4497,5174.0,4.58,0.79,283.889684,71.400671,11.101,148.616,CANDIDATE
4114.01,229408913,PC,4.8038539,2.7824259,2380.362129,4.0981388,683.6599416,51.6275524,4080.0,4.56,0.692076,292.965281,61.882054,12.3109,132.393,CANDIDATE
4115.01,199610140,PC,2.9855843,1.184,9990.0,10.0005,883.0,100.984,4602.0,4.48,0.82,249.121348,57.150009,12.8076,264.995,CANDIDATE
4116.01,198616607,FP,3.6311186,2.416,6300.0,15.6552,,1145.48,5979.9,,1.63,271.403617,47.550327,12.4627,504.87,FALSE POSITIVE
4117.01,198189972,PC,25.0930011,5.5344286,5820.9357478,10.3058363,715.7737734,62.0331918,5775.0,4.2,1.33728,246.202805,60.965502,12.6541,632.646,CANDIDATE
4118.01,193773468,PC,2.5551882,2.356,11630.0,13.5962,1376.0,595.9,5855.0,4.3,1.21,268.37328,46.34641,12.7376,594.975,CANDIDATE
4119.01,160618074,PC,5.201975,1.175,4990.0,9.15316,653.0,30.1871,4950.0,4.21,1.18,246.270436,73.283495,12.9267,468.817,CANDIDATE
412.01,7624182,FP,1.1096992,2.097,620.0,9.33715,5211.0,122457.0,8666.0,3.80083,3.13,64.311488,-38.844171,8.7929,460.728,FALSE POSITIVE
4120.01,159438097,PC,4.8952783,5.325,4730.0,14.0672,1519.0,883.882,5828.0,3.96,1.77,241.928706,82.072535,12.8777,912.594,CANDIDATE
4121.01,157218656,PC,2.8622679,2.646,14440.0,18.4047,1803.0,1757.24,7167.0,4.3,1.49,267.707093,16.774858,11.6881,605.874,CANDIDATE
4122.01,156215204,APC,2.4307782,1.708,1310.0,12.4035,1321.0,506.486,6015.0,3.45,3.3,184.968065,83.235697,12.0844,1212.25,CANDIDATE
4123.01,153896150,PC,2.787945,1.5084757,3211.467356,7.5851475,1121.9560583,374.4763489,5375.0,4.55,0.847241,131.233555,75.105679,11.8522,242.624,CANDIDATE
4124.01,150761163,PC,3.4138019,2.877,9850.0,22.5559,1168.0,309.683,5150.0,,2.24,279.258065,14.206599,11.436,512.0308,CANDIDATE
4125.01,147761049,PC,4.7155974,3.4748078,11242.4339671,18.3601489,1365.3855665,821.3764221,5873.0,4.08,1.5585099,109.305384,70.780189,12.72,766.601,CANDIDATE
4126.01,141616639,FP,3.2428744,2.417,1470.0,2.3171,909.0,113.659,4016.0,4.72,0.58,108.818021,81.220983,12.3454,107.33,FALSE POSITIVE
4127.01,141488193,CP,56.4043748,4.069,9060.0,12.5447,272.0,0.909373,6433.0,4.36,1.25,105.404552,72.41493,11.0383,319.632,CONFIRMED
4128.01,137420801,PC,1.9795413,2.088,2640.0,4.77367,1381.0,604.981,5275.0,4.46,0.92,128.261476,82.024762,12.2769,308.87,CANDIDATE
4129.01,123357034,PC,3.2724973,1.459,5320.0,5.6778,718.0,44.1281,4279.0,4.51,0.75,281.527275,46.248566,11.8417,130.284,CANDIDATE
4130.01,71396541,FP,6.269716,3.696,1240.0,3.86288,982.0,154.408,4812.0,4.26,1.08,116.069722,68.826258,10.7386,148.525,FALSE POSITIVE
4131.01,47937361,PC,2.3382502,2.289,13090.0,11.123,1274.0,438.011,5263.0,4.45,0.94,280.9612,48.134073,12.8667,411.113,CANDIDATE
4132.01,335655755,PC,11.7647926,4.4338184,4428.9591948,11.5240963,1050.4074921,287.7082031,5801.0,4.01,1.69397,216.765629,78.762732,11.8921,578.129,CANDIDATE
4133.01,468396217,PC,4.1571604,4.348,8040.0,,1469.0,773.464,5766.9,,,75.104595,69.82074,12.9532,708.626,CANDIDATE
4134.01,420803693,FP,0.9135968,1.247,540.0,2.17077,1881.0,2079.14,5987.0,4.58,0.89,70.506153,79.987529,11.2063,228.59,FALSE POSITIVE
4135.01,288471040,FP,2.5139764,2.36,560.0,4.90303,1583.0,1043.42,6150.0,3.9,2.05,271.493129,78.049292,10.5893,421.5,FALSE POSITIVE
4136.01,420680343,PC,3.7630305,3.503,1580.0,5.96705,1586.0,1050.55,6357.0,4.19,1.5,20.407409,82.168783,12.1943,608.697,CANDIDATE
4137.01,417646390,CP,3.8016217,3.223,8310.0,13.6371,1418.0,672.585,6244.0,4.19,1.47,77.612879,70.391079,10.8557,334.993,CONFIRMED
4138.01,257060897,CP,3.660032,4.7853014,7749.7203265,17.5565568,1662.3109767,1804.5548719,5988.0,3.93,1.88626,227.532153,72.710313,11.2633,505.703,CONFIRMED
4139.01,408729765,FP,4.6200781,2.149,3480.0,7.04607,1068.0,216.021,5999.0,4.36,1.16,24.670602,80.433347,12.9551,610.592,FALSE POSITIVE
414.01,325680697,FP,1.82488,1.757,2950.0,24.8366,2088.0,3161.32,5773.74,3.51,1.23,36.853585,-12.03893,9.15779,115.124,FALSE POSITIVE
4140.01,400103802,PC,4.2511214,2.823,13830.0,11.2617,1097.0,240.568,5501.0,4.48,0.94,96.977875,74.00813,12.1311,311.002,CANDIDATE
4141.01,400093775,PC,3.6022715,2.752,9700.0,14.4799,1368.0,582.883,6338.0,4.21,1.45,87.952472,71.290609,12.5401,702.211,CANDIDATE
4142.01,39573090,PC,3.6593967,3.917,4230.0,12.1105,1567.0,1001.69,5875.0,3.92,1.86,263.891395,35.276512,12.6521,890.805,CANDIDATE
4143.01,371711170,FP,9.8482192,4.24,1670.0,13.8742,1056.0,206.691,6126.0,3.46,3.31,70.100556,81.077272,12.1158,1283.53,FALSE POSITIVE
4144.01,313194972,PC,16.9020565,5.729,14890.0,11.3763,783.0,62.5724,5442.0,4.49,0.91,86.617798,75.045539,11.9039,260.002,CANDIDATE
4145.01,279947414,CP,4.0664446,1.712,19740.0,12.1827,856.0,89.3911,5421.0,4.54,0.86,39.429743,80.267384,11.5241,205.387,CONFIRMED
4146.01,23124038,APC,0.7011578,0.932,5890.0,13.2816,2326.0,4863.59,6036.0,4.13,1.51,274.417782,34.091383,11.5765,464.611,CANDIDATE
4147.01,138329479,PC,2.3745416,3.17,10590.0,13.6144,1674.0,1303.71,5865.0,4.23,1.3,83.088172,79.809132,12.7833,631.739,CANDIDATE
4148.01,137157546,FP,3.6841446,2.967,2260.0,3.74263,1145.0,286.262,4939.0,4.55,0.79,30.021663,77.369001,12.0672,204.639,FALSE POSITIVE
4149.01,103096524,PC,3.2928068,2.107,16460.0,11.9432,990.0,159.842,5037.0,4.44,0.91,61.055097,75.496655,12.8508,331.43,CANDIDATE
4150.01,102719996,PC,9.7938352,4.6542394,6228.3071316,13.1815999,1019.0147305,254.8254794,5737.0,4.12,1.46202,62.520982,70.915716,12.8051,636.934,CANDIDATE
4151.01,406926040,PC,11.6999152,3.863,2960.0,12.0929,986.0,157.492,6906.0,3.94,2.16,287.427001,56.364271,11.2924,701.278,CANDIDATE
4152.01,1813844121,PC,1.5822588,2.964,13280.0,,,,,,,280.763651,24.089703,11.7729,555.317,CANDIDATE
4153.01,470171739,CP,4.6174254,4.5173138,9412.560054,16.6632337,1504.8598368,1212.0072219,6411.0,4.1,1.67219,335.39347,82.216079,11.1477,423.84,CONFIRMED
4154.01,470156846,PC,7.3446285,5.044,4210.0,12.8665,1321.0,506.001,6320.0,3.94,1.99,332.9053,82.730642,12.7397,975.983,CANDIDATE
4155.01,467331291,CP,3.3207642,2.487,940.0,3.02356,1371.0,586.762,6142.0,4.55,0.95,325.636227,77.734384,11.2473,240.737,CONFIRMED
4156.01,462553953,PC,4.461878,2.937,500.0,2.32515,1289.0,459.495,5986.0,4.45,1.04,230.780834,76.331882,10.7152,213.719,CANDIDATE
4156.02,462553953,PC,12.822639,3.1703392,750.9057494,3.0954065,809.3225377,101.3928989,5986.0,4.45,1.0396301,230.780834,76.331882,10.7152,213.719,CANDIDATE
4157.01,461538935,FP,5.289835,3.179,2330.0,7.64474,1986.0,2582.58,6655.0,4.5,1.11,345.981898,85.443022,11.5576,348.692,FALSE POSITIVE
4158.01,441797394,PC,13.4167713,2.151,1780.0,,,,,,,264.300955,72.086479,12.275,397.98,CANDIDATE
4159.01,441600335,APC,0.8659846,0.891,1660.0,8.86618,1676.0,1311.06,5815.0,3.89,1.92,115.451745,74.183878,12.2075,745.908,CANDIDATE
416.01,49899799,FP,7.0114,4.8,8970.0,18.1417,1459.0,753.673,6084.8,4.01,1.82,48.854393,-2.175314,8.28222,131.962,FALSE POSITIVE
4160.01,441580526,PC,4.4427146,3.2966866,12220.1525687,11.7585481,1122.4415956,375.1250027,5754.0,4.41,1.04413,111.741144,72.229339,12.2319,399.676,CANDIDATE
4161.01,441572821,PC,4.2607797,6.4465003,3857.0364187,13.7822358,1936.2869886,3322.0021575,7409.0,4.0,2.1503201,110.150431,72.7594,11.9399,1064.43,CANDIDATE
4162.01,420114036,PC,4.3744258,5.275,8580.0,19.4866,1625.0,1159.28,6013.0,3.86,2.05,290.391821,73.350122,12.095,725.754,CANDIDATE
4163.01,420112217,PC,21.5615248,5.73,3600.0,7.76454,745.0,51.2879,5644.0,4.22,1.28,290.057677,73.989657,12.4899,485.147,CANDIDATE
4164.01,420108587,PC,3.522843,2.874,800.0,3.93303,1400.0,638.021,5952.0,,1.39,284.884564,73.513284,12.2779,511.193,CANDIDATE
4165.01,398371628,PC,7.1406422,1.9916579,7517.3472752,11.978218,902.2960634,156.6452579,5463.0,4.42,1.00007,316.012586,85.878209,12.1926,338.176,CANDIDATE
4166.01,389777651,PC,5.236124,2.622,930.0,2.94616,1032.0,188.943,5604.0,4.47,0.96,156.22955,84.754719,11.6431,257.962,CANDIDATE
4167.01,377165123,FP,14.793901,3.171,8150.0,8.42756,584.0,19.3352,5095.0,4.52,0.84,285.797008,57.388177,12.9474,359.643,FALSE POSITIVE
4168.01,372758077,PC,29.3821476,2.9371293,6575.439488,14.7329776,649.2327084,41.9877466,6016.0,4.36,1.1547199,173.833691,79.413053,11.447,326.475,CANDIDATE
4169.01,372747949,PC,3.4026932,5.23,2900.0,11.5347,1787.0,1695.28,5661.0,3.77,2.18,311.820471,76.107008,12.7553,917.988,CANDIDATE
417.01,339733013,FP,5.62162,2.675,580.083,3.35879,1191.0,334.683,5834.2,4.24,1.27,110.851802,-58.696738,10.0793,186.807,FALSE POSITIVE
4170.01,366972162,PC,2.190225,3.151,8750.0,15.1395,1750.0,1559.45,5929.0,4.09,1.56,337.594234,77.865504,12.3623,587.217,CANDIDATE
4171.01,362223355,PC,3.7453991,3.327,1390.0,3.17171,1267.0,428.765,5133.0,4.56,0.81,286.720557,81.654539,12.4747,279.324,CANDIDATE
4172.01,359388309,PC,4.1915095,3.187,900.0,2.33252,1129.0,270.353,4996.0,4.56,0.79,268.045217,58.366826,12.2997,241.956,CANDIDATE
4173.01,358613376,PC,8.2713274,3.809,20740.0,14.0507,968.0,146.225,5921.0,4.5,0.97,175.198472,79.612558,12.6361,462.904,CANDIDATE
4174.01,356822426,PC,1.5569519,1.066,950.0,6.93656,1386.0,614.242,6464.0,3.94,2.04,275.098441,71.161935,12.456,1043.59,CANDIDATE
4175.01,952046774,PC,2.1632835,1.362,830.0,,,,,,,198.540133,-16.559329,8.0935,46.5528,CANDIDATE
4176.01,58533991,APC,3.2089372,3.1,6310.0,19.3856,1826.0,1849.02,7423.0,3.89774,2.43,202.001393,-29.791077,9.5399,397.15,CANDIDATE
4177.01,130981260,APC,3.6928289,3.866,5223.0,15.6542,1803.0,1756.36,7042.0,3.97,2.13,188.565163,-35.05366,10.1793,430.587,CANDIDATE
4178.01,289988797,FP,2.2042212,1.011,4250.0,9.78883,876.0,97.961,5702.0,4.14,1.42,192.13314,-13.65338,10.0415,197.507,FALSE POSITIVE
4179.01,297148017,PC,2.5485772,3.113,1270.0,,2324.0,4846.69,4813.4,,,202.416161,-16.555127,10.3738,,CANDIDATE
4180.01,126737992,APC,1.5954319,1.0,473.6397437,4.3219935,2577.685746,10433.760937,7511.0,3.92857,1.92067,136.91925,-50.640231,8.2938,166.873,CANDIDATE
4181.01,426017070,FP,0.5992533,2.3197658,24379.9383482,2.9919707,5578.8918184,228935.2995208,31000.0,5.59998,0.18,42.812401,-73.155511,15.951,5885.3,FALSE POSITIVE
4182.01,31637479,PC,27.848697,3.519,343.0,2.77036,588.0,19.8693,5399.6,3.9,1.56,45.914751,-69.747697,9.2747,132.682,CANDIDATE
4183.01,421951960,PC,11.7915574,1.6063345,661.9685157,3.2687802,943.8952366,187.5928059,6407.0,4.35687,1.24512,329.829884,-19.7446,9.10478,135.086,CANDIDATE
4184.01,394357918,CP,4.9019938,1.3243804,10774.951206,2.5554145,382.3996541,5.0534848,3147.0,5.04654,0.240807,43.828475,-79.414704,14.2612,69.3649,CONFIRMED
4185.01,152563846,PC,16.5414219,3.4223633,1098.6666331,3.3270234,560.6053342,23.3426364,4395.6,4.49,0.938435,172.227886,-38.106977,10.7194,99.0303,CANDIDATE
4186.01,300579472,PC,12.7503356,3.297,692.0,2.17135,755.0,54.0301,5639.0,4.55041,0.88,321.108012,-29.248223,8.985,68.4487,CANDIDATE
4187.01,176780257,PC,30.8812601,10.7723374,425.1596999,5.2996592,891.0210182,148.9610746,6047.0,3.7899,2.2319901,48.283944,-34.375416,8.301,154.732,CANDIDATE
4188.01,424747720,FP,10.2813284,2.4414916,37333.9631684,11.8759119,464.4628168,10.9982809,3919.0,4.63413,0.593317,290.672257,-51.426409,13.0123,148.134,FALSE POSITIVE
4189.01,7422496,PC,46.9621053,5.7665722,757.7887314,2.4680695,468.4562934,11.3814426,5744.0,4.56261,0.879321,81.348892,-44.431285,8.7601,69.6026,CANDIDATE
419.01,279251651,FP,0.4038426,1.0592218,636.6337963,1.442393,1316.835102,710.634979,4119.1,4.73,0.555,104.153958,-59.181309,10.5886,42.76,FALSE POSITIVE
4190.01,65416038,PC,15.6062307,3.6444849,659.0717891,2.1494954,593.9834944,29.4183635,5067.0,4.54195,0.816585,40.92402,-28.343988,10.6617,121.494,CANDIDATE
4191.01,167905035,PC,742.8561164,5.6483285,415.3404179,2.2756143,210.8499272,0.4671053,5816.0,4.37494,1.10194,151.707956,-29.966743,8.6282,83.9132,CANDIDATE
4192.01,41995709,PC,4.2300182,1.847,3470.0,17.0408,1537.0,927.501,6064.1,4.18,1.44,23.788129,-41.507216,11.8791,507.639,CANDIDATE
4193.01,382419744,PC,6.5081212,5.472,8260.0,11.511,1299.0,473.037,5652.8,4.38,1.27,35.04738,-54.10332,12.7464,597.937,CANDIDATE
4194.01,299176311,APC,1.0432995,1.169,3260.0,6.51532,1705.0,1405.89,5943.0,4.42,1.07,22.26623,-8.17935,12.5496,505.742,CANDIDATE
4195.01,67598139,PC,5.4447698,1.366,5420.0,,761.0,55.9408,5890.0,,,17.632245,-34.270678,12.6802,491.261,CANDIDATE
4196.01,67566164,PC,3.125924,2.985,18690.0,17.3686,1378.0,600.297,5828.0,4.28,1.24,16.001037,-31.68549,12.5345,560.078,CANDIDATE
4197.01,332579116,PC,3.9017499,1.845,27430.0,12.6062,816.0,73.9553,4665.0,4.6,0.71,62.022558,-12.332383,12.8512,240.7,CANDIDATE
4198.01,459913687,PC,4.746318,3.117,12470.0,12.2509,1149.0,290.335,5648.0,4.36,1.09,59.018561,3.610113,13.3547,545.887,CANDIDATE
4199.01,220144363,PC,4.4466179,4.511,7930.0,16.7023,1659.0,1257.77,6534.0,4.03,1.85,99.039982,6.472367,11.5141,598.941,CANDIDATE
420.01,408159788,FP,2.300698,3.451,780.0,4.87824,3198.0,17366.7,5747.3,4.57,0.85,78.447702,7.055842,10.6152,145.407,FALSE POSITIVE
4200.01,53593542,PC,1.027641,1.977,12630.0,,1978.0,2542.32,5640.0,,,100.367833,-3.892372,13.5569,1362.6,CANDIDATE
4201.01,95057860,CP,3.5809733,2.18,36850.0,12.0428,702.0,40.4443,3790.0,4.64,0.61,90.474724,-13.461371,13.5011,189.011,CONFIRMED
4202.01,237603062,PC,2.6689906,2.854,14140.0,,1447.0,728.121,5247.8,,,103.310748,2.936985,13.519,1466.79,CANDIDATE
4203.01,72494421,PC,2.9531039,2.501,16770.0,,1190.0,332.97,5304.5,,,93.334811,-11.492309,13.5854,1500.32,CANDIDATE
4204.01,158697949,PC,3.9592516,3.269,3160.0,7.85756,1663.0,1272.37,7068.0,4.35,1.39,86.905182,4.382898,10.9786,346.758,CANDIDATE
4205.01,280645209,PC,5.9056572,4.314,10720.0,11.5383,1332.0,523.023,5076.0,4.4,0.97,101.297015,-1.96049,12.672,344.106,CANDIDATE
4206.01,281242007,PC,2.4170503,3.246,7730.0,13.975,1685.0,1340.72,5796.8,4.07,1.56,98.984253,4.713477,13.2045,860.033,CANDIDATE
4207.01,37242226,FP,1.0681394,2.082,7290.0,19.5184,2561.0,7148.75,7248.0,3.95,2.23,98.313616,-4.1063,13.3581,1719.42,FALSE POSITIVE
4208.01,280304556,PC,1.72328,3.005,14180.0,,,,,,,100.898906,-1.158464,13.6625,1725.36,CANDIDATE
4209.01,200090347,PC,0.8631737,1.227,6330.0,12.7525,1863.0,2000.07,6142.0,4.17,1.47,86.682021,3.98974,13.2977,764.305,CANDIDATE
421.01,94986319,CP,16.067522,2.6182382,2929.6501469,4.7909617,625.1939631,36.1060604,5718.0,4.35658,0.860124,81.853282,-14.27674,9.2711,74.7969,CONFIRMED
421.02,94986319,CP,5.1976858,1.8810737,437.4376044,1.9257346,910.7399798,162.5917886,5718.0,4.35658,0.860124,81.853282,-14.27674,9.2711,74.7969,CONFIRMED
4210.01,409315469,APC,1.0754208,1.01,4950.0,9.41227,1212.0,358.947,4614.0,4.16,1.17,109.772452,-14.970588,12.9715,393.038,CANDIDATE
4211.01,385654601,PC,2.2715616,2.741,8190.0,,1835.0,1884.67,6671.3,,,110.792422,-13.219616,12.9289,1523.53,CANDIDATE
4212.01,126864892,APC,2.3485025,1.804,3070.0,,1987.0,2588.32,8807.8,,,116.382113,-25.98469,11.974,1051.92,CANDIDATE
4213.01,32408928,FP,1.0435229,1.476,4970.0,9.09391,1896.0,2148.73,6259.0,4.34,1.23,117.475892,-10.381904,12.6825,656.326,FALSE POSITIVE
4214.01,409594381,PC,3.491383,2.999,4650.0,11.154,1352.0,555.531,5936.5,4.28,1.59,110.24951,-13.926265,11.0071,346.881,CANDIDATE
4215.01,7274938,PC,1.0994412,1.394,3860.0,11.0223,2029.0,2816.92,6915.0,4.19,1.63,113.836327,-11.001601,13.0896,1183.53,CANDIDATE
4216.01,187861378,FP,2.1816809,3.83,1280.0,,2976.0,13037.6,8582.7,4.08,,111.293211,-8.620052,11.2486,1675.78,FALSE POSITIVE
4217.01,108939482,FP,1.1870337,2.7329029,8164.5762553,10.6747149,1953.7620867,3443.5604618,6325.0,4.41,1.15885,112.729853,-28.684266,13.5295,927.754,FALSE POSITIVE
4218.01,142628514,PC,2.6269521,3.503,12010.0,17.6062,1979.0,2547.74,6976.0,4.22,1.58,118.791369,-22.611009,12.7868,1016.95,CANDIDATE
4219.01,114103136,FP,1.1471548,1.403,2670.0,3.90118,1107.0,249.626,3901.0,4.47,0.75,113.982909,-30.748181,16.0657,695.78,FALSE POSITIVE
422.01,117979455,APC,0.6333372,0.6217089,1063.7800027,4.4957089,2513.555923,9433.5511834,5999.0,4.22,1.34655,71.802796,-17.253367,8.96,124.504,CANDIDATE
4220.01,346995484,PC,1.9138779,2.352,18720.0,,1956.0,2433.26,7246.0,,,117.353395,-14.564683,13.475,1289.89,CANDIDATE
4221.01,334252687,PC,2.8395663,2.1,9860.0,,1255.0,412.404,5858.0,,,116.806624,-14.55819,12.8542,746.058,CANDIDATE
4222.01,318054782,FP,0.8335712,1.509,3340.0,12.5164,2120.0,3359.53,6158.0,3.87,2.09,110.868087,3.134948,12.9913,1246.21,FALSE POSITIVE
4223.01,157088184,PC,7.2654708,3.568,13930.0,13.0064,1022.0,181.435,5944.0,4.43,1.05,104.807393,-37.45202,12.8006,502.584,CANDIDATE
4224.01,148667071,PC,1.161347,2.471,4320.0,10.7619,2501.0,6500.64,6289.0,4.11,1.62,114.747907,-30.575281,12.2815,715.234,CANDIDATE
4225.01,141405814,FP,1.1355457,2.63,393.5764226,21.5263238,4122.0,47965.7,10262.0,,7.03693,117.121112,-19.340207,9.7402,1658.75,FALSE POSITIVE
4226.01,127328218,PC,2.9628955,1.909,4610.0,14.7038,,1606.41,7998.0,,2.04,116.964425,-25.567936,11.5637,867.497,CANDIDATE
4227.01,99081059,PC,3.4169475,2.454,6880.0,13.7893,1435.0,705.607,6610.0,4.16,1.63,107.709537,-20.055305,12.5536,857.708,CANDIDATE
4228.01,415143674,PC,6.0219203,6.6297461,14130.5442597,19.1085522,1278.3924624,631.2157212,5932.0,4.07,1.58618,114.566022,-23.804576,13.5444,1114.01,CANDIDATE
4229.01,319282294,FP,1.1385671,1.897,6220.0,16.0326,2985.0,13181.3,9024.0,4.19,2.0,110.294291,-9.500598,13.5964,2348.86,FALSE POSITIVE
4230.01,128127712,PC,1.9401022,2.4525242,6596.371503,,1461.3936558,1077.9282958,5436.9,,,117.673125,-26.52598,12.6356,,CANDIDATE
4231.01,127895118,PC,3.2970252,2.279,6550.0,13.4619,1885.0,2098.67,8945.0,4.35,1.67,117.472121,-28.353484,12.3563,1175.96,CANDIDATE
4232.01,126357909,FP,1.2247985,1.645,7640.0,8.32531,1670.0,1294.24,5699.0,4.55,0.89,115.809569,-26.239291,13.5184,591.382,FALSE POSITIVE
4233.01,113295476,FP,1.820443,2.643,7330.0,16.6319,1898.0,2155.48,6079.0,3.92,1.94,113.266602,-30.104096,13.5689,1469.53,FALSE POSITIVE
4234.01,81055189,PC,0.908232,2.28,5020.0,8.54322,2617.0,7791.46,6481.0,4.38,1.23,106.355066,-21.109526,13.5392,1003.03,CANDIDATE
4235.01,157528286,FP,1.6562803,0.929,5610.0,9.54495,1151.0,291.778,6044.0,4.29,1.25,106.633113,-38.054496,13.0556,706.679,FALSE POSITIVE
4236.01,36227841,PC,0.4021401,1.1432107,3337.1746961,22.9091656,3185.0,17100.1,6115.0,3.72,2.44753,149.853813,-45.449353,12.7411,1171.09,CANDIDATE
4237.01,30825828,PC,3.0482015,2.433,7620.0,,1293.0,464.675,5774.7,,,134.756209,-42.186803,13.1731,616.409,CANDIDATE
4238.01,24615998,PC,1.2732245,1.634,23100.0,13.8628,1599.0,1086.11,4973.0,4.49,0.85,141.395946,-33.229454,13.3502,395.573,CANDIDATE
4239.01,22121296,PC,2.8123314,4.7153653,7201.8344297,16.8822046,1902.8357335,3098.3194662,6614.0,4.05,1.84646,148.56571,-25.093582,12.7797,1126.25,CANDIDATE
424.01,117979694,FP,1.9784257,2.106,720.0,2.02143,1378.0,600.02,5059.0,4.61,0.75,71.921274,-17.745004,10.5094,103.69,FALSE POSITIVE
4240.01,19547831,PC,10.1238604,2.239,7090.0,15.7944,831.0,79.2946,6531.0,4.05,1.81,139.661657,-32.748719,12.6943,949.356,CANDIDATE
4241.01,4102368,PC,3.1118943,2.761,16660.0,14.3339,1251.0,406.945,5412.6,,1.08,140.328336,-39.325017,13.6438,598.001,CANDIDATE
4242.01,445582110,PC,3.0579913,3.125607,7764.9825702,14.2454281,1613.4739633,1601.6545359,5967.0,4.07,1.59436,113.17513,-51.998148,12.4688,656.6,CANDIDATE
4243.01,400683848,PC,1.0886286,2.4298631,412.1764427,8.7147619,3762.1392317,47343.510594,6127.0,3.25,4.2160501,134.371324,-52.039581,10.7492,650.191,CANDIDATE
4244.01,393340920,PC,1.8665254,3.109,3606.0,10.2057,2050.0,2933.46,6310.3,,1.61,130.709387,-46.213327,12.4027,767.846,CANDIDATE
4245.01,52928939,PC,3.1527177,1.8963737,4102.6968156,5.7168495,1075.6629276,316.3922274,5093.0,4.52,0.800841,125.806237,-45.792458,11.7519,211.183,CANDIDATE
4246.01,291465998,PC,12.8860009,5.137673,11434.9523427,12.0983571,848.1501366,122.295914,6126.0,4.41,1.11324,111.111271,-51.697365,12.9,600.771,CANDIDATE
4247.01,286153328,PC,4.3539599,3.4390219,41586.4865614,23.0280318,1175.6079755,451.4099178,5883.0,4.39,1.09523,123.912362,-50.620853,13.5597,631.768,CANDIDATE
4248.01,190986054,PC,5.1442317,5.856,4310.0,13.8382,1790.0,1708.0,5936.0,4.18,2.09,134.433236,-38.371148,11.548,654.475,CANDIDATE
4249.01,269568703,PC,6.772626,4.592009,8606.4623591,19.1292,963.362475,203.5541234,4360.5,,2.12,119.480728,-52.651034,13.551,,CANDIDATE
425.01,169532369,FP,3.60364,3.728,6281.32,14.1007,1931.0,2312.7,6896.7,4.17,1.62,78.098877,-13.605635,11.5781,631.385,FALSE POSITIVE
4250.01,269249506,PC,4.0185922,4.47,6230.0,13.9642,1897.0,2154.02,7156.0,4.15,1.77,118.800431,-48.703146,13.4202,1432.78,CANDIDATE
4251.01,192520375,FP,0.9109508,1.473,4720.0,13.0531,3262.0,18809.1,9421.0,4.31,1.79,138.052275,-39.657928,12.5405,1297.87,FALSE POSITIVE
4252.01,145038729,PC,2.6085023,1.9206019,10431.5892384,13.8957666,1694.2534985,1947.3076326,7302.0,4.49,1.2122999,131.72005,-51.191017,12.6583,631.32,CANDIDATE
4253.01,145249556,PC,3.4192373,3.37339,19414.5446339,,1209.8442751,506.3361054,5658.5,,,131.969597,-50.470606,12.9027,884.15,CANDIDATE
4254.01,92744152,PC,1.1462769,2.7834681,4058.2232173,14.1198099,2696.8402433,12500.9173208,6416.0,3.9,2.11854,128.927489,-53.82826,12.5347,955.191,CANDIDATE
4255.01,82302240,FP,2.5057108,1.962,3170.0,12.9673,1956.0,2430.56,8330.0,4.04,2.26,124.351447,-45.406543,12.5225,1131.58,FALSE POSITIVE
4256.01,77102895,FP,1.0962372,2.336,2460.0,15.7533,2496.0,6446.8,6519.0,3.54,3.25,141.247814,-42.799765,12.7158,1391.51,FALSE POSITIVE
4257.01,75208638,FP,4.6512523,2.251,3110.0,6.22936,1270.0,432.038,7192.0,4.56,1.1,138.741096,-45.122969,11.7159,407.374,FALSE POSITIVE
4258.01,74484886,FP,3.8505662,2.499,6070.0,16.5768,1301.0,475.693,6353.0,3.88,2.13,137.490377,-43.201719,13.3285,1080.66,FALSE POSITIVE
4259.01,268643535,PC,8.9612626,1.8325932,11333.9389745,17.0901716,999.5113045,235.8695308,5435.5,,1.1706899,117.330048,-51.261706,11.9452,390.587,CANDIDATE
426.01,189013224,PC,1.3205037,2.0155519,469.4537481,2.1611735,1632.1617353,1677.1571947,5731.0,4.46,0.98926,79.102193,-15.510242,9.59689,113.59,CANDIDATE
4260.01,74967390,PC,5.4588359,4.555,3290.0,8.59319,1486.0,809.823,6349.0,,1.41,138.420407,-43.180476,12.1899,764.85,CANDIDATE
4261.01,74197917,FP,1.5040804,2.955,6130.0,,1354.0,558.567,3810.2,,,137.285031,-46.184649,13.7682,,FALSE POSITIVE
4262.01,53365065,PC,5.9977892,4.4957853,7349.0892262,11.3637133,1233.5559917,547.2130805,6613.0,4.36,1.2860301,126.335415,-47.043046,11.1882,337.209,CANDIDATE
4263.01,48276576,FP,0.8334976,1.452144,3841.4834968,9.0185699,2352.0540215,7232.8618655,6071.0,4.2,1.3925,148.08664,-34.95789,13.5379,1001.77,FALSE POSITIVE
4264.01,45996325,PC,3.1580472,2.6816352,7782.0821448,8.3204,1242.3268887,562.9431543,7606.3,,1.01,150.080535,-39.65956,11.8471,,CANDIDATE
4265.01,118308828,FP,3.7353995,1.836,2360.0,8.61993,1085.0,230.421,5895.0,4.1,1.53,128.701521,-56.331828,12.1162,538.114,FALSE POSITIVE
4266.01,442050698,PC,0.8118585,1.102,6450.0,16.3456,1496.0,832.714,5051.7,,1.97,145.77866,-58.510776,13.453,1039.14,CANDIDATE
4267.01,80783538,APC,1.2125595,1.344,5110.0,11.1279,1809.0,1780.99,6719.0,4.25,1.48,166.070243,-49.821498,13.079,963.819,CANDIDATE
4268.01,341272282,FP,0.8133123,1.079,310.0,4.37963,,6736.59,8265.0,,2.12,119.311724,-56.962926,11.0418,433.157,FALSE POSITIVE
4269.01,178657161,PC,4.5766182,4.912,3770.0,,1527.0,881.978,5816.5,,,165.858908,-44.268776,12.4946,575.478,CANDIDATE
427.01,70914192,APC,0.6090253,1.099,6100.0,15.1945,2635.0,8004.34,5271.7,4.34,1.02,64.657083,-17.419833,10.361,151.054,CANDIDATE
4270.01,151920165,CP,3.4671474,2.405,4770.0,11.6401,1239.0,391.83,5886.0,4.07,1.58,168.563889,-37.910133,12.5695,683.062,CONFIRMED
4271.01,146842334,PC,4.5016988,4.716,4360.0,,1491.0,820.448,5829.0,,,160.896457,-47.256331,11.693,460.819,CANDIDATE
4272.01,146664561,PC,2.7302636,2.645,9410.0,13.7961,1544.0,945.722,6307.0,4.25,1.39,159.97958,-43.770389,12.8441,770.937,CANDIDATE
4273.01,133331642,PC,2.9346956,3.447,11160.0,23.898,1793.0,1718.88,6728.0,3.9,2.23,149.751407,-48.198662,13.3012,1370.72,CANDIDATE
4274.01,290388627,PC,0.4459299,1.266,14630.0,20.4459,4056.0,44946.6,8878.0,4.33,1.7,173.718159,-63.445819,13.3992,1321.29,CANDIDATE
4275.01,363635669,FP,0.7617828,2.0029797,3487.6353826,,1995.7142723,3748.9914891,6132.7,,,147.713157,-62.203109,12.2951,689.348,FALSE POSITIVE
4276.01,469811655,PC,11.851162,3.1401245,5066.6012319,,799.4084682,96.5152588,4983.0,,,299.975106,-73.875934,12.0846,,CANDIDATE
4277.01,466682238,PC,3.2738129,3.306,13200.0,14.6729,1475.0,786.258,5976.0,4.27,1.27,295.351296,-76.219867,13.2152,748.416,CANDIDATE
4278.01,466222485,PC,1.7519943,1.624,4360.0,9.23623,1355.0,559.892,5483.0,4.14,1.39,302.868371,-64.346282,13.0236,688.773,CANDIDATE
4279.01,407146536,FP,2.0976705,3.3618036,2503.6856881,14.488932,2395.3326749,7780.0852689,5914.8,3.59,2.7729599,235.165334,-81.203316,11.2851,628.105,FALSE POSITIVE
428.01,117979850,APC,0.6333315,0.404,320.0,6.24344,1284.0,451.285,5713.0,3.67,2.35,71.809927,-17.248613,7.82829,121.888,CANDIDATE
4280.01,387193925,PC,3.518972,3.21,13820.0,13.7987,1407.0,650.74,5972.0,4.35,1.16,304.700911,-58.687351,13.1296,709.048,CANDIDATE
4281.01,384386061,FP,5.7626055,3.963,7420.0,,1141.0,281.843,5558.7,,,249.368745,-80.974073,13.1335,,FALSE POSITIVE
4282.01,374348168,PC,13.5098037,2.695,24500.0,16.3981,730.0,47.2072,5780.0,4.51,0.94,301.999038,-70.615591,12.0797,334.396,CANDIDATE
4283.01,343952976,PC,3.0131053,2.207,13660.0,17.061,1585.0,1049.56,6838.0,4.32,1.4,276.828678,-77.131653,11.227,417.879,CANDIDATE
4284.01,280726137,PC,3.5008785,4.9601804,6338.2982031,14.5866828,1655.3754994,1774.627038,5759.0,4.3,1.8056901,345.719245,-80.13947,13.0528,1038.06,CANDIDATE
4285.01,310105752,APC,1.1703152,1.319,5380.0,9.82528,1941.0,2357.73,6328.0,4.36,1.23,250.890747,-75.988414,12.9526,746.443,CANDIDATE
4286.01,294097592,PC,1.0268508,2.172,1430.0,3.2806,1925.0,2280.33,4938.0,4.49,0.85,107.523368,-55.856558,13.5159,415.392,CANDIDATE
4287.01,290407621,PC,4.2337624,2.413,5740.0,14.6498,1214.0,360.852,6387.0,4.0,1.86,234.853397,-85.473742,12.5483,939.295,CANDIDATE
4288.01,278821913,PC,6.0597,1.242,8270.0,8.06637,603.0,21.9969,5036.0,4.54,0.82,100.198832,-56.546373,13.1853,372.21,CANDIDATE
4289.01,278540265,PC,2.9757428,4.43,6820.0,18.7018,1817.0,1810.83,6025.0,3.81,2.18,121.188359,-82.065763,12.0021,610.604,CANDIDATE
429.01,259592689,PC,,9.528,7525.67,9.33426,958.0,229.346,5216.0,4.43,0.98,72.977308,-53.829626,10.1672,120.218,CANDIDATE
4290.01,278196907,PC,1.1771655,1.048,1050.0,2.93951,1430.0,695.522,5313.0,4.59,0.8,109.815227,-80.473777,12.1412,228.13,CANDIDATE
4291.01,257520272,PC,12.1525595,5.254,6400.0,10.0438,1087.0,232.183,6029.0,4.27,1.28,290.530405,-83.233448,13.3404,753.31,CANDIDATE
4292.01,255918903,FP,1.7201092,2.622,7570.0,9.82252,1798.0,1736.59,5878.0,4.36,1.13,266.633808,-70.409811,13.0566,641.969,FALSE POSITIVE
4293.01,101696403,PC,1.6242109,2.273,17740.0,14.9916,1632.0,1180.41,5705.0,4.39,1.06,302.978454,-49.001569,12.6211,472.755,CANDIDATE
4294.01,30499203,PC,2.4330551,1.882,15280.0,,1212.0,359.358,5512.0,,,285.628501,-31.54321,13.5137,726.227,CANDIDATE
4295.01,325527653,PC,11.3929129,4.46,6880.0,10.0728,836.0,81.354,5217.0,4.28,1.14,4.632474,-84.360009,13.4783,575.978,CANDIDATE
4296.01,72668830,PC,19.9706574,1.8801996,1037.3799062,3.1454612,567.2769582,24.4738096,4985.0,4.45,0.899081,33.449996,-27.867678,10.4161,115.716,CANDIDATE
4297.01,28116365,PC,16.5272651,3.5945709,1074.4297512,2.9241556,581.4569608,27.0141494,5030.0,4.53132,0.821739,14.351872,-21.550474,10.8724,132.887,CANDIDATE
4298.01,146282666,PC,722.2619756,7.7126298,480.796335,2.7207078,231.3609161,0.6771439,5857.0,4.26578,1.22059,35.988175,-34.109932,9.1259,125.077,CANDIDATE
4299.01,67535663,PC,6.6019866,5.754,600.0,3.55715,1680.0,1325.35,6758.0,4.28,1.45,182.100526,-55.047088,10.2696,284.376,CANDIDATE
430.01,459942762,FP,0.58644,1.441,443.281,2.31276,2511.0,6607.5,5997.7,,1.0,60.278439,4.540868,8.2482,66.5727,FALSE POSITIVE
4300.01,266843799,FP,0.8062768,1.963,660.0,9.05313,3231.0,18112.6,7311.1,4.16,3.37,175.539949,-57.368489,9.9747,668.389,FALSE POSITIVE
4301.01,307079330,PC,6.5445251,2.138,787.0,2.62701,868.0,94.6613,5686.0,4.46,0.98,166.25097,-46.034539,10.1737,143.833,CANDIDATE
4302.01,182078202,PC,38.7619532,4.5738199,785.4007844,2.5255313,492.9832275,13.958848,5653.0,4.55306,0.876001,14.736175,-76.589893,10.2891,132.802,CANDIDATE
4303.01,200296137,PC,8.6110844,2.0181798,542.6102038,4.3063675,1319.7436969,716.9343478,6908.0,4.12055,1.76524,72.356386,-43.353685,9.4623,256.048,CANDIDATE
4305.01,372068780,PC,183.0019106,2.5483505,396.3670005,5.5931205,555.1292025,22.4438469,6200.0,3.63371,2.7539101,310.443577,-68.134987,7.8459,159.007,CANDIDATE
4305.02,372068780,PC,374.3644315,3.6392863,310.5114444,5.1223706,437.3016226,8.6426188,6200.0,3.63371,2.7539101,310.443577,-68.134987,7.8459,159.007,CANDIDATE
4306.01,44898913,CP,2.7299049,0.8257288,7427.7249664,1.3513606,362.1910146,4.0669768,2887.0,5.15917,0.155498,64.13091,-28.315791,14.2683,32.4298,CONFIRMED
4307.01,141186075,PC,32.696666,4.428309,108.5170828,1.3159881,614.7243418,33.7475807,6079.16,4.438,1.09843,81.327498,-75.693734,6.6418,36.0469,CANDIDATE
4307.02,141186075,PC,4.6545798,3.1445137,24.5834929,0.5531037,1177.3025181,454.0182322,6079.16,4.438,1.09843,81.327498,-75.693734,6.6418,36.0469,CANDIDATE
4308.01,144193715,CP,9.1512776,2.616,1074.0,2.45142,759.0,55.3616,5015.0,4.47652,0.79,327.753069,-43.562364,10.339,108.932,CONFIRMED
4309.01,56662591,PC,,2.1563739,661.1667085,2.5058764,405.3306898,6.3790933,5220.0,4.54936,0.829943,158.578516,-9.162846,9.456101,75.7444,CANDIDATE
431.01,31374837,CP,12.4610086,3.3195777,2078.1425981,3.2809492,588.5612549,28.3587888,4891.0,4.62,0.726632,83.26925,-26.72387,8.1705,32.5686,CONFIRMED
431.02,31374837,CP,0.4900589,1.0123328,291.0399722,1.4741529,1730.7192689,2120.4474663,4891.0,4.62,0.726632,83.26925,-26.72387,8.1705,32.5686,CONFIRMED
4310.01,303317324,PC,739.1670007,5.7183604,1376.1395053,2.6735992,132.3381364,0.0724872,4159.0,4.53501,0.721084,351.903531,-25.508462,9.4961,40.0268,CANDIDATE
4311.01,122617317,PC,15.0700779,3.8675641,852.6165721,2.7293235,621.4981538,35.2598429,5159.0,4.519,0.850729,41.685522,-31.17932,10.7236,134.988,CANDIDATE
4311.02,122617317,PC,0.9902892,1.3567356,278.9096992,1.4156529,1540.1309997,1329.6938235,5159.0,4.519,0.850729,41.685522,-31.17932,10.7236,134.988,CANDIDATE
4312.01,251086776,FA,726.1175225,2.2543368,1707.6927809,2.4385296,228.0606305,0.6393259,3808.0,4.69366,0.55033,37.547588,-3.405125,10.4779,40.9223,FALSE POSITIVE
4313.01,294324819,PC,6.8227645,6.5295445,225.7612905,3.6003512,1370.0984633,832.7758427,5781.0,3.82788,2.0587699,108.884571,-55.555017,9.6032,232.521,CANDIDATE
4314.01,459952217,FA,73.580982,2.1441598,347.4450365,3.3991025,703.162429,57.7754894,7802.0,4.21386,1.76118,71.266602,5.871586,8.22109,158.797,FALSE POSITIVE
4315.01,139148528,PC,8.2861614,3.436315,617.1152562,2.2912229,825.5991243,109.7988765,5809.0,4.56733,0.914215,344.622965,-44.716935,10.2768,134.093,CANDIDATE
4317.01,422914082,PC,358.2825093,4.1416672,1862.6949843,3.8800495,191.8448019,0.3201261,4354.29,4.39555,0.865987,38.31042,1.69093,10.0121,67.368,CANDIDATE
4318.01,311130133,PC,1.1343824,1.4445,313.8458861,1.7532446,1578.3530385,1466.6875463,5683.0,4.58721,0.846842,59.771874,6.924473,10.3687,120.871,CANDIDATE
4319.01,157115010,PC,,7.7272055,6743.4455261,6.5519689,379.3574727,4.8945816,4438.0,4.438,0.725033,100.971875,-43.892984,10.82,83.6486,CANDIDATE
432.01,38686737,FP,2.24704,2.713,18890.4,18.1799,1812.0,1793.26,6846.0,4.23,1.2,57.865664,-10.614078,12.6038,746.646,FALSE POSITIVE
4320.01,404518509,CP,25.1290153,4.271,465.0,1.93226,627.0,25.7431,5871.0,4.43296,1.04,51.640345,-43.613665,8.6022,79.208,CONFIRMED
4320.02,404518509,FA,46.4093732,4.822337,435.7347505,2.1862997,519.1966657,17.1730953,5871.0,4.43296,1.03563,51.640345,-43.613665,8.6022,79.208,FALSE POSITIVE
4321.01,325081244,PC,,5.7408858,177.9248977,3.3520677,1162.1198678,431.0470784,6163.97,3.72396,2.4612,327.947949,-70.351914,7.3016,110.275,CANDIDATE
4322.01,13883872,PC,13.4190972,5.209244,348.2384065,2.4168515,850.6234364,123.7286797,5914.2,4.30929,1.20531,73.7411,-41.34421,10.162,188.964,CANDIDATE
4323.01,143022742,FA,14.6762658,3.2320455,3499.9379734,2.8523348,339.5049488,3.139825,3414.0,4.77364,0.458861,54.466785,-30.057438,12.531,70.7878,FALSE POSITIVE
4323.02,143022742,FA,21.9692578,3.5662307,7940.6152389,4.1061739,296.7878863,1.8336046,3414.0,4.77364,0.458861,54.466785,-30.057438,12.531,70.7878,FALSE POSITIVE
4324.01,408416746,PC,6.2509468,1.1882969,770.1195597,1.1306823,438.8091174,8.76241,3479.0,4.8309,0.395397,145.646473,-19.235699,9.75311,17.038,CANDIDATE
4325.01,202185707,PC,1.6500673,0.9198679,2709.5349576,2.3990078,712.1282782,60.7790529,3896.0,4.70541,0.454049,101.848588,6.128717,11.8206,51.0354,CANDIDATE
4326.01,303586471,PC,1826.0790324,4.1474226,587.1608288,2.7599003,408.0376856,6.5512188,6034.49,4.42122,1.07903,351.988437,-26.454622,7.7158,57.7233,CANDIDATE
4327.01,140687214,PC,0.8303285,0.665,680.0,3.44971,1428.0,691.538,3672.0,4.68064,0.57,73.206864,-76.339681,12.1285,84.4016,CANDIDATE
4328.01,77175217,PC,703.79367,2.9297301,601.9566843,1.860295,189.7945133,0.3066589,4709.0,4.57486,0.739835,68.288836,-36.945858,7.7679,25.0039,CANDIDATE
4329.01,256722647,CP,2.9224661,5.5560255,5724.017673,20.8842189,2027.1156538,3990.5716341,5520.0,3.55,2.7442901,329.563915,71.131605,11.8832,717.128,CONFIRMED
433.01,188989177,FP,1.17409,1.701,3680.0,49.6799,3798.0,34547.8,8242.0,3.61,3.67,78.778396,-15.100464,9.1414,547.126,FALSE POSITIVE
4330.01,47617038,FP,3.3513304,2.739,400.0,17.7728,1155.0,295.994,4886.0,,8.71,220.350188,-33.950483,7.6581,290.313,FALSE POSITIVE
4331.01,148833828,PC,2.9034242,2.154,860.0,6.62177,1351.0,554.218,5992.0,3.77,2.25,231.248546,-40.216633,10.1952,346.327,CANDIDATE
4332.01,178959058,FP,5.4468377,3.303,842.0,4.39864,1396.0,631.423,6793.0,4.15,1.68,209.699173,-40.619073,9.783,269.304,FALSE POSITIVE
4333.01,144645881,PC,8.9021443,1.7633959,1427.9681446,9.954598,1260.8869541,597.3455143,6606.0,4.09,1.7521,229.730951,-44.500399,9.326,212.956,CANDIDATE
4334.01,128531633,PC,8.2197647,1.673,1040.0,7.65998,806.0,70.2704,6657.0,3.93,2.12,219.476976,-46.285122,10.2591,398.085,CANDIDATE
4335.01,443658196,FP,4.5006638,4.588,2110.0,14.2378,3520.0,25501.0,8933.0,4.45175,1.48,199.734195,-62.974419,11.5124,636.157,FALSE POSITIVE
4336.01,166184428,CP,16.3363665,1.9933922,3884.6785375,2.0492403,290.9398052,1.6932987,3365.0,4.89744,0.326568,206.107013,-40.337351,11.0196,22.5455,CONFIRMED
4337.01,399642071,FP,2.2887763,4.8634851,1890.6463423,2.8057654,805.0445873,99.2660496,3953.0,4.6489,0.617703,164.289787,-69.979379,11.1567,65.1329,FALSE POSITIVE
4338.01,253434221,APC,7.4997158,2.0504305,3023.5215223,13.7499035,1191.0623003,475.6186937,4979.2,3.92,1.90969,196.73335,-58.110955,10.0865,219.732,CANDIDATE
4339.01,7439481,FP,1.2540806,1.3435517,66025.099426,10.3493319,746.8996014,73.5478383,3455.0,4.82691,0.399724,212.92874,-29.973981,14.0644,123.032,FALSE POSITIVE
4340.01,454038613,PC,2.6680587,2.978,580.0,3.45609,1771.0,1634.14,6406.0,4.23,1.44,175.66163,-40.060512,10.0116,231.084,CANDIDATE
4341.01,62301521,FA,18.4043334,7.879331,9135.2110162,1.2834433,182.7961243,0.2638693,2891.0,5.22041,0.133376,291.534894,-43.187188,13.7827,23.7607,FALSE POSITIVE
4342.01,354944123,CP,5.538329,2.2263888,1407.1118648,2.2721409,585.0169701,27.6818339,3883.0,4.65275,0.598175,324.38942,-77.979147,11.0318,61.5204,CONFIRMED
4342.02,354944123,CP,10.6886084,2.6672245,1501.1726341,2.4642245,469.8807571,11.5205083,3883.0,4.65275,0.598175,324.38942,-77.979147,11.0318,61.5204,CONFIRMED
4343.01,278988097,PC,11.5418525,2.9492981,415.9874628,1.8822681,791.2917217,92.6547078,6112.0,4.5884,0.901955,101.830564,-56.617503,11.255,242.572,CANDIDATE
4344.01,38939275,PC,731.4808779,14.7095051,244.9088772,3.2537107,290.8264482,1.6906613,5854.0,3.83792,2.0546,69.651026,-61.343471,9.4826,232.265,CANDIDATE
4345.01,469791892,PC,12.8910022,4.0905287,15119.3900089,2.3547529,2005.9611934,3826.582755,31000.0,5.59962,0.18,298.438373,-69.852102,14.752,983.721,CANDIDATE
4346.01,389371332,FP,3.9077116,9.5278364,599.6319099,1.5722799,679.4921442,50.3800695,3917.0,4.61771,0.64011,86.01889,-66.359097,12.4375,130.457,FALSE POSITIVE
4347.01,32498058,PC,35.3573239,6.8669784,617.495317,4.0299536,831.4184898,112.9275005,7607.0,4.31008,1.56285,84.193559,-24.031219,8.83419,195.126,CANDIDATE
4348.01,350299588,PC,602.2450921,9.0912461,220.3440139,2.8742544,304.6652609,2.036164,6128.0,3.96225,1.8626699,83.90994,-57.13863,8.3987,136.786,CANDIDATE
4349.01,313889049,PC,749.1605231,4.9894211,1750.9801691,2.343896,109.0750517,0.033452,3851.0,4.71539,0.558169,0.129574,-26.231082,11.7463,72.4603,CANDIDATE
435.01,44647437,PC,3.352907,2.3906731,4205.1961016,5.2933196,753.6642219,76.2487269,3978.0,4.438,0.672832,59.410574,-25.189938,12.9383,165.285,CANDIDATE
4350.01,50379036,PC,4.8759656,3.3372737,154.830677,1.4450569,1168.2220295,440.1721572,5937.0,4.35104,1.1487499,32.883907,-76.107434,8.9504,103.01,CANDIDATE
4351.01,358253047,PC,20.1459438,4.4706494,575.5886941,2.4401617,588.5264649,28.3520842,5303.0,4.4996,0.888701,61.759269,-58.151013,11.0155,169.402,CANDIDATE
4352.01,237332812,PC,11.8918633,4.78248,362.6899452,1.692303,695.1290314,55.1801287,5461.0,4.57288,0.834552,346.832823,-60.084972,9.3391,78.6946,CANDIDATE
4353.01,176797879,PC,718.1809317,2.9233151,973.6269156,1.3653089,206.6824792,0.4312565,3614.0,4.80335,0.425623,48.583356,-34.032804,10.3347,25.1426,CANDIDATE
4354.01,332715376,PC,10.6306165,1.8847446,775.4826057,2.7943472,806.8992976,100.1839963,5737.0,4.47544,0.969791,32.671165,-0.678884,10.1075,140.228,CANDIDATE
4355.01,260655847,PC,,12.2281537,186.2920833,3.0678483,290.577919,1.6848896,5423.0,3.73635,2.1748199,98.143838,-55.648969,7.2298,76.6142,CANDIDATE
4356.01,149389419,PC,579.6472035,4.0952456,564.4270183,4.054669,306.4736219,2.0849393,6855.0,4.20414,1.5925601,83.995969,-63.926388,9.2546,204.982,CANDIDATE
4357.01,300011941,FP,1.8141215,4.6006154,129.4041201,1.3180464,1578.8585471,1468.5674284,5789.58,4.35115,1.12713,106.913225,-66.406577,10.5385,189.148,FALSE POSITIVE
4358.01,273418421,PC,97.6087634,5.5654641,658.8471408,2.3777411,347.8145617,3.4586932,5830.0,4.57203,0.823673,344.124307,-76.797679,8.9077,66.1798,CANDIDATE
4359.01,133505138,FP,2.4360845,2.495,350.0,2.46916,1749.0,1556.22,6529.0,4.33,1.32,149.731452,-53.301515,9.5115,177.018,FALSE POSITIVE
436.01,44745077,FP,1.8756,0.989,5666.3,,642.971466,40.3912973,3549.7,4.87,,61.639511,-25.094117,13.0734,77.5383,FALSE POSITIVE
4360.01,52307802,PC,3.0749507,1.2179384,1979.2841401,1.6050039,481.4467281,12.6973754,3246.0,4.91671,0.308247,21.71927,-68.634522,12.747,43.2301,CANDIDATE
4361.01,334632624,PC,741.4238314,5.2389454,503.5494079,2.776093,225.5133746,0.6112378,5944.0,4.30249,1.22039,141.347664,-15.922146,8.6661,98.2063,CANDIDATE
4362.01,238164799,PC,7.5480709,4.9550247,239.8900935,2.6024598,1271.9314814,618.5515054,6688.0,4.19679,1.57319,106.396137,-51.38399,8.4592,135.183,CANDIDATE
4363.01,325682877,PC,2.118659,1.5585526,664.8120556,1.8325534,884.7099373,144.785351,4002.0,4.5511,0.69132,37.110555,-12.549363,11.2473,77.7751,CANDIDATE
4364.01,4070275,PC,5.4240691,1.6875037,1766.8589296,2.093707,487.360439,13.3328224,3500.0,4.76752,0.465777,80.066927,-4.239248,11.3993,43.9662,CANDIDATE
4365.01,413343957,PC,3.3784364,2.165,1232.0,5.0917,1483.0,803.224,6311.0,4.23,1.41,231.955685,-56.319054,10.3593,253.221,CANDIDATE
4366.01,297361900,PC,2.6374449,1.661,495.0,4.35478,1123.0,264.845,5355.0,3.82,1.96,180.29815,-67.760233,10.1441,245.444,CANDIDATE
4367.01,313675203,PC,2.5025812,2.771,807.0,4.90076,2671.0,8453.85,5603.0,4.49875,0.91,202.167147,-61.83472,9.462,87.7559,CANDIDATE
4368.01,314724818,FP,4.4518604,2.8339358,3558.2211894,34.0312942,3265.5835844,26875.974397,8353.8,4.1,3.60934,202.652035,-61.218031,10.0199,882.905,FALSE POSITIVE
4369.01,278862750,PC,13.576858,4.628,263.0,3.5804,1090.0,234.695,6730.0,3.8,2.5,100.58781,-58.18322,9.329001,311.844,CANDIDATE
4370.01,335040423,PC,2.5610662,4.338,170.0,2.3454,2074.0,3075.23,6161.0,3.95,1.9,201.461155,-16.428176,9.32312,211.98,CANDIDATE
4371.01,450649506,PC,1.0604139,2.084,1050.0,4.5487,2239.0,4172.86,5801.2,4.22,1.62,186.900833,-60.163329,10.2089,261.247,CANDIDATE
4372.01,401980624,PC,3.2751914,2.439,827.0,2.81574,,457.343,5496.0,,1.03,218.855499,-76.214095,10.4286,150.664,CANDIDATE
4373.01,315350812,PC,5.9422824,1.911,1160.0,5.90656,1165.0,306.797,7217.6,4.11,1.63,203.175914,-65.241367,9.8459,302.514,CANDIDATE
4374.01,308191940,PC,13.2689495,2.8,770.0,7.74981,1186.0,328.707,9635.0,3.92,2.85,180.433197,-61.954742,10.1908,795.894,CANDIDATE
4375.01,343708863,FP,5.9685742,2.059,340.0,6.64236,1582.0,1041.97,10390.0,3.79,3.44,206.77501,-70.50753,9.4128,689.355,FALSE POSITIVE
4376.01,250306572,PC,1.6089592,2.58,320.0,4.49321,2347.0,5042.03,7029.0,3.86,2.42,223.305502,-50.796242,10.2973,454.074,CANDIDATE
4377.01,394918211,CP,4.3780194,8.4203321,1604.3825129,14.3632742,1162.0764027,430.9825946,4913.0,,3.41348,164.932471,-82.22135,10.7934,455.82,CONFIRMED
4378.01,394721720,PC,1.0690665,1.4807714,2898.6037459,9.4235411,1922.9650992,3231.5182291,5930.0,4.36195,1.13442,20.278556,-85.590652,11.7993,355.943,CANDIDATE
4379.01,97766057,CP,3.2535266,5.1881112,6160.5328004,16.5212632,1869.3790626,2886.0941768,6368.0,3.91383,2.06072,252.047881,-32.433753,11.8994,645.158,CONFIRMED
438.01,468880077,PC,5.8123508,2.200213,957.5741671,2.8132678,831.7839537,113.1261881,5210.8,4.58,0.796856,56.504694,9.990299,9.4464,72.4646,CANDIDATE
4380.01,169958952,PC,1.3290008,1.7795322,2087.9113778,,1657.8058809,1785.0718666,5780.0,4.438,,252.281636,-54.20468,11.2211,,CANDIDATE
4381.01,305767364,PC,1.4974223,2.2238426,39324.5082012,16.7115651,1375.7109888,846.5055834,5377.0,4.5569,0.841058,263.167427,-64.352997,12.2907,289.745,CANDIDATE
4382.01,32460142,PC,10.6895417,3.6496675,643.3958437,3.7848,1044.7493296,281.558995,6255.0,4.19885,1.45476,266.167558,-44.24599,9.3397,164.406,CANDIDATE
4383.01,384744828,FP,3.0421334,1.5964685,2054.3050277,16.8899988,2109.0001921,4675.4937303,5715.4,3.92,2.40325,258.918826,-79.648182,9.8062,335.446,FALSE POSITIVE
4384.01,259230140,PC,14.3171998,5.454,1649.0,6.37558,1326.0,513.65,7596.0,4.27063,1.61,223.193604,-68.666543,9.657,283.585,CANDIDATE
4385.01,22186226,PC,9.2172172,7.3550279,2470.4394385,14.1810894,1602.074328,1556.8674784,6840.0,3.72526,2.7639699,268.198087,-45.082806,10.6163,612.688,CANDIDATE
4386.01,350575997,PC,2.0134389,1.211,821.0,5.85423,1657.0,1252.91,8127.0,4.24828,1.75,246.621368,-63.457879,9.7688,351.087,CANDIDATE
4387.01,33350443,PC,3.562038,6.1241184,4495.4158742,16.7501675,2106.5845241,4654.1090944,7042.0,3.85746,2.42923,266.746645,-47.208394,10.8267,631.098,CANDIDATE
4388.01,313554509,PC,4.4742339,2.7863202,3061.515714,5.7449202,1041.2520477,277.8078259,5225.05,4.35079,1.04312,302.582047,-78.726156,12.0996,284.225,CANDIDATE
4389.01,41387532,APC,11.4041935,1.7478969,2216.7191401,18.1901191,1456.8558039,1064.6019947,6160.0,3.55136,3.0048201,256.44018,-30.816707,9.50494,330.437,CANDIDATE
4390.01,369345064,PC,4.3954444,1.602,1622.0,,927.0,122.602,5095.6,,,262.647539,-52.336729,9.4148,,CANDIDATE
4391.01,66620917,PC,5.2910096,4.122,1670.0,,,,,,,236.069274,-54.320889,7.301,162.338,CANDIDATE
4392.01,429791387,PC,3.9693722,2.005,570.0,6.3435,1600.0,1088.68,7030.0,3.86,2.43,241.778637,-55.768002,9.2752,307.139,CANDIDATE
4393.01,107440797,PC,2.2676081,1.671,880.0,6.4197,1344.0,541.948,5958.0,3.87,2.0,264.977797,-31.010482,10.4708,359.343,CANDIDATE
4394.01,341805908,FP,1.491916,2.3336552,1474.3347879,26.399811,4861.4979242,132008.3553386,9747.0,3.54,4.42729,239.561368,-65.084504,10.3355,1337.35,FALSE POSITIVE
4395.01,218483943,PC,3.7590079,3.304,869.0,7.61924,2089.0,3166.13,9505.0,3.83,3.13,262.519987,-42.456376,9.087,483.206,CANDIDATE
4396.01,379723086,FP,7.4398211,3.068,1362.0,5.48138,1272.0,435.566,5822.0,4.14,1.45,256.820009,-66.127056,10.0288,205.112,FALSE POSITIVE
4397.01,107728509,FP,2.6646183,4.135,840.0,4.25649,3750.0,32848.2,11526.0,4.56,1.52,265.109377,-32.124087,10.4304,458.16,FALSE POSITIVE
4398.01,214243287,APC,5.7525195,3.718,8852.0,,,,,,,260.799238,-51.024433,9.933,213.41,CANDIDATE
4399.01,464646604,CP,7.7121208,2.4343481,728.4849109,3.004038,981.4576128,219.2841258,5985.4,4.4,1.08958,287.741144,-60.272636,7.7582,58.5146,CONFIRMED
440.01,143350972,FP,1.0817,1.588,341.533,2.07554,1796.6880123,2462.7009749,5759.2,4.45,1.02,82.245986,-17.429564,7.6818,49.3375,FALSE POSITIVE
4400.01,231630147,PC,7.0642486,3.6816469,11469.7564374,19.7963184,1190.1619021,474.1821245,5478.8,4.4,1.63563,317.159425,-55.56516,11.943,534.436,CANDIDATE
4401.01,178170828,PC,0.450264,1.1871566,331.3974583,1.7032799,2118.717907,4762.264913,5366.0,4.49884,0.898718,43.136576,-30.206588,11.0876,180.524,CANDIDATE
4402.01,197807778,PC,3.6989939,3.1680872,198.9402668,1.6399568,1262.4182224,600.2525597,5811.0,4.33357,1.15018,53.504784,-54.36679,9.8429,151.543,CANDIDATE
4403.01,350931281,PC,4.4620528,4.3381703,289.9548667,3.0395927,1456.0031408,1062.111837,5515.2,3.91,1.72395,90.71014,-55.532931,10.7888,339.264,CANDIDATE
4404.01,342314656,PC,39.6251926,2.0275642,4527.8284055,17.70843,673.1703229,48.5311797,5869.0,4.07271,1.56795,123.724987,-57.433076,10.7108,286.115,CANDIDATE
4405.01,177254988,PC,5.9214231,2.2680522,1221.9430373,2.8781652,671.8651016,48.1558813,4361.0,4.59663,0.687025,101.595337,-75.444127,12.3813,155.501,CANDIDATE
4405.02,177254988,PC,1.0929203,1.5258481,377.4316425,1.3599954,1180.0342431,458.2468016,4361.0,4.59663,0.687025,101.595337,-75.444127,12.3813,155.501,CANDIDATE
4406.01,206541859,CP,30.083503,3.9858103,5439.2108279,12.1275255,703.8608065,58.0053608,5906.5,4.16721,1.41293,18.048516,-56.925387,10.5663,261.834,CONFIRMED
4407.01,207238953,PC,7.1366507,2.1906434,768.4493836,3.3078706,921.6187961,170.5007507,5559.0,4.41401,1.01775,50.21978,-56.071719,10.9015,199.286,CANDIDATE
4408.01,260189643,PC,2.054238,1.2287948,1994.0593535,3.5135858,937.7646859,182.7664593,4389.0,4.64365,0.655595,93.180626,-57.314409,13.2896,234.682,CANDIDATE
4409.01,382200986,PC,92.4918048,6.8943594,11487.575281,7.7703331,305.0532485,2.0465559,4930.5,,0.732008,81.818658,-54.946098,11.8911,179.419,CANDIDATE
441.01,316916655,FP,2.87436,1.901,2490.41,7.91346,1865.0,2011.82,6805.0,4.26,1.44,74.472782,-13.703709,9.19901,183.952,FALSE POSITIVE
4410.01,280803800,PC,26.0179101,4.5258048,766.5356589,2.5512622,577.1880843,26.2295252,5489.0,4.44576,0.913252,44.396282,-66.512498,10.5978,162.42,CANDIDATE
4412.01,35315453,PC,2.0340967,3.397,1283.0,6.38274,2299.0,4644.28,6849.0,3.99,2.05,249.808328,-52.099838,10.2956,389.597,CANDIDATE
4413.01,142019343,PC,4.4719937,2.619,170.0,1.08366,1065.0,214.229,5364.0,4.5,0.89,97.227889,-73.326667,9.6256,92.9715,CANDIDATE
4414.01,1405997635,FP,1.8697825,2.721,2940.0,,,,,,,267.475228,-37.531317,10.3147,,FALSE POSITIVE
4415.01,1234810324,APC,1.830108,1.936,3391.0,,,,,,,247.098356,-49.514152,10.0209,455.557,CANDIDATE
4416.01,79605791,PC,9.3305377,5.232,5610.0,15.2895,1158.0,299.515,6238.0,3.94,1.96,251.780014,-39.947307,9.5378,236.604,CANDIDATE
4417.01,208297760,PC,5.2574854,2.05,1250.0,2.88855,804.0,69.4717,4846.0,4.57,0.76,244.467204,-54.166478,9.3456,56.8503,CANDIDATE
4418.01,295593712,PC,7.6247217,1.972,813.0,2.26441,711.0,42.4746,5343.0,4.58,0.82,273.846341,-68.595252,10.0819,101.606,CANDIDATE
4418.02,295593712,PC,25.7086236,3.831,1430.0,2.81726,531.0,13.2098,5343.0,4.58,0.82,273.846341,-68.595252,10.0819,101.606,CANDIDATE
4419.01,352229268,PC,16.155134,3.528,590.0,2.42196,696.0,39.0235,5785.0,4.45,1.01,288.488957,-76.089319,10.3468,163.32,CANDIDATE
442.01,70899085,CP,4.0520368,1.5605128,5512.4033193,4.9523134,635.4908204,38.5441194,3779.0,4.64,0.607751,64.190221,-12.084864,10.7329,52.616,CONFIRMED
4420.01,362709886,PC,4.7259317,2.7740362,6309.6615331,16.7543131,1543.7606642,1342.2730931,6203.0,3.98,1.85891,246.799613,-69.344037,9.550201,230.661,CANDIDATE
4421.01,141412823,FP,21.7004042,9.415,406.0,3.16777,1078.0,224.371,5788.7,4.22,1.78,84.237192,-75.611421,10.4078,300.427,FALSE POSITIVE
4422.01,263748033,PC,4.90826,4.324,8881.0,15.7889,2317.0,4791.11,7995.0,4.2,1.83,270.051173,-31.608593,9.944,359.619,CANDIDATE
4423.01,344600402,FP,1.3875331,2.679,952.0,3.16086,2998.0,13423.0,5678.0,4.33,1.14,252.03108,-56.686774,10.4425,182.238,FALSE POSITIVE
4424.01,326386495,PC,17.7424733,3.082,880.0,2.00179,527.0,12.8216,4926.2,4.67,0.69,268.24441,-48.563082,9.8496,67.266,CANDIDATE
4425.01,106940971,PC,5.412802,4.5898431,5278.1957566,11.0171044,1346.375787,776.5799485,6468.0,4.22,1.47364,264.841449,-35.391821,9.3777,175.367,CANDIDATE
4427.01,207339000,PC,4.6182631,2.7008637,20287.618268,13.3976162,964.8475089,204.8121523,5328.0,4.50337,0.889218,135.049261,72.147747,11.3427,198.251,CANDIDATE
4429.01,233188747,PC,3.4505658,3.0397698,15044.6453237,12.8140087,1163.188716,432.6350726,5402.0,4.37462,1.04301,225.589638,70.949594,12.7714,461.898,CANDIDATE
4430.01,362222177,PC,6.6363577,6.385,7470.0,12.2701,1345.0,543.643,5490.0,4.09312,1.46,286.680147,78.579143,12.8668,665.068,CANDIDATE
4432.01,198610218,PC,3.0413391,1.5149962,27645.4859583,25.3471107,961.0799713,201.6318379,4034.0,4.21431,1.02777,271.308219,47.911223,12.5386,209.435,CANDIDATE
4433.01,158551257,FP,0.9023951,1.6045865,5385.0871091,,1886.1512508,2991.0733649,5780.0,4.438,,287.57055,43.531709,14.2502,833.364,FALSE POSITIVE
4436.01,420268415,PC,1.7590566,3.5349264,10499.9757194,20.9577864,2236.2766989,5910.4855015,6250.0,3.91912,1.9992501,308.426581,87.009328,11.8931,621.061,CANDIDATE
4437.01,237205154,PC,5.8929985,3.788,17850.0,16.0223,1198.0,342.766,6182.0,4.3753,1.17,293.583219,76.661086,13.0024,686.482,CANDIDATE
4438.01,22233480,CP,7.4463034,2.0033138,4045.7241785,2.4048644,392.8439471,5.6286114,3353.0,4.84911,0.375859,270.317239,35.594899,11.2695,30.0346,CONFIRMED
4439.01,267545252,PC,3.3792358,2.8993928,18782.5364499,13.059562,1137.3474484,395.4518688,5529.0,4.47066,0.948617,284.280822,48.537916,13.8686,714.501,CANDIDATE
444.01,179034327,CP,17.9635083,4.4297958,1266.94519,3.2970197,561.3646044,23.4693523,5229.0,4.55429,0.794471,64.183998,-26.766407,9.0567,57.3973,CONFIRMED
4441.01,23982469,PC,4.3745757,4.8649118,8101.7247421,18.8478934,1831.5756099,2659.6250101,7305.0,4.05424,1.99827,276.123535,32.065393,11.0477,627.308,CANDIDATE
4442.01,446158352,PC,4.0434287,3.388,8960.0,16.7752,1494.0,827.311,6557.0,4.08473,1.75,88.754704,82.889011,13.4835,1435.21,CANDIDATE
4443.01,158241252,CP,1.8498567,2.518276,195.4102498,1.7193265,1499.3048942,1194.2103654,5834.0,4.44433,1.0173301,274.268664,21.909546,7.9147,56.0739,CONFIRMED
4443.02,158241252,PC,10.3088724,2.2763645,372.3295802,2.2122841,845.6661185,120.8695,5834.0,4.44433,1.0173301,274.268664,21.909546,7.9147,56.0739,CANDIDATE
4444.01,158167408,PC,5.2410659,3.0113696,8947.1015296,12.4231453,1223.0165958,528.7500273,6064.0,4.27292,1.28562,285.971768,42.545624,13.5728,989.963,CANDIDATE
4447.01,153937417,PC,4.1596197,2.4127131,17837.7774982,9.3574411,749.515043,74.5834411,4230.0,4.55383,0.711036,172.872285,71.081486,13.5868,268.37,CANDIDATE
4449.01,322046084,PC,2.7519172,1.329,9811.0,13.4019,1186.0,328.515,5856.0,4.25,1.28,278.326026,25.395158,10.3446,213.604,CANDIDATE
445.01,14091704,PC,0.7649571,1.094,1900.0,12.9538,2971.0,12939.9,6307.9,3.97,1.65,77.323576,-36.591034,9.1577,176.617,CANDIDATE
4450.01,373017346,PC,10.6925011,3.491,1200.0,4.01292,865.0,93.3426,5844.0,4.34318,1.15,306.137819,87.071156,10.5801,210.858,CANDIDATE
4451.01,23229805,PC,8.8517354,4.3401879,1034.8661285,3.6624912,947.2477653,190.2722086,6138.0,4.43818,1.07689,274.760444,34.045704,8.5608,87.8966,CANDIDATE
4452.01,229581160,PC,3.4149091,2.7231879,13219.6475165,13.9171881,1228.3213942,537.9836369,5480.0,4.31394,1.13032,270.165725,72.939501,13.5167,718.574,CANDIDATE
4453.01,243333538,FP,2.9985667,3.025166,28040.9068572,17.8036847,1333.854734,748.0922226,6126.0,4.46702,1.04172,289.839513,56.93037,13.7703,880.941,FALSE POSITIVE
4458.01,229671380,PC,3.939371,5.8132051,4051.5089426,13.6344163,1703.4303761,1989.8418083,5904.4,3.84,2.0955601,252.125998,74.76375,11.0672,505.432,CANDIDATE
4459.01,230129753,PC,5.7475343,1.846,11890.0,6.43097,528.0,12.9407,3750.0,4.67041,0.58,251.827318,67.298053,14.3668,254.968,CANDIDATE
446.01,1449640,APC,3.5018023,3.917956,16196.191206,22.103526,1648.3426761,1744.6608389,6383.9,4.03,1.66889,75.17158,-35.202674,11.921,674.155,CANDIDATE
4460.01,461635621,PC,28.6648749,5.395,1025.0,3.15161,917.0,117.442,4818.0,4.65,0.69,19.91003,85.13439,10.3859,82.2168,CANDIDATE
4461.01,149282072,FP,3.7006742,3.115,840.0,2.61277,1714.0,1434.65,5025.0,4.56,0.79,279.146891,16.45244,10.4787,106.424,FALSE POSITIVE
4462.01,76420654,CP,4.9133022,5.159,2040.0,9.33912,1566.0,999.403,5918.0,3.84,2.06,274.669941,36.254856,10.445,368.922,CONFIRMED
4463.01,8599009,CP,2.88069,1.784,10380.0,22.4297,1421.0,678.487,5541.0,4.36,1.09,279.358129,18.729952,10.4673,173.117,CONFIRMED
4464.01,441589581,PC,8.0379975,3.287,320.0,7.65886,841.0,83.2088,5022.0,,5.14,113.133261,75.789688,9.12551,360.444,CANDIDATE
4465.01,157236902,CP,,12.002,13520.0,11.62,941.0,130.528,5557.0,4.44,0.99,276.134031,15.841886,9.85277,121.139,CONFIRMED
4468.01,441763252,PC,2.7708596,2.17,22640.0,12.2577,1058.0,208.594,4975.0,4.55845,0.79,260.575023,72.645373,13.2847,375.517,CANDIDATE
4468.02,441763252,PC,7.014001,2.9681334,1646.6732684,3.6528621,752.2846294,75.6935339,4975.0,4.55845,0.789304,260.575023,72.645373,13.2847,375.517,CANDIDATE
447.01,14091633,APC,5.5292743,2.542935,17914.4576673,23.5458512,1234.7287098,549.2969498,6350.0,4.34,1.26396,77.260156,-36.464478,8.8695,126.177,CANDIDATE
4477.01,64531556,FP,7.8127906,6.304,8120.0,22.0599,1874.0,2051.05,8451.0,4.00707,2.38,309.461444,37.155939,11.7018,782.732,FALSE POSITIVE
4478.01,233823679,PC,2.7586362,2.868,4240.0,7.78435,1475.0,787.087,5774.0,4.32015,1.17,303.549181,54.694405,11.4682,296.293,CANDIDATE
4479.01,126606859,CP,1.1589013,1.1688702,3470.6759302,2.6829722,781.5723494,88.1856149,3449.0,4.80176,0.427389,316.096939,24.653674,12.9374,80.6532,CONFIRMED
448.01,1528696,CP,0.8820624,0.5759672,11755.4509288,8.3888941,1428.2525761,983.4245957,4669.0,4.52,0.782888,75.795382,-30.399461,13.1686,308.262,CONFIRMED
4481.01,239332587,CP,0.9263237,0.81,952.0,1.67823,1162.0,303.547,3573.0,4.80376,0.43,311.2697,44.500235,8.72762,12.0445,CONFIRMED
4484.01,272707711,PC,2.6890703,2.1209962,38330.4094984,15.2271225,1012.661107,248.5292583,4844.0,4.54518,0.785703,296.683099,42.967882,15.0893,734.772,CANDIDATE
4487.01,193754373,PC,3.9540617,3.869,5820.0,13.1238,1477.0,792.078,5773.0,4.03,1.69,306.422081,45.971031,11.4923,479.145,CANDIDATE
4491.01,193336820,CP,5.006622,1.66,1290.0,2.22447,731.0,47.6469,4006.0,4.68,0.6,305.689744,47.308619,10.4382,46.4488,CONFIRMED
4492.01,298297931,PC,4.4331838,3.856,9166.0,12.5157,1268.0,430.349,5667.0,4.24,1.26,308.6508,29.238102,9.63105,143.184,CANDIDATE
4493.01,263218688,PC,1.5076298,1.93,280.0,4.68666,1491.0,820.873,4954.0,,2.82,298.686935,23.060942,8.94942,181.32,CANDIDATE
4494.01,40466976,PC,32.535016,3.67,3821.0,,669.0,33.301,6303.8,,,293.328194,33.482606,7.3664,54.9701,CANDIDATE
4495.01,120826158,CP,5.1830043,2.783,670.0,3.63045,1202.0,346.626,6156.0,4.25196,1.34,286.362495,37.02599,9.00568,132.214,CONFIRMED
4495.02,120826158,PC,2.5693728,2.471,290.0,2.18392,1567.0,1001.28,6156.0,4.25196,1.34,286.362495,37.02599,9.00568,132.214,CANDIDATE
4496.01,275758701,PC,1.18803,1.322,3840.0,,1720.9421672,2072.9370109,,,,305.270928,43.675167,9.159,264.751,CANDIDATE
4497.01,436166416,PC,3.6001959,2.887,7820.0,16.1928,1619.0,1141.26,7172.0,4.16,1.75,306.396098,27.816089,10.3544,395.542,CANDIDATE
4498.01,305943739,FP,5.3073459,3.714,200.0,2.05347,1313.0,494.046,5821.4,4.16,1.42,295.468588,23.377283,7.948,79.4746,FALSE POSITIVE
4499.01,120183168,PC,3.4902115,2.449,366.0,2.05978,1352.0,555.873,6111.0,4.43,1.09,284.361887,39.076184,10.1293,175.743,CANDIDATE
4499.02,120183168,PC,5.5387718,3.163,439.0,2.07738,1219.0,366.683,6111.0,4.43,1.09,284.361887,39.076184,10.1293,175.743,CANDIDATE
450.01,77951245,APC,10.7148661,2.1121584,56325.9173745,14.037554,339.8915287,3.1541502,3054.0,4.438,0.422267,79.005088,-31.412694,12.4258,53.5063,CANDIDATE
4500.01,406190563,FP,1.773346,3.291,710.0,7.95884,2492.0,6411.52,6802.0,3.63,3.08,306.244087,30.348186,10.351,604.164,FALSE POSITIVE
4501.01,22069559,PC,2.0348789,2.379,176.0,3.57655,4867.0,93196.9,8279.0,3.81,2.94,292.723724,30.433453,8.46837,334.551,CANDIDATE
4502.01,239372503,FP,0.8560277,1.587,247.0,3.15801,,46825.3,11798.0,4.18,2.38,311.435385,43.445151,8.716291,413.683,FALSE POSITIVE
4503.01,167719618,PC,710.6982018,7.1450196,691.3914728,2.0928405,243.9123864,0.8364817,5334.0,4.6001,0.796254,103.092872,-65.097657,9.0803,62.505,CANDIDATE
4504.01,349972412,CP,82.9294114,7.4967507,13067.7332328,11.4756331,182.8021957,0.2639044,5271.0,4.43,0.960919,114.467307,-62.078278,12.5542,342.605,CONFIRMED
4504.02,349972412,CP,2.4261538,2.1344641,754.8303067,2.6600255,1234.029846,548.0543839,5271.0,4.43,0.960919,114.467307,-62.078278,12.5542,342.605,CONFIRMED
4505.01,150299840,PC,19.4723789,7.7309404,7062.8806063,17.3337286,1052.1008534,289.5679511,7182.7,4.24,1.9674799,95.241796,-60.955781,10.4223,421.749,CANDIDATE
4506.01,434105094,PC,5.4107024,0.7211954,22498.1066362,2.9859726,299.447353,1.9002158,2938.0,5.14513,0.185013,354.410625,-12.84253,13.6343,,CANDIDATE
4507.01,179582003,PC,104.6162557,9.3317949,6111.4633395,15.8235575,562.0116791,23.5777503,6115.26,3.90726,1.97585,80.451368,-69.988217,10.2301,178.26,CANDIDATE
4508.01,170789802,PC,3.4672779,0.4055928,3657.0603553,2.1135466,492.9988422,13.9606166,3383.0,4.89132,0.332564,69.614731,-31.189335,11.8371,33.4412,CANDIDATE
4509.01,319610598,PC,,6.4567709,3177.6204985,10.4883207,530.0285587,18.6516855,6930.0,4.10087,1.81171,100.953422,-52.638381,11.4003,629.031,CANDIDATE
451.01,257605131,CP,16.364873,4.0478302,2075.0944118,3.9248322,634.2219521,38.2371999,5481.0,4.56,0.856226,62.966385,-37.93973,10.2666,123.739,CONFIRMED
451.02,257605131,CP,1.8586624,2.0525797,497.6683497,1.9323657,1309.6200353,695.1879631,5481.0,4.56,0.856226,62.966385,-37.93973,10.2666,123.739,CONFIRMED
451.03,257605131,CP,9.1910792,3.055677,940.8500219,2.7251006,768.6995876,82.5177911,5481.0,4.56,0.856226,62.966385,-37.93973,10.2666,123.739,CONFIRMED
4510.01,340458804,PC,194.2432864,9.2564583,810.9983952,4.4714848,477.6516387,12.3017271,7923.0,4.35405,1.5184,115.639048,-58.623272,10.3607,373.289,CANDIDATE
4511.01,333674399,PC,20.9040576,5.197,930.0,4.53003,1260.0,419.568,5708.0,4.44413,1.0,49.305279,15.501727,9.81932,121.832,CANDIDATE
4511.02,333674399,PC,10.9776867,3.596,860.0,5.76837,1542.0,938.995,5708.0,4.44413,1.0,49.305279,15.501727,9.81932,121.832,CANDIDATE
4513.01,408261725,PC,9.7607632,1.967,790.0,2.22799,653.0,30.3621,5558.0,4.62634,0.8,18.090518,13.75508,9.96064,102.609,CANDIDATE
4515.01,456862677,CP,15.2664658,2.6673792,16186.172954,12.2663968,650.4312952,42.2986706,5420.82,4.52994,0.874078,21.186178,21.513064,11.302,193.499,CONFIRMED
4519.01,419957393,PC,5.8903558,2.5374738,8410.6143369,,1009.241068,245.1888178,5780.0,4.438,,31.106453,3.99893,13.4911,,CANDIDATE
4522.01,369480087,FP,0.3643225,0.2120684,38216.7895418,6.9527391,1086.4738962,329.3048956,3473.0,4.87657,0.347331,23.304228,5.645209,15.6615,233.735,FALSE POSITIVE
4524.01,333657795,CP,0.9260632,1.035,221.0,1.67736,1576.0,1025.84,5640.0,4.35,1.11,49.178124,15.656354,8.1359,63.6796,CONFIRMED
4527.01,380887434,CP,0.3994445,0.8028796,330.8173737,0.9086617,1247.0250186,571.5071504,3702.0,4.75,0.485948,19.472257,5.4712,9.16764,18.1037,CONFIRMED
4528.01,376981340,FA,4.0249712,2.5421502,20420.7314775,10.8574371,827.5576787,110.8444857,4492.0,4.51578,0.770497,19.609812,6.8168,12.806,220.761,FALSE POSITIVE
4529.01,384888319,PC,5.8795752,2.0778157,1352.7622114,1.8721219,498.6247907,14.6088648,3611.0,4.74,0.492759,16.968846,12.880955,10.1406,28.384,CANDIDATE
4537.01,251039147,PC,6.6629951,1.3454748,949.4386612,3.7022837,1021.2631882,257.0820256,5975.0,4.42,1.07392,340.59158,-6.87105,8.1954,70.2468,CANDIDATE
454.01,153077621,APC,18.0826084,2.3867987,8002.7855656,3.911716,465.1025269,11.0589985,3321.0,4.95373,0.296,49.659937,-42.642329,9.441,78.7806,CANDIDATE
4540.01,388816604,PC,2.5048178,2.077,1723.0,3.9467,1282.0,448.655,5328.0,4.47,0.92,18.588433,1.004796,12.9485,427.038,CANDIDATE
4541.01,293432942,APC,1.1339769,0.852,630.0,,1384.0,609.124,5986.2,,,26.308509,3.51364,10.027,337.7234,CANDIDATE
4542.01,4464022,PC,5.9167817,1.286,27909.0,18.1119,577.0,18.5055,4781.0,4.29,1.05,346.592747,-9.201478,12.2614,284.21,CANDIDATE
4543.01,435336785,PC,5.7740318,4.551,4820.0,24.6129,1412.0,660.328,4837.8,,3.19,55.140851,13.552772,6.7943,,CANDIDATE
4546.01,25911962,PC,0.745637,0.671,932.0,7.71235,2202.0,3906.17,6984.0,4.04,1.96,51.440653,23.188666,10.0376,329.537,CANDIDATE
4548.01,21130820,PC,4.6003967,1.402,1130.0,5.39503,,82.7066,5970.5,,1.59,36.34112,25.530678,9.962,165.593,CANDIDATE
4549.01,9030119,PC,3.3129214,2.097,1815.0,4.28877,1119.0,260.965,5512.0,4.44,0.98,355.702386,-9.588712,12.8466,456.122,CANDIDATE
455.01,98796344,CP,5.358776,1.3697764,2708.4393715,1.4454154,403.7401541,6.2795537,3562.0,4.97389,0.275953,45.462478,-16.594496,8.84294,6.86929,CONFIRMED
4550.01,400972123,PC,1.8868756,2.393,368.0,4.8297,2734.0,9275.7,7751.0,3.81,2.57,167.819807,-68.472537,9.7741,554.449,CANDIDATE
4551.01,204650483,CP,9.956296,10.474,1024.0,8.32411,1655.0,1247.74,4956.0,,3.38,184.978758,-25.827853,9.02765,215.986,CONFIRMED
4552.01,248250955,PC,0.3011506,0.6404841,1457.6973975,1.2801124,1027.596418,263.5186329,3304.0,4.96212,0.286178,264.714256,-47.637046,11.9251,27.2684,CANDIDATE
4553.01,383721338,PC,20.3129649,7.1852402,5194.3258042,10.8026737,866.2905237,133.0991422,6490.0,4.23,1.4658999,278.186572,43.25282,10.4895,309.746,CANDIDATE
4554.01,369768787,PC,39.1076478,9.0245368,337.4561615,1.4669377,458.2261962,10.4193507,5490.0,4.61819,0.796293,144.319335,-84.696258,9.6632,88.0207,CANDIDATE
4555.01,141770198,PC,522.6272677,9.8639237,238.5844154,2.2445426,279.9010524,1.4505715,6199.0,4.21534,1.40973,91.875497,-76.69059,8.1676,96.7153,CANDIDATE
4556.01,107018378,PC,3.792456,1.2264922,3553.2788818,1.4571721,414.6491761,6.9862517,3319.0,5.03236,0.218553,182.925066,-32.53258,13.0454,36.6717,CANDIDATE
4557.01,258917846,PC,32.291901,8.0916468,1517.2139238,5.1460938,616.6120377,34.1640224,6013.0,4.438,1.23318,197.912511,-47.45457,10.3342,220.465,CANDIDATE
4558.01,220414682,PC,6.5812768,4.663367,55.2290807,1.6765354,1005.888008,241.9466004,5217.0,4.438,2.2631199,71.112335,-59.321447,8.7147,145.248,CANDIDATE
4559.01,271169413,CP,3.9649053,1.6788114,1160.5626137,1.4999935,522.5103737,17.615731,3476.0,4.80232,0.426767,211.013538,-30.014125,10.9139,31.6354,CONFIRMED
456.01,77228304,FP,0.336826,0.883311,18251.292089,15.240658,2619.630824,11129.6464735,5780.0,4.438,1.0,69.116563,-41.246194,15.7298,39.4781,FALSE POSITIVE
4560.01,307716123,PC,3.7634028,2.5259027,140.4352916,2.4144238,1728.4676115,2109.4342142,6491.0,4.00559,1.89742,127.832228,-68.0239,9.1007,207.571,CANDIDATE
4561.01,33716474,PC,8.9356558,1.9539147,420.5298106,2.0224563,789.8093802,91.9623692,5631.0,4.57723,0.851957,60.961895,-76.021457,11.0559,179.008,CANDIDATE
4562.01,349576261,CP,225.1037885,4.0237136,10850.1349366,13.2081506,341.1480504,3.2010509,5965.99,4.28007,1.25231,112.010059,-63.517779,11.5326,339.605,CONFIRMED
4563.01,418255064,PC,743.4843888,3.8041623,5535.4604085,5.4510788,360.5530878,3.9939064,5342.0,4.71456,0.697666,196.653058,-80.617002,11.6157,156.348,CANDIDATE
4564.01,400786146,FP,22.1536777,7.5893785,4469.3198771,12.6297905,855.3874599,126.5238849,6123.0,4.07991,1.6267,167.000935,-67.149824,10.7716,333.206,FALSE POSITIVE
4565.01,381897917,PC,692.5150646,2.6383141,1810.2811624,2.2782015,165.7679643,0.1784528,3614.0,4.71017,0.531248,270.107996,-48.474637,10.3154,33.2345,CANDIDATE
4566.01,269728501,PC,2.0844882,1.5541575,609.0046533,1.881105,983.115793,220.7698145,4443.39,4.57662,0.713304,56.769865,-79.334322,11.5832,118.765,CANDIDATE
4567.01,307849973,PC,0.8409429,1.1780506,549.3465906,1.6732084,1088.3303343,331.5613798,3830.0,4.64404,0.608498,128.506585,-66.768549,11.9212,91.313,CANDIDATE
4567.02,307849973,PC,23.5422422,3.2390849,1411.9717256,2.3109407,358.4266471,3.9005169,3830.0,4.64404,0.608498,128.506585,-66.768549,11.9212,91.313,CANDIDATE
4568.01,447088034,PC,14.0063765,1.971,300.0,2.26316,583.0,19.2603,5899.0,4.22221,1.33,238.702259,-65.901121,6.9608,48.0378,CANDIDATE
4569.01,149126400,FP,1.2253159,3.435758,6006.5175069,2.3820012,743.1116558,72.0671413,3725.0,4.92832,0.297644,81.028116,-63.028858,15.764,212.947,FALSE POSITIVE
457.01,89256802,PC,1.1759834,0.9928338,14881.4796123,7.7193559,768.6592267,82.500462,3054.0,5.08962,0.512881,58.725356,-26.423411,13.741,,CANDIDATE
4572.01,154940895,PC,13.4755461,2.2763948,1090.0934414,1.5718719,382.427399,5.0549516,3710.0,4.7642,0.469524,210.048871,88.612103,11.9212,61.7358,CANDIDATE
4573.01,362103298,PC,10.7155521,2.727777,424.299807,1.4160391,509.258495,15.8954977,4207.0,4.66778,0.623617,268.253758,66.134585,11.0444,72.8333,CANDIDATE
4574.01,298428237,PC,0.768988,0.512,870.0,2.01326,807.0,70.4453,3734.0,4.69992,0.54,312.065404,24.484549,11.7495,69.81,CANDIDATE
4575.01,372759746,PC,27.9815639,4.901,722.0,2.85252,803.0,69.3133,5905.0,4.34239,1.16,175.196879,71.978724,10.3203,194.791,CANDIDATE
4576.01,157667414,PC,10.4834062,3.2981777,1767.8841835,3.5119412,541.6077626,20.3357654,4271.0,4.60188,0.677846,275.226841,16.452703,10.1658,54.9588,CANDIDATE
4578.01,154474036,PC,8.6239097,2.6192964,675.1210806,2.9176946,842.4208274,119.024779,5917.0,4.58257,0.878735,184.210967,75.140236,10.7757,182.249,CANDIDATE
458.01,64071894,PC,17.5288347,2.1115133,1131.5075681,2.8950078,572.8570065,25.4510626,5164.0,4.5371,0.829519,39.136304,-22.244996,9.6438,76.6986,CANDIDATE
4580.01,219742885,PC,0.9167992,1.3578155,39.0383592,0.6115871,1792.0450656,2437.3433306,5659.0,5.62196,0.973028,242.415045,65.828021,8.5954,67.7223,CANDIDATE
4582.01,219854519,CP,31.0343214,12.0587354,1572.1891091,10.1577688,614.6639792,33.7343273,5234.0,4.438,2.56935,256.860137,68.865626,10.5481,383.846,CONFIRMED
4583.01,103604037,FA,19.5202386,4.096058,2962.4035565,,676.9351246,49.6259917,5780.0,4.438,,150.892247,67.990199,10.571,,FALSE POSITIVE
4585.01,233529335,PC,,12.8976378,384.7552746,2.5653805,258.7984214,1.0601504,6000.0,5.03448,1.2886699,280.203329,62.506346,9.64656,156.873,CANDIDATE
4586.01,416534875,PC,5.3909915,1.954,570.0,2.22182,861.0,91.5265,5405.0,4.53628,0.87,164.524644,59.430179,10.7382,150.445,CANDIDATE
4588.01,48031665,PC,13.1187746,4.5278413,333.0027831,2.9857871,1181.1005716,459.9054123,7800.0,4.31091,1.57458,282.00042,48.542256,9.06584,225.181,CANDIDATE
459.01,38603673,APC,4.4291253,0.9461342,700.0516873,6.3443547,1727.6835992,2105.6095608,6559.17,3.95184,2.0848899,64.415043,-61.39201,9.5473,286.94,CANDIDATE
4590.01,154923406,PC,25.9213509,2.1208392,589.3171527,1.9119702,488.4956168,13.4574783,5011.0,4.56555,0.786678,203.195141,84.514705,9.6446,72.1096,CANDIDATE
4591.01,356868487,FP,27.9102929,10.6336018,18279.5176543,19.2884326,694.8640749,55.0960466,6327.0,4.438,1.39013,275.838952,69.861926,11.7167,526.166,FALSE POSITIVE
4594.01,158555987,FP,5.5460893,2.2804171,1956.6215347,8.8601851,1588.5463022,1504.9446019,6963.86,4.07013,1.88937,287.807212,43.188801,11.8995,847.299,FALSE POSITIVE
4596.01,86951294,PC,4.1194175,2.057,722.0,2.68492,1087.0,232.099,5598.0,4.45,0.98,98.707848,27.388017,9.2564,93.4913,CANDIDATE
4597.01,68573534,PC,4.6663795,2.526,6900.0,13.2255,1438.0,711.568,7712.0,4.31,1.57,73.705654,22.146384,7.82403,125.189,CANDIDATE
4598.01,29017001,PC,8.2003748,2.168,1521.0,15.9053,1337.0,530.919,6011.0,3.99,1.76,50.787196,24.690039,9.58025,208.41,CANDIDATE
4599.01,307809773,CP,2.7694936,1.031,712.0,1.27326,602.0,21.8758,3807.0,4.77,0.47,99.291543,17.56627,7.89863,10.0055,CONFIRMED
4599.02,307809773,CP,5.7060868,0.863,821.0,1.89602,593.0,20.536,3807.0,4.77,0.47,99.291543,17.56627,7.89863,10.0055,CONFIRMED
460.01,9804616,FP,0.5168347,0.936413,33190.706911,6.597837,841.7881825,118.6676385,3274.0,4.9794,0.273,47.64349,-9.276812,14.1118,210.988,FALSE POSITIVE
4600.01,232608943,CP,82.6901439,7.5240298,6529.5765126,6.8236925,344.1684282,3.3159282,5073.0,4.53,0.831915,258.450367,64.566173,11.8787,216.056,CONFIRMED
4600.02,232608943,CP,482.8191,10.8504687,6928.144617,6.9087752,672.6687765,48.3867084,5073.0,4.53,0.831915,258.450367,64.566173,11.8787,216.056,CONFIRMED
4601.01,349071261,PC,2.7875233,1.7384121,8077.6726128,15.2099907,1554.2526706,1379.1372564,6408.3,4.34,1.27487,75.814118,24.22327,10.3099,225.749,CANDIDATE
4602.01,467651916,CP,3.9813082,3.1,464.0,2.36323,1561.0,986.754,6011.9,4.36,1.16,60.600332,31.329835,7.7746,63.0637,CONFIRMED
4603.01,437856897,CP,7.2455997,2.734,1106.0,14.2395,1637.0,1192.46,6169.1,3.65,2.68,83.865929,21.294242,8.6554,225.643,CONFIRMED
4605.01,19155785,FP,3.1442556,1.81,2095.0,4.69096,1425.0,685.022,5691.0,4.45,1.0,81.715698,18.419816,10.2207,148.574,FALSE POSITIVE
4607.01,28294709,PC,5.5109534,2.411,520.0,3.08109,1121.0,262.935,6404.0,4.31,1.31,28.905222,24.118154,9.67952,180.022,CANDIDATE
4608.01,427740976,PC,2.3494903,2.014,9053.0,14.6551,1690.0,1355.37,7418.5,4.31,1.51,59.647191,25.388587,11.4512,550.363,CANDIDATE
4609.01,118820486,PC,2.6921752,3.246,9194.0,16.0682,2242.0,4194.73,7461.4,4.22,1.68,70.374204,21.257733,10.4117,349.025,CANDIDATE
461.01,4646810,CP,10.9245478,1.8716477,653.537141,1.9015018,621.4224577,35.242668,4884.0,4.49,0.74413,38.271253,-10.352178,8.8723,45.5621,CONFIRMED
4610.01,1950736,FP,3.1129681,2.308,585.0,1.5002,977.0,151.507,4104.0,4.57,0.69,79.04324,30.585072,10.0745,47.914,FALSE POSITIVE
4611.01,68646526,PC,5.2289874,3.386,320.0,2.3513,1342.0,538.64,6213.0,4.3,1.28,73.841599,19.280926,9.02078,128.654,CANDIDATE
4613.01,436652523,APC,4.5461685,3.323,5251.0,21.1272,,3271.08,5341.8,3.98,2.4,72.633608,13.613468,12.0336,678.46,CANDIDATE
4614.01,408809625,PC,13.8338893,1.4260598,8899.362156,10.4349704,556.929421,22.7363971,4225.95,4.37245,0.876814,38.153496,16.337623,11.0302,101.255,CANDIDATE
4615.01,84599716,PC,5.3193755,6.6913995,6537.0839819,19.6684639,1698.9307701,1968.900323,6350.0,3.78918,2.3693399,96.679195,25.205001,11.7892,835.907,CANDIDATE
4616.01,258796169,PC,1.5538188,0.923936,3449.9519182,1.2643202,525.2017443,17.9814886,3244.0,5.07736,0.192729,14.818088,13.860795,12.8872,28.1016,CANDIDATE
4617.01,18373995,PC,3.4878754,2.8827447,18093.4842065,16.8851071,1314.8674761,706.3971426,5752.44,4.27789,1.22041,71.022672,22.567602,12.357,333.973,CANDIDATE
4619.01,238586172,PC,3.4732399,4.3731099,10338.2192807,16.6589645,1767.1168865,2304.5286397,7406.97,4.27763,1.56373,91.108286,22.49945,13.8232,1490.49,CANDIDATE
462.01,420049884,PC,4.1074291,3.0844055,900.9217753,3.971632,1171.7048355,445.4447971,5205.0,4.45924,1.30055,36.276465,1.32355,10.6573,205.366,CANDIDATE
4620.01,171160243,PC,1.3887494,1.38,3301.0,15.9057,2945.0,12503.9,7825.0,4.07227,2.08,68.071463,33.396384,9.56967,272.645,CANDIDATE
4622.01,94727308,APC,1.2969404,3.4301667,52197.5005433,11.2860342,672.4915576,48.3357374,3003.0,4.76981,0.463184,60.22656,31.691067,16.1779,297.693,CANDIDATE
4625.01,58472992,PC,2.191342,1.8100691,1062.791258,2.301946,1007.7178174,243.7119088,4384.23,4.438,0.720126,65.653481,25.699878,10.5774,,CANDIDATE
4626.01,241442273,PC,17.4756122,2.895,790.0,2.65592,620.0,24.581,5387.2,,0.84,205.513548,-48.466443,8.4492,51.1333,CANDIDATE
4627.01,89702406,FP,23.1438551,5.7659467,6955.8738937,13.2171669,625.6148603,36.2033889,5356.0,4.38,1.06356,127.649986,-58.528508,11.5252,260.383,FALSE POSITIVE
4629.01,304339227,PC,714.6970956,5.6919436,457.0864505,2.491011,221.0985478,0.5647608,6324.0,4.37047,1.12577,275.943112,-68.34495,8.6577,92.0015,CANDIDATE
463.01,176831592,FP,2.53405,1.944,4070.0,26.5362,2162.0,3632.83,6497.8,4.17,1.65,48.957233,-32.802396,9.1013,187.812,FALSE POSITIVE
4630.01,292202337,PC,721.5622191,4.5933413,2177.931991,4.5521238,195.7514704,0.3470093,6294.0,4.53886,0.968886,230.887224,-25.370615,9.046,85.3751,CANDIDATE
4631.01,313006381,PC,33.6356252,3.884357,724.0198395,2.3945586,497.9403065,14.5288129,5614.0,4.60434,0.821642,137.524773,75.610842,8.7551,62.2978,CANDIDATE
4632.01,336075472,PC,63.1448519,4.9925509,1697.0188103,2.8828549,295.9907568,1.8139846,4152.0,4.55825,0.702045,276.862418,45.454489,10.6329,65.4707,CANDIDATE
4633.01,307958020,CP,271.938639,11.1292466,483.1688883,3.5295923,268.5690786,1.2295467,5490.04,4.02198,1.5819,256.843102,62.475548,8.3498,95.2016,CONFIRMED
4634.01,17150865,FP,0.8706763,1.007,1861.0,6.52133,1729.0,1486.34,6121.0,4.16573,1.47,64.644978,19.179039,12.5065,568.754,FALSE POSITIVE
4635.01,337129672,FP,49.1077047,2.9402319,28125.1452075,12.3506372,340.1414927,3.1634389,4358.0,4.55296,0.72245,33.630248,8.079261,10.6029,75.3511,FALSE POSITIVE
4636.01,405484221,FP,42.8289152,2.3248526,85688.8204519,8.539416,186.9161969,0.2884754,3090.0,4.93803,0.289034,56.730555,24.187804,15.7488,136.79,FALSE POSITIVE
4637.01,306485267,PC,14.3540583,2.5122529,1053.0719668,2.8052104,635.2583194,38.4877433,5142.48,4.50291,0.86465,33.26482,19.402667,10.3991,112.147,CANDIDATE
4638.01,58824746,CP,10.2829583,3.5348916,865.1246457,2.7186716,779.8300521,87.4018996,5700.0,4.54131,0.894563,12.820663,12.787986,10.7434,168.248,CONFIRMED
4639.01,91251292,PC,3.990679,2.7900392,670.2495772,2.7025526,1207.4504214,502.3405437,6153.0,4.48335,1.02672,27.314546,21.703491,10.671,205.737,CANDIDATE
4639.02,91251292,PC,13.0780555,4.4541336,932.1214968,3.3632641,812.9001083,103.1976309,6153.0,4.48335,1.02672,27.314546,21.703491,10.671,205.737,CANDIDATE
464.01,398733009,FP,0.8185672,0.9809687,44712.1811611,4.1552603,5028.0545421,151050.0669195,31000.0,5.59998,0.18,32.169791,-9.046045,15.61,2220.36,FALSE POSITIVE
4640.01,337216118,PC,2.6857229,2.2391182,632.8097747,2.8622325,1378.8564659,854.2741042,5978.0,4.42301,1.06715,38.205319,10.072466,11.0771,245.089,CANDIDATE
4641.01,436873727,CP,22.0933922,5.4095076,2633.6009111,9.7603293,950.1073168,192.5802083,6798.4,4.11,1.75449,42.558202,25.333533,7.1323,86.3501,CONFIRMED
4642.01,336961891,PC,3.6022377,1.032552,2229.9856882,1.1671855,427.9661854,7.9279121,3266.0,4.99716,0.242091,30.884661,6.81587,11.9847,23.651,CANDIDATE
4643.01,270355392,PC,5.0256637,1.8885767,650.1415697,1.4655752,559.6083706,23.1770314,3782.0,4.72167,0.518021,32.217966,4.306928,10.6127,40.1036,CANDIDATE
4643.02,270355392,PC,10.7387039,1.5317637,803.3539058,1.7168904,434.4749293,8.4213145,3782.0,4.72167,0.518021,32.217966,4.306928,10.6127,40.1036,CANDIDATE
4644.01,387423096,PC,0.3181853,0.762,480.0,1.78228,1776.0,1654.43,4242.23,4.5065,0.75,41.72889,10.025975,11.0505,88.7751,CANDIDATE
4645.01,46698351,PC,5.0872348,8.035,4037.0,17.9284,2832.0,10680.9,8972.0,3.83,3.02,230.71059,-59.835375,10.2381,709.453,CANDIDATE
4646.01,286696849,PC,8.9299483,3.2002668,26516.4016202,12.6566078,625.1069435,36.0859625,4379.0,4.49,0.777586,72.799607,50.097926,12.2257,169.637,CANDIDATE
4647.01,303204165,PC,8.8346147,3.0143987,646.0966072,2.5385619,884.5519427,144.6819536,5991.0,4.50886,0.968041,5.246066,12.324003,9.59055,117.411,CANDIDATE
4647.02,303204165,PC,11.0696104,3.1681143,591.1055416,2.5924247,820.4934142,107.1078742,5991.0,4.50886,0.968041,5.246066,12.324003,9.59055,117.411,CANDIDATE
4649.01,404713783,PC,15.0758735,3.502,645.0,2.41942,735.0,48.6781,5744.71,4.44026,1.01,29.956527,16.346694,10.1448,148.252,CANDIDATE
4650.01,60646268,PC,2.6672418,2.858,11150.0,8.5917,1166.0,307.867,4432.0,4.5,0.77,334.328447,-32.861291,13.492,314.596,CANDIDATE
4651.01,147302550,PC,11.1878978,2.457,8190.0,10.1018,683.0,36.1679,5721.0,4.39,1.07,325.099478,-46.296628,13.3592,686.148,CANDIDATE
4652.01,139877968,PC,18.6224802,4.088,9890.0,12.759,843.0,84.0311,5654.5,4.44,0.99,326.341174,-48.133805,12.1679,356.061,CANDIDATE
4653.01,238854767,PC,16.3764188,4.775,1230.0,4.23355,913.0,115.374,6397.0,4.36,1.24,342.755394,-71.741896,11.3326,376.59,CANDIDATE
4654.01,99648579,PC,10.6936683,2.411,10680.0,12.2512,688.0,37.24,5820.0,4.34,1.14,321.394406,-21.79841,13.2157,695.482,CANDIDATE
4655.01,209310912,PC,3.6749802,1.743,23820.0,11.714,864.0,92.6245,5134.0,4.66,0.72,337.171555,-23.935763,13.4227,382.837,CANDIDATE
4656.01,120523488,PC,3.439221,1.693,5050.0,6.2369,916.0,117.243,5053.0,4.48,0.87,2.911029,-38.010267,13.3652,443.769,CANDIDATE
4657.01,434110695,PC,8.115667,0.9600196,1807.4400226,5.8543726,1098.7796748,344.4795703,6200.0,4.25,1.35175,355.018479,-15.946346,11.5471,433.817,CANDIDATE
4658.01,224279091,PC,6.0142432,2.262,1210.0,2.96676,887.0,103.111,5575.0,4.58,0.85,355.53548,-39.061086,11.5047,222.47,CANDIDATE
4659.01,178215634,PC,1.0451165,0.794,1010.0,6.13091,1638.0,1195.11,5921.2,4.11,1.52,58.814237,-20.31271,10.9774,329.19,CANDIDATE
4660.01,435259601,PC,1.5090806,1.796,26050.0,14.3177,1218.0,365.719,4674.0,4.46,0.84,51.999785,12.523415,13.2616,257.346,CANDIDATE
4661.01,441135051,PC,8.8085782,1.92,9550.0,,,,,,,40.520173,-17.50173,11.858,179.125,CANDIDATE
4662.01,166778944,PC,4.7034187,1.937,1390.0,2.58065,741.0,50.104,4481.0,4.6,0.69,57.516031,-31.094025,11.4031,111.047,CANDIDATE
4663.01,237358490,PC,5.2916448,2.645,17870.0,10.1289,745.0,51.2343,4397.1,4.56,0.75,61.083254,-49.123531,13.0006,230.3,CANDIDATE
4664.01,299551666,PC,3.0002713,3.519,8490.0,12.4821,1587.0,1054.22,5902.3,4.27,1.26,54.66524,4.92143,12.7285,606.404,CANDIDATE
4665.01,165201455,PC,3.6831574,4.43,6190.0,12.4845,1733.0,1500.66,6304.0,4.09,1.66,56.300399,-41.309838,13.2467,1196.83,CANDIDATE
4666.01,165202476,CP,2.9093856,2.075,45160.0,12.8688,729.0,46.992,3666.0,4.66,0.59,56.289886,-39.06318,13.3272,154.749,CONFIRMED
4667.01,422884521,PC,17.9450925,1.673,16550.0,13.3791,427.0,5.5686,5681.0,4.44,1.01,37.24398,1.309474,13.413,652.129,CANDIDATE
4668.01,142938659,PC,1.0049552,0.92,8600.0,5.19137,787.0,63.8249,3210.0,4.81,0.42,52.647353,-35.203715,13.8371,106.188,CANDIDATE
4669.01,71401634,FP,0.2476684,0.401,2460.0,5.81442,1599.0,1087.04,4886.0,4.59,0.75,46.905585,-17.894406,13.1599,320.901,FALSE POSITIVE
467.01,20178111,FP,1.734422,2.32,1230.0,4.24151,2326.0,4861.83,5890.0,4.48757,0.94,89.897418,-40.395746,10.2767,151.504,FALSE POSITIVE
4670.01,404506270,PC,15.5014296,1.663,90070.0,10.8287,254.0,0.691797,3382.0,4.87,0.36,61.665802,-39.44461,14.8743,,CANDIDATE
4671.01,439873430,PC,17.1470323,3.895,2310.0,5.37173,727.0,46.4785,5689.0,4.34,1.13,43.695622,-4.863004,11.6733,325.257,CANDIDATE
4672.01,332911893,PC,6.6132132,5.646,10010.0,15.5423,1389.0,619.404,6110.0,4.1,1.58,35.215761,-1.826042,11.8795,559.243,CANDIDATE
4673.01,118573065,PC,4.8667353,0.728,6370.0,16.8337,679.0,35.4585,5383.0,4.38,1.03,53.296574,-8.258428,12.9735,480.34,CANDIDATE
4674.01,89062142,PC,4.2430633,3.582,7270.0,12.965,1289.0,459.164,5595.0,4.07,1.53,54.457028,-24.612628,13.1662,860.97,CANDIDATE
4675.01,279095914,PC,3.5779775,1.795,830.0,2.15124,755.0,54.0709,3991.0,4.67,0.61,50.542788,-4.111673,11.0418,61.629,CANDIDATE
4676.01,219225319,PC,13.291966,2.48,7360.0,8.65633,652.0,30.0086,5042.0,4.45,0.9,62.72425,-49.383201,13.2172,428.86,CANDIDATE
4677.01,100974694,PC,4.0589926,0.789,2440.0,5.84962,640.0,28.012,5556.0,4.44,0.99,54.371568,-43.70451,12.4969,408.611,CANDIDATE
4678.01,206717400,PC,4.7743169,2.968,10690.0,12.3583,1096.0,239.866,5549.0,4.29,1.18,55.001711,-14.068976,13.0862,614.098,CANDIDATE
4679.01,283605976,PC,6.8170909,4.392584,2977.5740385,7.4200144,1059.1524799,297.4095784,4955.0,,1.25717,61.899944,11.517544,11.7948,320.502,CANDIDATE
4680.01,31258738,PC,17.4314043,4.06,8180.0,9.8169,714.0,43.2591,5923.0,4.4,1.08,82.157034,-27.031688,13.1744,671.413,CANDIDATE
4681.01,248689510,PC,3.0421828,2.628,20390.0,14.5498,1257.0,414.535,5582.5,4.43,1.0,68.143794,-4.785446,13.3206,567.879,CANDIDATE
4682.01,449197624,FP,6.7934811,1.824,5400.0,15.1938,904.0,111.068,6121.0,3.94,1.92,79.684211,0.292396,12.2624,816.554,FALSE POSITIVE
4683.01,264460005,FP,3.0929206,2.248,5640.0,11.6629,1290.0,460.711,5787.4,4.15,1.43,81.1665,1.757343,12.9876,757.235,FALSE POSITIVE
4684.01,399757537,PC,6.4879123,1.648,7260.0,16.7425,863.0,92.2897,6782.0,4.13,1.73,73.583455,7.775395,12.8181,1077.65,CANDIDATE
4685.01,431693152,PC,7.0308254,3.198,1560.0,3.61495,973.0,149.202,5516.0,4.51,0.9,74.236863,2.66232,11.6829,249.796,CANDIDATE
4686.01,316875094,PC,7.9461192,2.339,8750.0,13.6973,739.0,49.6833,5416.0,4.13,1.38,74.254788,-15.10348,13.372,751.692,CANDIDATE
4687.01,302759417,PC,3.313358,3.014,6230.0,14.6999,1489.0,817.242,6209.0,3.97,1.87,82.82353,14.314367,13.3354,977.374,CANDIDATE
4688.01,245793479,PC,7.7688831,1.353,7970.0,11.4556,704.0,40.9939,5851.0,4.35,1.14,67.157759,14.533291,12.587,435.088,CANDIDATE
4689.01,396935099,PC,2.4337374,1.835,12540.0,8.67796,916.0,116.886,4294.3,,0.74,63.49606,2.762296,12.52,,CANDIDATE
469.01,33692729,CP,13.6308024,4.3426564,1179.1033339,3.5493962,710.3089208,60.1603117,6114.0,4.5101,1.00528,93.057845,-14.649317,8.7615,68.192,CONFIRMED
4690.01,455033897,APC,11.5341529,1.332,1750.0,6.82739,584.0,19.425,6356.0,4.18,1.51,76.597155,3.280489,11.0796,395.245,CANDIDATE
4691.01,200321577,PC,8.5725884,4.495,4880.0,10.4135,1076.0,222.607,5807.0,4.11,1.5,76.320243,-44.654977,13.364,994.05,CANDIDATE
4692.01,153723304,PC,4.0519584,0.666,5310.0,10.7206,619.0,24.4556,5147.0,4.28,1.12,66.070044,-47.111686,13.2815,574.438,CANDIDATE
4693.01,117843365,APC,1.9113216,1.167,7400.0,10.1581,1076.0,223.347,4578.0,4.25,1.05,70.222013,-16.590025,11.8326,213.014,CANDIDATE
4694.01,50745119,PC,5.629318,1.847,8030.0,14.4974,849.0,86.4308,5885.0,4.1,1.53,83.000492,-2.417632,13.5249,759.794,CANDIDATE
4695.01,139550876,PC,35.7861915,2.924,20160.0,13.2073,478.0,8.69035,5755.0,4.59,0.85,64.197037,-21.610135,12.4332,358.057,CANDIDATE
4696.01,243011228,PC,4.1249095,3.025,5480.0,10.7709,1285.0,453.643,6007.5,4.16,1.44,60.585987,12.414279,13.3233,759.867,CANDIDATE
4697.01,250189842,PC,5.0274739,6.229,4070.0,13.8852,1509.0,861.273,5178.0,,2.12,64.84729,-4.547885,13.5473,1206.44,CANDIDATE
4698.01,411781649,PC,4.2333233,2.325,10850.0,12.5093,1070.0,217.929,5696.0,4.33,1.14,78.673355,14.447352,13.5306,624.495,CANDIDATE
4699.01,34395020,PC,10.1766089,4.474,7980.0,11.0026,981.0,154.351,5452.0,4.26,1.19,82.30396,-10.328696,13.2669,621.613,CANDIDATE
470.01,37770169,CP,12.1914558,3.3188127,2625.0570737,4.6131319,659.6756823,44.7551381,5418.0,4.57259,0.840971,94.009904,-25.031411,10.6995,130.46,CONFIRMED
4700.01,468911753,APC,2.2964514,1.734,3430.0,,975.0,150.096,4391.0,,,62.720477,8.424155,13.8159,,CANDIDATE
4701.01,9344899,PC,8.5821795,3.835,6790.0,9.30439,974.0,149.861,5818.0,4.38,1.1,72.793934,-8.44732,12.735,532.228,CANDIDATE
4702.01,248690688,PC,3.121702,3.323,12650.0,14.8115,1500.0,842.648,5944.0,4.25,1.29,68.219308,-3.737468,12.2469,521.26,CANDIDATE
4703.01,293514367,PC,5.1155806,3.042,6250.0,13.6976,1219.0,366.902,6349.0,4.07,1.71,76.580083,13.772207,13.1052,934.743,CANDIDATE
4704.01,455030519,APC,2.6875966,1.469,2480.0,13.3886,1132.0,272.867,5885.0,3.77,2.24,76.579417,3.588516,12.4562,954.316,CANDIDATE
4705.01,436637677,PC,11.9140328,5.076,3050.0,9.89059,1040.0,194.396,5359.0,4.08,1.77,72.164943,12.95525,11.4616,454.797,CANDIDATE
4706.01,37117064,PC,735.982363,5.289,9100.0,12.541,,0.0728708,5309.0,4.41,1.01,90.488285,-29.136423,11.4558,217.627,CANDIDATE
4707.01,322825139,PC,0.4709937,0.336,1900.0,14.5973,2019.0,2761.87,6719.0,4.26,1.47,101.244048,-14.546664,12.2096,688.203,CANDIDATE
4708.01,232194097,PC,3.3560085,3.354,10850.0,15.1419,1771.0,1635.6,5906.0,4.26,1.27,91.473323,0.357256,13.4142,708.347,CANDIDATE
4709.01,317328621,APC,6.2397532,3.209,11490.0,7.89594,1371.0,587.658,5956.9,,0.5,87.490493,-12.835212,12.8771,,CANDIDATE
4710.01,144486060,PC,1.4798437,2.702,3090.0,8.37272,1909.0,2205.43,5475.0,4.07,1.5,84.166705,-38.519128,12.8983,713.662,CANDIDATE
4711.01,177718896,PC,3.7081082,6.54,1490.0,13.6266,1833.0,1874.58,5337.0,,3.56,107.311621,-11.063261,12.6127,1162.16,CANDIDATE
4712.01,317089770,PC,8.8720052,3.592,4370.0,8.76898,916.0,117.013,5626.0,4.2,1.31,86.421113,-12.128385,12.4505,494.543,CANDIDATE
4713.01,102542376,APC,2.9532479,3.095,6210.0,,1864.0,2007.04,7076.3,,,89.640838,10.220589,11.8362,1028.39,CANDIDATE
4714.01,251111783,PC,7.9144674,3.114,20760.0,14.5746,833.0,80.2209,5431.0,4.42,1.0,94.936966,-5.719195,13.2837,517.611,CANDIDATE
4715.01,268372005,FP,6.4274159,1.277,3940.0,12.9491,705.0,41.0821,6227.0,4.12,1.58,105.00193,-2.339506,11.907,583.6,FALSE POSITIVE
4716.01,268689126,PC,5.2376102,6.518,3830.0,16.2444,2170.0,3686.59,7666.0,3.87,2.59,105.24334,-2.259145,12.9871,2046.79,CANDIDATE
4717.01,269190305,PC,4.1583367,3.043,9610.0,16.0152,1736.0,1509.9,8131.7,4.35,1.55,105.737414,-0.80334,13.187,1422.73,CANDIDATE
4718.01,234958949,PC,5.1409029,2.265,5830.0,8.29803,1057.0,207.445,6282.4,4.47,1.07,98.690645,4.395871,12.6581,563.123,CANDIDATE
4719.01,306363166,PC,14.3953055,2.87,17315.0,11.615,612.0,23.3681,4850.0,4.56,0.77,91.094456,-16.340258,12.4967,239.104,CANDIDATE
472.01,52280468,APC,0.5682596,0.755,42540.0,24.8489,954.0,138.045,3294.0,4.438,0.5,99.86703,-33.540223,12.3123,,CANDIDATE
4720.01,124322274,PC,3.7810832,3.069,8030.0,15.3456,1434.0,702.278,6364.0,4.14,1.59,104.182427,-7.824428,13.3224,1113.96,CANDIDATE
4721.01,229210014,PC,4.0086493,2.468972,9213.7506419,7.2935622,908.6497573,161.1042737,4779.0,,0.77199,92.32577,11.411488,12.8219,285.885,CANDIDATE
4722.01,142530031,PC,10.8910909,3.992,4350.0,10.6208,1016.0,177.179,6619.0,4.17,1.61,103.329839,-12.503913,12.9256,942.214,CANDIDATE
4723.01,322824542,PC,3.6590997,2.955,8630.0,14.6976,1488.0,814.239,6624.0,4.18,1.58,101.227819,-14.290038,13.0796,982.931,CANDIDATE
4724.01,119638424,PC,3.572359,2.731,1300.0,3.43709,1314.0,495.575,5730.0,4.52,0.92,100.907325,-10.584142,11.2567,225.229,CANDIDATE
4725.01,26587613,PC,2.0763072,1.223,16220.0,12.6426,1100.0,243.693,5805.0,4.5,0.95,108.008894,15.348909,12.2651,367.045,CANDIDATE
4726.01,409009431,PC,4.2971136,2.775,26010.0,14.1426,1000.0,166.22,5203.0,4.53,0.85,92.729819,-13.166915,12.1022,250.87,CANDIDATE
4727.01,39824732,PC,7.151653,1.193,11740.0,22.4773,720.0,44.731,5635.0,4.32,1.14,90.272905,-2.287897,12.7858,467.492,CANDIDATE
4728.01,270716565,PC,6.0879495,1.639,26720.0,12.8134,526.0,12.8029,3971.0,4.6,0.66,104.856724,9.377591,13.2415,196.016,CANDIDATE
4729.01,52738649,PC,6.9279673,1.868,6830.0,9.55039,806.0,70.231,5950.0,4.44,1.04,99.131437,-2.137649,12.5934,464.949,CANDIDATE
4730.01,97866515,PC,4.0681112,3.284,2150.0,9.75584,2283.0,4517.28,7070.0,4.13,1.78,90.620926,16.49946,11.5548,572.079,CANDIDATE
4731.01,438368981,PC,1.4553693,1.236,9810.0,13.4308,1671.0,1295.38,6344.5,,1.25,97.14726,14.940385,11.801,,CANDIDATE
4732.01,78489364,PC,1.8911553,1.085,14530.0,21.7999,1342.0,538.48,5711.0,4.44,1.01,102.67513,-18.384855,13.1802,570.837,CANDIDATE
4733.01,438149332,PC,5.3054422,3.785,18200.0,17.4742,1324.0,510.647,6473.0,4.35,1.27,96.000589,14.012921,13.0454,796.776,CANDIDATE
4734.01,97714451,PC,6.2356356,5.544,2470.0,9.02698,1397.0,633.344,5854.0,3.97,1.76,90.358122,12.547883,11.9039,563.068,CANDIDATE
4735.01,280292434,PC,3.541053,2.031,21620.0,,,,,,,100.89956,-5.551933,12.922,,CANDIDATE
4736.01,265619984,PC,2.8564778,4.678,5320.0,21.5886,2665.0,8379.19,5777.0,4.02,1.65,94.809455,0.651664,13.4148,914.606,CANDIDATE
4737.01,142532090,CP,9.3202467,4.963,2200.0,7.8768,1108.0,250.474,5916.0,4.02,1.67,103.410508,-13.436384,11.992,580.199,CONFIRMED
4738.01,247873937,FP,4.6498719,4.995,8110.0,16.6839,2313.0,4756.94,9056.0,4.3,1.78,87.824224,13.745892,12.1359,1102.97,FALSE POSITIVE
4739.01,281716779,APC,8.1703609,3.365,9410.0,22.3829,,1223.74,8190.0,4.438,2.1,102.5057,-5.202063,10.5293,626.217,CANDIDATE
4740.01,72097808,PC,5.7728793,3.883,6900.0,,,,,,,92.373395,-6.061524,11.572,633.036,CANDIDATE
4741.01,291198795,PC,2.4849639,2.977,6830.0,14.0194,1710.0,1421.21,6252.0,4.11,1.6,105.418571,2.18915,12.6648,772.403,CANDIDATE
4742.01,237637903,PC,4.1034672,2.918,6920.0,10.5038,1427.0,689.785,6753.0,4.39,1.27,103.526509,5.47603,12.9065,803.756,CANDIDATE
4743.01,23725901,PC,6.2185453,3.122,7840.0,19.4459,1480.0,798.226,7968.0,4.06,2.14,108.746489,-0.242934,13.0802,1882.37,CANDIDATE
4744.01,293931909,PC,4.8013522,4.644,4690.0,14.2355,1622.0,1151.39,6399.9,3.9,2.11,95.81556,4.896407,12.7323,999.297,CANDIDATE
4745.01,269278156,PC,4.413935,2.604,10370.0,13.3105,1153.0,293.437,5972.0,,1.28,104.738312,7.944615,13.1524,898.386,CANDIDATE
4746.01,160180298,PC,7.5395871,2.44,2920.0,4.39334,759.0,55.2646,5223.0,4.6,0.78,79.129717,-41.447416,11.9046,218.705,CANDIDATE
4747.01,235078021,PC,5.2192426,2.45,1500.0,3.8343,1035.0,190.795,5688.0,4.45,0.99,86.427665,-45.029229,11.8128,304.615,CANDIDATE
4748.01,59770954,PC,4.1018859,3.576,10690.0,13.8992,1462.0,759.181,6327.7,4.3,1.31,100.933213,13.599214,13.3212,883.931,CANDIDATE
4749.01,153412485,PC,1.3832999,2.774,9020.0,16.4864,2842.0,10840.4,5786.0,4.33,1.16,93.128141,6.245159,13.4835,692.636,CANDIDATE
475.01,100608026,PC,8.2617663,2.5663307,1418.3308985,2.3414536,531.2398464,18.8227716,4105.0,4.60015,0.6194,86.748329,-32.532543,10.8835,58.7502,CANDIDATE
4750.01,317189702,PC,3.2141617,1.618,3370.0,11.8959,1291.0,462.146,7137.0,4.17,1.72,87.074174,-15.199497,11.6252,670.702,CANDIDATE
4751.01,291580615,PC,3.6014534,3.747,10790.0,,,,,,,105.842099,1.681222,12.097,773.945,CANDIDATE
4752.01,237700098,PC,5.0467874,4.516,7190.0,9.9097,1564.0,995.585,6252.0,4.45,1.08,103.832704,1.1053,13.3596,746.986,CANDIDATE
4753.01,306604742,PC,5.3970484,6.194,2800.0,11.7601,1639.0,1200.61,5996.0,3.78,2.24,97.617333,14.058323,12.4037,835.645,CANDIDATE
4754.01,61344769,PC,3.6307276,3.198,10550.0,14.0586,1506.0,855.031,6350.0,4.35,1.25,99.476085,-14.040744,13.0345,746.24,CANDIDATE
4755.01,267197567,PC,22.7273078,2.485,6510.0,19.0824,677.0,34.998,6243.0,3.93,1.98,93.487675,-37.668865,12.022,757.269,CANDIDATE
4756.01,119556803,PC,8.0823172,1.414,4360.0,15.2282,774.0,59.7456,5351.5,,0.98,100.862497,-7.196044,12.687,553.387,CANDIDATE
4757.01,53744258,PC,2.0804611,3.608,5260.0,11.5464,2165.0,3648.06,6434.0,4.14,1.6,103.342745,-24.227866,13.4965,1273.46,CANDIDATE
4758.01,34524670,PC,5.7627112,3.501,9670.0,15.7774,1631.0,1176.49,6589.0,4.24,1.48,95.379267,-16.525572,12.7743,817.426,CANDIDATE
4759.01,49705089,CP,9.6578504,5.943,2300.0,9.98401,1117.0,258.473,5557.0,3.79,2.09,95.934296,-24.024654,12.2627,766.516,CONFIRMED
476.01,156987351,PC,3.0629783,3.0551871,4201.1811431,14.5105081,1912.9129538,2303.34,7691.0,4.11671,2.05,99.581416,-47.613867,8.8742,244.897,CANDIDATE
4760.01,291332861,PC,7.7223185,3.344,11390.0,,1441.0,717.021,8539.7,,,94.324291,9.637445,13.4145,2406.51,CANDIDATE
4761.01,440849210,PC,3.7863767,5.123,2190.0,9.94411,2044.0,2897.86,6892.9,3.95,2.16,109.574595,14.11587,12.1499,1053.95,CANDIDATE
4762.01,119069946,PC,4.3591525,3.559,1030.0,3.61577,1394.0,626.954,5866.0,4.3,1.2,100.058596,-6.932085,11.2806,304.955,CANDIDATE
4763.01,143072696,PC,5.8679992,5.605,4550.0,14.2889,1735.0,1505.89,7054.0,3.96,2.16,93.720773,-10.854988,11.9337,849.357,CANDIDATE
4764.01,268456052,PC,1.6025971,2.212,13050.0,10.4975,1528.0,905.776,5164.0,4.43,0.95,105.093951,-1.483723,13.488,514.58,CANDIDATE
4765.01,21747057,PC,16.3734954,5.022,7810.0,,799.0,67.779,5809.3,,,88.432309,-38.031221,13.0513,600.635,CANDIDATE
4766.01,271307949,PC,1.9326573,1.6191056,14051.9827876,10.5088307,1196.3465579,484.1155352,4909.0,4.47,0.861743,117.097528,2.111455,12.6574,300.512,CANDIDATE
4767.01,157127081,PC,2.7319222,3.913,3880.0,13.2415,1927.0,2289.27,5473.0,3.79,2.08,104.997787,-36.319389,13.1935,969.091,CANDIDATE
4768.01,108940329,PC,7.2644599,3.233,7988.0,15.0763,1295.0,468.187,6617.0,4.15,1.64,112.650574,-28.912866,10.4397,345.959,CANDIDATE
4769.01,333814134,PC,2.8636452,3.402,8590.0,,2890.0,11583.8,8675.5,,,116.285722,-14.337636,12.512,1662.71,CANDIDATE
4770.01,112110888,PC,1.9491813,3.119,11670.0,15.8333,2165.0,3650.34,6472.0,4.29,1.36,111.76498,-32.185807,12.9825,799.474,CANDIDATE
4771.01,266441563,APC,6.0049484,3.366,8932.0,12.6954,1173.0,315.049,6373.5,4.26,1.26,118.546528,1.792994,11.9135,498.418,CANDIDATE
4772.01,455153906,PC,2.8894603,2.561,17030.0,13.0354,1304.0,480.071,5604.0,4.46,0.97,124.547133,2.581065,13.3319,591.645,CANDIDATE
4773.01,415276070,PC,1.7454828,1.923273,6919.1303309,14.1453349,2012.9003882,3879.8071248,6674.0,4.24,1.4871401,114.942649,-21.485618,11.4048,492.888,CANDIDATE
4774.01,148129139,PC,8.6000244,3.974,1620.0,4.55822,1020.0,180.356,5700.8,4.33,1.14,100.707817,-41.409593,12.5447,469.594,CANDIDATE
4775.01,412521892,PC,2.4732088,2.244,2740.0,15.4982,1826.0,1846.66,6643.0,4.04,1.87,110.784874,-22.439744,11.5293,635.261,CANDIDATE
4776.01,196286578,PC,10.4137997,3.774,6720.0,10.0431,919.0,118.725,6079.0,4.33,1.2,125.554446,-25.067535,11.6309,385.641,CANDIDATE
4777.01,170368805,PC,2.9588764,2.682,12900.0,14.8585,1668.0,1285.38,6041.0,4.38,1.13,122.05312,-9.487219,13.3209,767.763,CANDIDATE
4778.01,145163386,PC,3.8074213,4.4775157,8643.7888966,15.4202705,1358.6227154,805.2235864,5296.0,4.01,1.56375,122.342233,-34.567284,12.9318,685.855,CANDIDATE
4779.01,170221808,PC,10.7490194,2.256,9240.0,11.4707,639.0,27.7925,5424.0,4.3,1.14,102.329632,-43.739862,13.4765,664.114,CANDIDATE
478.01,172464366,FP,2.921685,3.17791,17562.44572,19.091127,1576.1185868,1458.3996927,6332.0,4.26074,1.37266,100.158863,-27.571261,11.0913,344.517,FALSE POSITIVE
4780.01,231937828,PC,4.6942884,3.224,5310.0,16.4932,1546.0,948.685,6400.0,3.93,2.03,93.862256,-42.39217,12.4648,1004.09,CANDIDATE
4781.01,176242778,PC,1.9055614,1.726,5841.0,,,,6071.0,,,121.782131,-18.726765,11.14,,CANDIDATE
4782.01,423128096,APC,3.7244324,2.913,6600.0,,2167.0,3666.29,7759.0,,,113.074228,-19.261048,12.2563,814.057,CANDIDATE
4783.01,218988652,APC,6.7519508,1.603,11050.0,19.5004,1059.0,209.336,8297.0,4.29,1.69,124.825286,-21.956958,12.6847,1349.57,CANDIDATE
4784.01,409207712,PC,3.3583921,2.644,9170.0,8.84831,1200.0,344.843,5177.0,4.46,0.91,109.730884,-15.760907,13.2701,446.767,CANDIDATE
4785.01,50751260,PC,6.4311106,2.385,5930.0,11.4436,1050.0,202.251,6741.0,4.27,1.45,126.577821,-10.504751,12.7651,911.737,CANDIDATE
4786.01,127012328,PC,5.6984189,4.475,4031.0,10.8479,1706.0,1406.27,7528.0,4.2,1.74,116.590947,-25.156426,11.9623,885.636,CANDIDATE
4787.01,431981595,PC,3.5037708,2.716,6140.0,13.0482,1383.0,608.189,6107.0,4.19,1.42,120.578645,-19.507612,12.5494,695.55,CANDIDATE
4788.01,156999527,PC,4.3930669,2.33,11110.0,14.0261,1134.0,275.326,6328.0,4.3,1.32,104.439613,-40.307924,12.4832,620.549,CANDIDATE
4789.01,134221850,PC,7.5002702,2.487,8750.0,11.2467,812.0,72.4941,5644.0,4.32,1.14,106.746934,-44.986628,13.1637,626.811,CANDIDATE
4790.01,452903647,APC,1.6102435,2.3258711,5442.4785934,16.8320485,1951.3154178,3426.3435462,6080.2,4.15,1.48651,121.334804,4.441215,13.1561,954.883,CANDIDATE
4791.01,100389539,CP,4.2809767,3.145,7520.0,13.0113,1279.0,445.261,5964.0,4.13,1.49,109.388382,-19.828939,10.8961,328.802,CONFIRMED
4792.01,265350422,APC,8.4481666,1.255,7405.0,10.2494,609.0,22.9265,5826.1,4.42,1.05,133.586405,1.575503,11.0783,243.539,CANDIDATE
4793.01,65949719,PC,3.4658629,3.301,9580.0,15.0462,1620.0,1145.52,6688.0,4.24,1.49,114.554441,-4.006915,13.2584,1174.05,CANDIDATE
4794.01,95589845,PC,3.5658043,3.914,10030.0,13.7385,1610.0,1115.66,6214.0,4.23,1.4,110.483552,-12.565478,12.0465,543.008,CANDIDATE
4795.01,107090327,PC,2.7431176,3.134,8230.0,,1901.0,2172.06,7143.0,,,110.654532,-26.506455,12.9188,1429.87,CANDIDATE
4796.01,65905621,PC,3.5775958,2.779,8730.0,15.3215,1415.0,665.763,6355.0,4.12,1.61,108.682186,-27.700929,13.1502,1090.77,CANDIDATE
4797.01,265011923,PC,2.9922495,1.594,10895.0,20.032,1070.0,218.392,5932.0,4.09,1.55,126.621993,3.001351,13.3736,1055.16,CANDIDATE
4798.01,274137295,PC,5.5261155,1.873,7330.0,9.00518,792.0,65.4488,4824.0,4.48,0.84,116.616275,7.92953,12.7577,293.788,CANDIDATE
4799.01,65805840,PC,4.0234634,3.204,7560.0,12.891,1496.0,832.08,6678.0,4.26,1.45,108.587629,-25.646329,13.0983,1008.83,CANDIDATE
480.01,317548889,CP,6.8659582,3.455761,334.0145589,2.8144915,1224.6157859,531.5209848,6212.63,4.438,1.5000401,88.378462,-16.265397,6.7799,54.5306,CONFIRMED
4800.01,280307604,PC,4.3229915,0.875,1980.0,7.54314,741.0,50.2356,6121.0,4.25,1.37,114.708588,4.35637,10.9833,344.296,CANDIDATE
4801.01,419092044,PC,3.251269,2.569,7880.0,,1348.0,549.047,4883.7,,,120.655501,-32.127159,12.9613,,CANDIDATE
4802.01,50575306,PC,1.7131374,2.608,3850.0,6.86542,1844.0,1919.49,5843.0,4.39,1.08,112.491073,-13.625055,13.1675,610.318,CANDIDATE
4803.01,19117967,PC,8.4516737,3.896,2930.0,8.2562,1004.0,168.924,5782.9,4.11,1.48,120.307448,14.163226,12.0548,531.218,CANDIDATE
4804.01,320341952,PC,5.0648401,3.009,915.0,8.28506,1514.0,873.95,6675.0,3.75,2.62,110.163384,-29.951583,10.2278,495.004,CANDIDATE
4805.01,7976072,PC,8.9981735,4.547,6480.0,9.52189,983.0,155.205,5444.0,4.24,1.22,133.484281,-4.925834,13.2933,695.316,CANDIDATE
4806.01,96317115,PC,8.4476983,3.79,2000.0,4.97976,1033.0,189.537,5902.0,4.36,1.13,103.789612,-31.106599,11.7503,349.88,CANDIDATE
4807.01,174546820,PC,17.6868627,1.379,10310.0,8.80381,333.0,2.06218,4496.0,4.52,0.77,114.720385,-37.67179,11.9698,153.227,CANDIDATE
4808.01,126772538,FP,1.4700596,2.18,4760.0,16.1051,1990.0,2605.29,6308.0,3.88,2.12,116.205938,-26.074575,13.4542,1585.0,FALSE POSITIVE
4809.01,143724857,PC,4.4722598,4.0659641,3606.5417294,9.0734924,1403.7743209,917.7199576,6211.0,4.18,1.4818799,125.987724,-23.243406,12.6417,767.716,CANDIDATE
481.01,339672028,CP,10.3311664,5.626,4577.0,11.9428,1111.0,253.126,5760.0,3.97699,1.73,110.512686,-57.384998,9.3935,179.366,CONFIRMED
4810.01,281225729,PC,2.4162514,3.055,2970.0,14.6399,1930.0,2303.62,6688.0,3.95,2.1,110.196243,-21.679526,12.7549,1221.9,CANDIDATE
4811.01,334414389,PC,0.9828259,1.3869249,1732.3324754,21.8486399,2076.6757868,4395.3736341,4959.0,,5.2980399,122.972511,6.974992,12.2124,1506.81,CANDIDATE
4812.01,81744640,PC,3.3138453,3.863,3550.0,8.15594,1753.0,1568.27,6153.0,4.24,1.36,107.081813,-23.545352,12.9655,807.794,CANDIDATE
4813.01,333810741,PC,4.0492184,2.659,6560.0,,,,,,,116.290974,-12.840349,13.3071,1798.25,CANDIDATE
4814.01,32004914,PC,5.545745,2.302,20790.0,15.8197,918.0,118.195,5706.0,4.41,1.05,116.816244,-7.66526,13.0015,559.569,CANDIDATE
4815.01,19447218,PC,8.9727235,3.808,10960.0,13.0195,948.0,134.631,5605.0,4.27,1.21,124.447282,-9.05703,13.425,770.795,CANDIDATE
4816.01,156990000,PC,11.2473628,4.113,10340.0,15.7487,920.0,119.042,6141.0,4.14,1.53,99.848586,-43.82762,13.3087,1047.64,CANDIDATE
4817.01,60074373,FP,3.190373,2.684,42550.0,12.0669,820.0,75.4043,3722.0,4.65,0.6,111.092717,-44.032701,14.6435,,FALSE POSITIVE
4818.01,181422954,PC,2.6006996,2.9370342,5706.9248795,8.8613965,1545.0922159,1346.9101325,6673.0,4.47,1.1433901,131.107268,-39.638326,13.2881,722.454,CANDIDATE
4819.01,82739585,PC,1.5889429,1.183,22530.0,14.0293,1245.0,399.352,5150.0,4.57,0.8,124.904596,-43.057211,13.0819,319.863,CANDIDATE
482.01,365639282,FP,10.8717,2.943958,14603.37238,9.098964,373.250606,4.5869403,3692.0,4.78092,0.488,81.399006,8.440499,13.084,173.8201,FALSE POSITIVE
4820.01,394223845,PC,27.1358856,4.11505,6405.8040691,10.9270095,738.2202692,70.1883225,6315.0,4.28,1.33332,128.611432,-30.585959,11.9556,527.208,CANDIDATE
4821.01,354937825,PC,5.469359,2.119,5940.0,12.6725,1137.0,278.238,7182.0,4.23,1.61,122.427886,-42.156819,12.7761,833.962,CANDIDATE
4822.01,52936161,PC,4.4712213,3.771,5140.0,15.8899,2415.0,5650.08,7586.0,4.22,1.71,125.826083,-43.693856,12.6614,736.403,CANDIDATE
4823.01,348756659,PC,3.7260939,3.1192423,18231.0352508,13.5887921,1160.4576185,428.5861553,5736.0,4.45,0.9975,134.192296,-12.572658,12.3474,401.311,CANDIDATE
4824.01,179687771,PC,5.124162,4.651,6630.0,13.6708,1367.0,581.326,5750.0,4.01,1.65,147.253606,-3.609379,12.8792,839.462,CANDIDATE
4825.01,53047383,PC,2.8183053,4.1516796,7916.1131866,,1290.3655018,655.1971145,,,,125.901301,-42.081323,11.2275,1060.4,CANDIDATE
4826.01,17683158,PC,5.9730504,4.041,8220.0,13.7408,1262.0,421.342,6137.0,4.2,1.41,135.722015,-33.294867,12.8972,725.382,CANDIDATE
4827.01,332630868,FP,736.5601487,4.183,3600.0,13.9475,,0.0558395,5895.4,,1.31,136.943663,-17.051007,12.3805,478.847,FALSE POSITIVE
4828.01,291469139,PC,19.0286016,3.938,8910.0,8.13514,536.0,13.7261,4733.0,4.5,0.81,111.14992,-48.619915,13.351,332.884,CANDIDATE
4829.01,268439377,FP,0.9855374,1.18,3290.0,10.8393,1732.0,1493.99,6198.4,4.02,1.76,116.835959,-49.122453,13.1591,1007.8,FALSE POSITIVE
4830.01,1260235,PC,7.6945481,3.436,3510.0,,852.0,87.6747,4875.8,,,131.407601,-26.503052,12.2452,2693.98,CANDIDATE
4831.01,17896514,PC,2.6375869,4.029,3610.0,16.5853,1947.0,2389.95,6196.0,3.59,2.9,136.219646,-31.930076,12.292,1142.11,CANDIDATE
4832.01,186470968,PC,2.7805098,1.547,15800.0,8.80341,735.0,48.6261,3949.0,4.59,0.68,132.682582,-34.782931,13.7028,256.922,CANDIDATE
4833.01,176442805,PC,3.6520005,3.638,4590.0,12.1216,1802.0,1753.41,7194.0,4.19,1.69,131.897866,-21.859336,12.2709,878.599,CANDIDATE
4834.01,77550515,PC,3.118166,2.285,5150.0,8.60632,1133.0,273.914,5218.8,4.27,1.15,142.40406,-0.992604,13.0519,537.158,CANDIDATE
4835.01,434428836,PC,5.1953991,3.032,4920.0,13.6454,1198.0,343.068,6047.0,3.97,1.82,139.346697,-20.923355,13.0341,1068.04,CANDIDATE
4836.01,231559817,PC,5.1035091,3.7190896,3718.4722724,13.7067,1058.6501351,296.8457469,8086.0,4.1,2.07,127.690441,-27.408239,11.031,790.152,CANDIDATE
4837.01,19612445,PC,4.4644761,1.185,1690.0,8.09695,,136.451,7013.0,,1.7,139.870171,-32.297525,10.5378,353.288,CANDIDATE
4838.01,374200604,FP,0.760019,0.638738,1865.5886518,7.2902589,2529.0245379,9667.9228084,5690.2,4.0,1.65999,158.073445,2.237845,11.869,515.491,FALSE POSITIVE
4839.01,38118291,PC,13.3441946,4.743,3260.0,,769.0,58.1944,4866.9,,,137.018935,-28.916052,12.3907,,CANDIDATE
484.01,427348923,FP,4.728681,4.533,9990.0,8.96336,1075.0,222.388,4425.0,4.57,0.9,83.531883,-0.207762,11.6888,149.953,FALSE POSITIVE
4840.01,80029842,FP,2.3992876,2.545,1180.0,4.05839,1746.0,1543.44,6536.0,4.45,1.15,121.23238,-47.76813,12.2896,502.28,FALSE POSITIVE
4841.01,453060368,PC,9.6284672,3.554,17990.0,11.9294,795.0,66.4905,5388.3,4.53,0.88,145.897267,0.615029,12.7964,355.116,CANDIDATE
4842.01,131034657,PC,5.3374045,1.849,2780.0,16.5532,889.0,104.023,5064.7,,3.01,117.471528,-38.222254,11.8379,696.792,CANDIDATE
4843.01,258051471,PC,8.3548746,3.253,4160.0,10.7025,1054.0,205.555,6643.0,4.16,1.63,126.694615,-27.024954,12.403,846.607,CANDIDATE
4844.01,143994382,PC,4.5425274,2.92,8670.0,11.925,1489.0,818.029,7333.0,4.45,1.28,119.174735,-42.963073,12.5368,686.445,CANDIDATE
4845.01,26305150,PC,4.21909,4.9314032,3393.7752478,12.0136223,1508.1261899,1222.564355,5367.0,3.79,2.02385,153.910453,-9.324686,12.749,850.137,CANDIDATE
4846.01,418971787,FP,1.0638184,3.191,3220.0,4.08617,2251.0,4267.44,4963.0,4.63,0.73,120.497337,-35.061315,13.0246,282.469,FALSE POSITIVE
4847.01,186541435,PC,7.0465721,2.322,4760.0,,640.0,27.9177,4332.6,,,132.809802,-31.914744,12.3056,,CANDIDATE
4848.01,134596619,PC,3.7235407,2.1053503,8088.7861019,18.0478848,1732.9675246,2131.4870511,7492.0,4.29,1.54879,122.493817,-37.073013,13.0971,1097.3,CANDIDATE
4849.01,132534906,FP,3.0617364,1.947,6620.0,8.08218,1369.0,583.235,6783.0,4.62,0.98,119.771898,-37.900646,12.5874,483.182,FALSE POSITIVE
485.01,427352241,FP,1.2667147,1.712,1870.0,8.31491,2105.0,3265.32,6084.0,4.28965,1.87,83.622986,-4.415044,9.9955,282.205,FALSE POSITIVE
4850.01,332705008,PC,7.6778159,3.492,6370.0,17.73,1422.0,680.523,5938.0,4.32,1.19,150.189168,-14.834691,12.8901,643.481,CANDIDATE
4851.01,60377863,PC,21.6091483,6.112,320.0,2.134,888.0,103.508,5967.0,4.36,1.15,112.229289,-44.139772,9.4051,125.772,CANDIDATE
4852.01,74712191,PC,7.2307407,4.646,7940.0,13.364,1570.0,1009.89,7747.0,4.39,1.43,137.795138,-42.518066,11.8422,603.347,CANDIDATE
4853.01,74530173,PC,7.2333744,1.118,10550.0,9.46193,544.0,14.6012,5508.0,4.53,0.89,137.631803,-43.743559,13.2181,428.288,CANDIDATE
4854.01,70780410,PC,3.9230475,2.559,4600.0,9.13123,1192.0,336.151,5620.0,4.23,1.28,151.906378,-31.768952,13.2372,722.239,CANDIDATE
4855.01,44514807,PC,7.5872202,1.826,4260.0,16.4426,823.0,76.4611,6419.0,3.86,2.21,145.691325,-39.786778,12.9514,1198.79,CANDIDATE
4856.01,428685938,FP,14.4896397,1.898,40070.0,7.558,292.0,1.21746,3376.0,4.87,0.35,180.231429,-23.634554,14.379,119.474,FALSE POSITIVE
4857.01,35972578,PC,1.8881146,2.761,9030.0,13.7957,1995.0,2630.38,6309.0,4.23,1.42,149.242428,-43.384703,13.1051,849.5,CANDIDATE
4858.01,262499797,FP,1.7509117,1.4130673,70067.1013669,16.6835695,666.1259003,46.5314175,3333.0,4.79,0.443812,109.880143,-55.728421,14.8083,193.977,FALSE POSITIVE
4859.01,152467154,PC,7.1878971,3.321,11430.0,18.372,1147.0,287.355,5144.9,4.4,0.97,171.798638,-36.070515,13.1012,434.224,CANDIDATE
486.01,260708537,CP,1.7447031,1.066,160.0,0.591815,896.0,107.262,3445.0,4.85243,0.43,98.454881,-58.525032,9.36854,15.2142,CONFIRMED
4860.01,335590096,CP,1.5229985,1.196,58060.0,8.99483,687.0,37.1159,3237.0,4.87,0.35,183.563961,-13.174841,13.7726,80.1423,CONFIRMED
4861.01,71341774,PC,3.4321678,5.115,1950.0,9.36413,1948.0,2393.6,6176.0,3.82,2.22,154.751315,-35.683893,12.3349,946.232,CANDIDATE
4862.01,322807371,CP,,5.513,10056.0,9.93012,1010.0,172.857,5427.9,4.49,0.91,173.714867,-24.60548,11.6707,238.377,CONFIRMED
4863.01,143032776,PC,12.4856615,2.538,67270.0,12.2535,375.0,3.28873,3473.0,4.78,0.45,167.255241,-10.188311,14.667,184.734,CANDIDATE
4864.01,48274889,PC,5.2410982,1.188,5660.0,9.54095,752.0,53.3051,6119.0,4.4,1.12,148.064823,-33.044965,13.0585,672.022,CANDIDATE
4865.01,143059017,APC,1.2655205,1.344,6380.0,11.3966,1369.0,583.776,5243.0,4.1,1.41,167.903229,-8.694301,13.4804,803.063,CANDIDATE
4866.01,35758536,PC,4.1059615,3.688,5250.0,9.32533,1572.0,1015.01,6524.0,4.32,1.32,148.957422,-43.048866,13.157,839.783,CANDIDATE
4867.01,74484423,PC,2.835273,4.249,3370.0,11.2429,2371.0,5246.76,6996.0,4.1,1.83,137.475656,-43.366847,12.959,948.787,CANDIDATE
4868.01,362370757,PC,3.5164369,3.119,6640.0,22.1885,1081.0,227.514,4395.0,,2.57,145.189317,-49.815667,12.8007,,CANDIDATE
4869.01,71221700,PC,3.0978928,1.17,2740.0,,946.0,133.067,5962.0,,,154.048644,-29.976349,12.3918,536.765,CANDIDATE
487.01,31852980,PC,24.3321784,5.219,520.0,2.727569,666.0,32.6779,5450.0,4.40968,1.0083,52.540546,-70.399584,9.8542,,CANDIDATE
487.02,31852980,PC,7.4144849,3.493,392.0,,1073.0,220.138,5450.0,4.40968,,52.540546,-70.399584,9.8542,,CANDIDATE
4870.01,446135868,PC,1.8119168,2.618,5510.0,8.20112,1936.0,2335.94,6146.0,4.54,0.96,147.429759,-48.111763,13.353,643.517,CANDIDATE
4871.01,168158622,PC,1.7687528,1.471,4140.0,19.8865,2122.0,3371.36,6176.0,4.12,1.56,153.17829,-29.168821,12.7595,853.761,CANDIDATE
4872.01,310822679,PC,1.7125104,3.465,1810.0,9.77984,2941.0,12427.4,7938.0,3.92,2.52,152.911589,-48.205913,12.6425,1670.56,CANDIDATE
4873.01,228694725,APC,0.8313018,1.181,1770.0,6.57285,1840.0,1906.13,5983.0,4.4,1.1,194.027192,-26.204243,12.6116,516.417,CANDIDATE
4874.01,463754499,PC,2.2866856,2.881,3720.0,14.738,2382.0,5350.8,8277.0,3.98,2.41,154.773709,-58.77487,13.1088,1605.92,CANDIDATE
4875.01,133512515,PC,9.7929019,3.362,6100.0,10.6608,935.0,127.221,6322.0,4.28,1.33,150.022254,-53.460937,12.5502,651.686,CANDIDATE
4876.01,458300989,PC,4.1379542,4.739,2610.0,,,,,,,159.657502,-56.593205,12.5386,810.688,CANDIDATE
4877.01,447054140,PC,5.2220526,4.243,4850.0,12.0807,1524.0,896.671,6718.0,4.15,1.67,156.66238,-52.23695,12.2316,713.47,CANDIDATE
4878.01,144155193,PC,4.728422,1.398,10770.0,13.0542,773.0,59.5611,5655.8,4.29,1.18,188.544304,-41.837289,13.4358,720.203,CANDIDATE
4879.01,45465399,PC,5.3763108,2.339,4040.0,9.71605,1099.0,242.224,6543.0,4.2,1.53,130.643983,-59.619955,13.3342,1071.24,CANDIDATE
488.01,452866790,CP,1.1979996,0.9682003,1150.3177297,1.2107339,704.6326883,58.2602237,3332.0,4.91528,0.354529,120.593607,3.337163,11.1972,27.3644,CONFIRMED
4880.01,245099574,PC,3.4717583,3.494,11480.0,15.0586,1630.0,1172.33,6549.0,4.26,1.43,198.004287,-53.449373,12.8382,717.786,CANDIDATE
4881.01,359735804,PC,4.4158835,4.663,3250.0,11.2662,1405.0,647.404,5306.0,3.78,2.03,140.897667,-61.880266,13.2953,977.09,CANDIDATE
4882.01,458331312,PC,4.4360402,2.438,7040.0,11.7883,1254.0,410.649,6633.0,4.29,1.39,159.546802,-54.579059,11.2673,408.748,CANDIDATE
4883.01,446463666,PC,4.4967355,4.218,6290.0,10.7052,1614.0,1127.24,6534.0,4.2,1.53,155.731521,-50.177433,12.9582,907.699,CANDIDATE
4884.01,80681136,PC,1.5300843,3.1055945,4193.6457,,1581.7468249,1479.3430207,5951.0,,,165.888577,-51.459236,13.351,1102.0,CANDIDATE
4885.01,72504752,PC,6.9392854,5.859,14590.0,,,,,,,187.712917,-44.618489,13.3328,691.779,CANDIDATE
4886.01,457743020,FP,3.251249,2.123,12040.0,19.6899,1436.0,706.995,6951.0,4.18,1.66,158.261633,-57.281506,12.9004,997.825,FALSE POSITIVE
4887.01,274911400,PC,5.1873583,5.228,3850.0,12.2426,2002.0,2667.28,7868.0,4.13,1.96,149.552915,-58.947542,12.6039,983.925,CANDIDATE
4888.01,309292963,PC,9.4185437,4.259,2670.0,8.08768,1076.0,223.026,6243.0,4.12,1.58,124.337853,-60.030976,12.0728,595.898,CANDIDATE
4889.01,441936163,PC,1.895234,0.868,2470.0,,619.0,24.4753,3525.0,,,145.791652,-56.421755,12.6063,,CANDIDATE
4890.01,92004082,PC,3.0471275,3.2974347,8595.2872607,15.718004,1763.0038602,2283.1479477,6823.0,4.19,1.60466,172.065775,-49.667865,11.6042,575.512,CANDIDATE
4891.01,458199018,PC,2.4498012,3.9189168,12322.1183044,,1352.0678187,789.7959563,,,,159.396893,-56.743513,12.8844,1393.25,CANDIDATE
4892.01,6010784,PC,4.516649,3.654,6110.0,11.1801,1323.0,509.073,5850.0,4.17,1.4,193.942675,-18.736439,13.2078,849.685,CANDIDATE
4893.01,441234277,PC,7.3262605,1.786,12150.0,,619.0,24.4878,4884.2,,,145.257124,-57.379026,12.6087,,CANDIDATE
4894.01,469333534,PC,3.5611222,2.736,5240.0,12.6024,1197.0,340.982,5260.0,,1.76,148.804843,-57.332467,13.4175,1092.05,CANDIDATE
4895.01,463365347,PC,8.9641788,1.636,3510.0,11.2056,764.0,56.781,6956.0,4.12,1.77,153.729627,-58.677888,12.1122,638.197,CANDIDATE
4896.01,438278301,PC,5.1609259,4.411,4600.0,10.5964,1680.0,1325.48,7102.0,4.23,1.6,142.254042,-58.862842,12.554,837.932,CANDIDATE
4897.01,81693792,PC,4.3066915,2.149,7630.0,11.6239,1172.0,313.657,6618.0,4.4,1.23,167.812428,-50.088877,13.1546,781.614,CANDIDATE
4898.01,124235800,PC,2.7652293,1.262,2390.0,3.48557,667.0,33.0144,3830.0,4.62,0.64,197.341671,-32.829454,11.9277,98.5958,CANDIDATE
4899.01,376610581,PC,2.3908076,3.28,6010.0,14.4175,2186.0,3793.38,7228.0,4.15,1.77,153.027758,-61.462095,12.4218,951.545,CANDIDATE
4900.01,425508314,PC,7.6650157,5.834,7190.0,14.8051,1327.0,516.192,6085.0,4.04,1.68,201.402547,-38.706171,13.1119,1026.01,CANDIDATE
4901.01,107017977,PC,16.0462248,2.492,7300.0,10.789,539.0,14.0395,5295.9,4.22,1.23,182.897552,-31.718427,12.5306,454.749,CANDIDATE
4902.01,358072664,FP,4.1934945,1.873,2710.0,9.49438,953.0,137.464,5541.0,4.01,1.63,138.943337,-60.291854,12.8989,727.548,FALSE POSITIVE
4903.01,457789844,PC,4.9142901,4.595,5270.0,12.5243,1962.0,2462.94,8065.0,4.27,1.7,158.216344,-59.880412,12.3934,854.029,CANDIDATE
4904.01,464388115,PC,2.4118274,1.722,9250.0,19.2999,1883.0,2090.41,8765.0,4.21,1.92,156.222381,-56.950477,12.5927,1470.83,CANDIDATE
4905.01,463011281,PC,11.1378464,1.622,5350.0,13.1836,576.0,18.3455,5809.0,,1.56,152.727448,-56.182594,12.6595,852.832,CANDIDATE
4906.01,385459345,PC,11.9768241,3.662,6760.0,8.81618,845.0,84.7541,6059.0,4.41,1.09,137.989614,-59.602869,13.3678,708.385,CANDIDATE
4907.01,447585233,PC,3.3405202,2.693,3150.0,,1215.0,361.948,5108.1,,,157.67248,-53.568998,12.9489,604.385,CANDIDATE
4908.01,356835341,PC,19.7112002,5.452,4150.0,9.99929,889.0,104.142,6636.0,4.18,1.59,135.345703,-63.562345,13.2223,1076.25,CANDIDATE
4909.01,272211398,PC,11.6484665,5.8782939,6183.9678461,16.0778778,1007.8499578,243.8397642,6496.0,4.64,1.99518,180.114014,-47.243939,10.609,341.382,CANDIDATE
4910.01,303327435,PC,5.506691,1.911388,16086.399083,14.6366494,964.5506052,204.5601687,5277.0,4.38,1.01161,164.016026,-54.280472,13.467,544.636,CANDIDATE
4911.01,303814029,PC,4.4573401,3.75,7447.0,13.5074,1741.0,1527.79,7514.0,4.3,1.54,164.519868,-56.385999,12.7706,999.139,CANDIDATE
4912.01,219769290,PC,7.4105517,1.856,10640.0,18.0468,904.0,111.176,5546.0,4.53,0.89,192.36952,-23.076218,13.346,508.676,CANDIDATE
4913.01,72401290,PC,6.5430693,2.585,3820.0,4.75554,753.0,53.4345,4689.0,4.55,0.76,187.110757,-46.072906,12.3375,203.601,CANDIDATE
4914.01,49254857,CP,10.5988743,1.638,12920.0,12.6054,574.0,18.1082,5809.9,4.42,1.04,204.542672,-28.142921,11.6629,299.89,CONFIRMED
4915.01,440937096,PC,3.3362143,2.121,2130.0,,,,,,,144.840665,-55.29414,11.7211,2147.14,CANDIDATE
4917.01,317362389,PC,4.7738904,3.304,9170.0,13.3725,1377.0,597.141,6681.0,4.33,1.35,203.73203,-64.830059,11.1646,364.963,CANDIDATE
4918.01,60859922,PC,6.5329169,3.342,2860.0,7.59526,1074.0,221.525,5698.0,4.15,1.39,211.722845,-29.306832,12.0272,465.792,CANDIDATE
4919.01,155419920,PC,3.6470909,2.383,9420.0,16.5056,1221.0,369.697,6050.0,4.09,1.58,233.386032,-42.100569,12.9098,804.907,CANDIDATE
4920.01,132611413,PC,2.5245706,3.741,4820.0,13.3195,2094.0,3197.52,6687.0,4.15,1.66,229.63811,-51.282012,12.8127,832.199,CANDIDATE
4921.01,404227343,PC,3.4975869,1.734,4500.0,13.5654,,1161.69,6987.0,,1.69,195.436751,-52.591723,12.1004,677.488,CANDIDATE
4922.01,411943564,PC,7.5492321,5.259,6530.0,,1109.0,251.146,5295.2,,,189.824242,-57.593424,12.798,610.158,CANDIDATE
4923.01,219181903,PC,12.9175271,4.46,4615.0,9.95556,805.0,69.9889,5501.0,4.17,1.34,91.856826,-51.896853,12.2607,469.545,CANDIDATE
4924.01,307099276,PC,3.1467665,3.359,5630.0,,2146.0,3523.36,8232.0,,,179.524506,-60.773949,13.0029,1196.03,CANDIDATE
4925.01,399847887,PC,3.9511085,3.436472,13125.9567011,15.9780798,1370.5745345,833.9339122,5933.0,4.19,1.37614,165.117434,-67.872351,13.484,883.572,CANDIDATE
4926.01,454828937,PC,6.809144,6.35,1990.0,10.1542,1579.0,1033.51,6464.0,3.87,2.2,177.011518,-72.715335,12.29,880.334,CANDIDATE
4927.01,376421071,PC,0.8166936,1.234,2890.0,10.8868,1886.0,2102.63,5951.0,3.89,1.97,153.244609,-65.847247,13.1571,1080.6,CANDIDATE
4928.01,448820344,PC,2.7792649,3.764,3610.0,12.48,2254.0,4287.92,7544.0,4.05,2.08,213.704034,-66.714696,11.3943,686.164,CANDIDATE
4929.01,359403471,PC,2.5547255,2.953,5580.0,13.5829,1887.0,2108.75,4956.0,,0.99,201.422241,-56.007319,13.405,494.931,CANDIDATE
493.01,19025965,PC,5.944441,2.3016013,2791.4272138,4.4955906,697.8613892,56.0528481,4383.0,4.56546,0.811865,119.627721,12.88326,11.4479,107.355,CANDIDATE
4930.01,307221757,PC,6.7789159,4.138,2640.0,5.88108,1169.0,310.079,5804.0,4.33,1.16,208.641888,-45.154479,12.0678,413.757,CANDIDATE
4931.01,296850254,PC,6.7635161,3.079,5690.0,,819.0,74.7856,4847.4,,,176.648464,-70.335791,12.129,330.511,CANDIDATE
4932.01,148772620,PC,3.9417247,5.762,2770.0,11.7599,1745.0,1541.06,4900.9,,2.3,230.921568,-36.199508,12.5116,777.484,CANDIDATE
4933.01,35106764,PC,5.3861006,4.62,6440.0,,1302.0,477.988,5623.3,,,224.731552,-56.41524,12.7116,1187.08,CANDIDATE
4934.01,292797572,FP,2.8013515,5.405,4590.0,12.9252,3607.0,28108.4,7518.0,4.23,1.67,218.676874,-58.297303,12.6554,824.376,FALSE POSITIVE
4935.01,412635642,PC,17.4219809,4.0812901,11750.8364848,16.1019557,805.0171124,99.2524992,6282.0,,1.36695,193.181287,-58.931711,11.5845,458.015,CANDIDATE
4936.01,68030406,PC,4.7750178,3.64,9470.0,15.088,1533.0,917.418,7121.0,4.27,1.53,190.219208,-55.501594,13.0936,956.723,CANDIDATE
4937.01,241638905,PC,5.0414219,6.675,2340.0,11.6667,1741.0,1527.97,5838.0,3.66,2.5,207.66961,-48.807654,12.4864,1030.16,CANDIDATE
4938.01,457018819,PC,2.913692,2.665,20130.0,13.5499,1371.0,586.602,5816.0,4.49,0.97,201.741869,-55.915198,12.4741,377.703,CANDIDATE
4939.01,149109125,PC,9.1717558,3.54,5240.0,7.49243,1186.0,328.919,7513.5,,1.08,231.653777,-41.386244,12.1624,972.238,CANDIDATE
494.01,19519368,PC,1.7018818,1.551,570.0,1.96356,1246.0,400.827,4985.0,4.67,0.8,124.695407,-6.785921,10.0854,89.9559,CANDIDATE
4940.01,237929468,PC,25.8663869,4.0838781,2612.8827406,6.7555369,643.2496503,40.4612445,5418.7,,1.17513,58.251168,-62.407968,11.8153,345.659,CANDIDATE
4941.01,77680373,PC,3.5569996,1.985,18990.0,10.8822,801.0,68.3964,4440.0,4.49,0.78,239.672825,-27.431264,13.1014,259.563,CANDIDATE
4942.01,166242494,PC,7.9248476,4.022,3330.0,7.01304,1142.0,283.041,6274.0,4.35,1.22,192.817352,-52.810546,12.5098,562.338,CANDIDATE
4943.01,418567812,PC,8.0176705,2.714,12290.0,8.9733,629.0,26.1122,4353.0,,0.78,224.001903,-59.642969,12.998,,CANDIDATE
4944.01,242190195,PC,4.075051,1.176,9210.0,9.4389,825.0,77.2131,5674.0,4.56,0.87,210.951781,-43.273675,13.0161,454.335,CANDIDATE
4945.01,332017079,PC,1.6500255,2.937,14270.0,18.0511,2785.0,9993.06,6449.0,4.44,1.15,215.249404,-53.136559,13.184,650.297,CANDIDATE
4946.01,319783554,FP,1.819376,2.97,5240.0,11.1303,2917.0,12022.3,7567.0,4.31,1.53,205.145274,-63.742301,12.1164,664.284,FALSE POSITIVE
4947.01,382975217,PC,4.1400273,3.936,4520.0,12.7772,1663.0,1271.14,6639.0,4.05,1.85,183.798729,-63.61391,11.5362,607.38,CANDIDATE
4948.01,160476088,PC,0.4722347,1.074,3610.0,7.34189,2241.0,4192.02,5827.0,4.37,1.1,226.854216,-45.159596,13.164,608.062,CANDIDATE
4949.01,401028336,PC,1.7819156,2.748,12020.0,17.5347,2135.0,3451.71,6955.0,4.22,1.58,220.004623,-62.377726,12.4171,718.588,CANDIDATE
4950.01,245341495,PC,3.9358604,4.341,4510.0,12.0264,1953.0,2417.15,6975.0,4.11,1.8,199.717658,-50.065379,11.997,776.949,CANDIDATE
4951.01,448435566,PC,4.1042587,4.642,2790.0,10.2079,1566.0,1000.26,5823.0,3.89,1.92,210.694695,-70.381177,11.8412,585.603,CANDIDATE
4952.01,400073524,PC,0.6534841,0.988,1970.0,6.94706,2352.0,5084.28,7540.0,4.31,1.53,165.71721,-67.231516,12.547,880.962,CANDIDATE
4953.01,405571798,PC,2.9590176,2.832,12520.0,15.6559,1643.0,1209.71,6808.0,4.31,1.4,191.759772,-59.080006,13.4571,1022.81,CANDIDATE
4954.01,147723246,PC,6.6819653,4.357,9100.0,14.6987,2020.0,2766.53,10126.0,4.49,1.51,232.789568,-53.777178,12.69,886.651,CANDIDATE
4955.01,188865842,PC,3.1409607,1.284,10670.0,9.6232,825.0,77.0719,4924.0,4.5,0.83,233.735022,-48.546369,13.3356,367.517,CANDIDATE
4956.01,8005485,PC,5.1087099,1.011,16220.0,12.7621,643.0,28.5078,5770.0,4.52,0.93,234.525576,-30.534246,13.3624,572.058,CANDIDATE
4957.01,412485680,PC,4.6622996,3.382,3810.0,15.6435,1471.0,778.408,6870.0,3.82,2.48,193.084066,-54.22846,11.9955,914.534,CANDIDATE
4958.01,457649900,PC,748.8277169,5.812,2167.0,21.1132,237.0,0.530165,6713.0,3.94,2.11,217.998868,-51.07444,10.7546,477.519,CANDIDATE
4959.01,290337456,PC,4.6011828,3.476,11320.0,13.7898,1346.0,545.801,6183.0,4.21,1.4,234.283297,-45.43944,13.3895,911.483,CANDIDATE
496.01,88977253,APC,2.767691,1.876437,22690.263354,28.980984,1777.6749499,2360.1000393,6717.03,4.2,1.54739,123.097668,-5.768659,12.33,791.384,CANDIDATE
4960.01,329672278,PC,4.0557174,1.615,4240.0,16.4885,1304.0,481.002,6664.3,3.81,2.2,211.627787,-63.053286,10.7133,520.445,CANDIDATE
4961.01,420202798,PC,7.4793374,3.5371419,17147.3051175,13.4499302,828.266397,111.2246815,5078.0,4.39,0.969314,192.501862,-59.891934,11.6602,213.073,CANDIDATE
4962.01,210681065,PC,2.074205,2.806,8150.0,,2232.0,4122.6,6987.0,,,212.614222,-56.982395,12.6445,1175.45,CANDIDATE
4963.01,407827885,PC,2.365766,4.298,5750.0,,1412.0,661.313,4057.4,,,213.405362,-57.999764,13.1009,,CANDIDATE
4964.01,406443564,FP,1.1167145,1.817,12810.0,20.4041,2612.0,7730.28,6611.0,4.41,1.22,198.097759,-58.753402,13.2364,760.606,FALSE POSITIVE
4965.01,129890791,PC,7.0857491,5.047,2227.0,9.46717,1233.0,384.263,5353.0,4.29,1.98,222.60838,-45.685769,11.4543,484.805,CANDIDATE
4966.01,295507430,PC,7.3136902,5.53,1480.0,10.3927,1265.0,425.471,5654.0,3.58,2.68,171.252251,-66.488049,11.9852,738.075,CANDIDATE
4967.01,243476396,PC,0.5979368,1.018,3760.0,10.3319,1964.0,2472.04,5812.0,4.18,1.38,206.006149,-42.813654,13.2313,821.066,CANDIDATE
4968.01,253961767,PC,2.2355936,3.8169843,11467.2654828,19.1583617,2020.3037543,3937.2018929,6731.0,4.11,1.74519,199.154488,-59.030514,12.5808,781.768,CANDIDATE
4969.01,406106335,PC,3.0773658,3.579,5140.0,13.6438,1959.0,2446.41,7277.0,4.17,1.75,197.5465,-54.218835,12.8132,1019.68,CANDIDATE
497.01,108645766,FP,2.974175,3.031634,11707.257241,3.756355,492.1777269,13.8678401,3333.0,4.94824,0.302,112.446414,-28.483916,13.2312,56.336,FALSE POSITIVE
4970.01,359523751,PC,4.8338813,3.9585267,15572.8655746,16.2870392,1349.5949074,784.0336903,6859.0,4.4,1.2713701,201.239647,-57.733832,12.365,583.541,CANDIDATE
4971.01,453942180,PC,7.9674915,3.374,2920.0,,844.0,84.3794,5058.2,,,154.273599,-68.883731,11.9736,,CANDIDATE
4972.01,149585119,PC,2.6492703,2.42,10560.0,12.9788,1355.0,560.52,5743.0,4.25,1.25,232.995996,-40.635519,13.1773,677.826,CANDIDATE
4973.01,397522142,PC,7.9486299,1.29,6340.0,9.54103,676.0,34.816,5742.0,4.51,0.93,158.574934,-71.204192,10.7271,178.064,CANDIDATE
4974.01,148478039,PC,10.6006859,3.663,16260.0,,897.0,107.932,6303.2,,,230.322481,-38.832914,12.7126,782.916,CANDIDATE
4975.01,304085024,PC,4.4834145,2.363,4810.0,,,,,,,141.051186,-67.683704,12.967,612.156,CANDIDATE
4976.01,210629725,PC,3.027103,3.964,6250.0,10.9691,1835.0,1882.44,6275.0,4.24,1.39,212.70783,-54.29754,13.3665,802.781,CANDIDATE
4977.01,68081952,PC,7.7023687,2.321,27310.0,14.6181,721.0,44.8696,5333.0,4.55,0.85,193.460711,-54.345963,12.5156,294.629,CANDIDATE
4978.01,145204443,PC,4.7190303,1.538,6800.0,17.051,1151.0,292.335,6389.0,4.07,1.73,229.97328,-45.718,12.2913,719.916,CANDIDATE
4979.01,311736478,PC,3.6305988,2.303,570.0,5.32844,1876.0,2058.82,5156.0,4.14,1.31,181.475721,-71.58616,10.5895,182.678,CANDIDATE
498.01,121338379,APC,0.2750478,0.5251393,703.0554225,4.0587998,3469.9976486,34263.9733582,6218.0,4.26662,1.3227299,129.090789,-3.860202,9.58094,188.364,CANDIDATE
4980.01,200435203,PC,16.1565078,1.814,13030.0,,466.0,7.84717,5215.0,,,70.411544,-45.484868,12.9331,,CANDIDATE
4981.01,14029793,PC,0.2097217,0.25,1250.0,11.9597,2489.0,6373.11,6046.0,4.42,1.08,76.446544,-38.864642,12.4813,505.695,CANDIDATE
4982.01,46627476,PC,2.5665666,3.177,9060.0,15.79,1663.0,1270.4,6020.0,4.09,1.57,85.01129,-17.564085,13.3495,1068.73,CANDIDATE
4983.01,80137654,PC,5.7527363,5.075,12970.0,,1479.0,795.35,5951.0,,,105.149163,-20.564749,13.01,1403.22,CANDIDATE
4984.01,177391159,PC,3.6748618,4.042,2990.0,,1627.0,1164.16,6084.3,,,106.060479,-0.367305,12.4373,1211.61,CANDIDATE
4985.01,294315741,FP,3.5678072,2.968,17670.0,34.7616,2225.0,4074.35,7819.0,4.24,1.71,93.095903,12.838602,13.3162,1421.29,FALSE POSITIVE
4986.01,5592720,PC,6.5946181,2.884,9920.0,22.1605,1137.0,277.451,6345.0,3.89,2.12,111.521557,-6.082467,12.8742,1259.59,CANDIDATE
4987.01,293607057,CP,4.2889696,2.517,5850.0,20.7112,1404.0,646.761,6736.9,3.76,2.61,153.669669,-15.642837,10.6311,589.423,CONFIRMED
4988.01,445392860,PC,2.3696548,1.8925768,46129.4275972,21.171114,843.3573872,119.5549647,3986.0,4.57,0.697237,112.460205,-51.990765,14.881,446.614,CANDIDATE
4989.01,303385111,PC,3.429078,1.795,13770.0,21.1656,1027.0,185.229,5654.0,3.91,1.85,256.799859,-64.547055,13.0413,936.608,CANDIDATE
499.01,123702439,APC,8.5334865,2.369,1756.0,4.14687,941.0,130.53,5997.0,4.45722,0.97,115.638695,-43.553495,10.1374,158.659,CANDIDATE
4990.01,295312916,PC,5.6386197,2.621,5940.0,13.3798,922.0,120.336,5373.0,4.02,1.56,270.777435,-68.14639,12.9123,697.681,CANDIDATE
4991.01,247180220,PC,0.7702101,0.857,29130.0,13.5452,922.0,120.256,3601.0,4.58,0.68,253.700297,-45.367406,14.6594,343.755,CANDIDATE
4992.01,362111691,PC,4.8807474,3.148,11440.0,18.7724,1264.0,424.843,6356.0,4.08,1.7,244.854853,-66.670298,13.1812,1150.11,CANDIDATE
4993.01,360221713,PC,3.1062522,4.824,3680.0,12.6882,1708.0,1415.95,5369.0,3.75,2.13,262.31426,-59.107667,12.782,888.672,CANDIDATE
4994.01,277128619,CP,21.4921464,4.199,5960.0,9.09747,608.0,22.7774,5520.0,4.34,1.11,283.132534,-78.43443,11.9545,329.304,CONFIRMED
4995.01,294295243,PC,8.7802662,2.45,2140.0,8.87975,851.0,87.107,6124.0,3.95,1.88,265.23597,-69.443478,11.8014,639.661,CANDIDATE
4996.01,384709136,PC,4.8131406,4.932,5030.0,15.2753,1595.0,1074.75,6287.0,3.88,2.1,257.612996,-81.70829,12.7523,1058.39,CANDIDATE
4997.01,340624586,PC,13.3178839,4.344,3920.0,,1120.0,261.545,7295.5,,,238.241484,-63.860593,11.1281,,CANDIDATE
4998.01,76228620,PC,9.7800223,4.245,4340.0,9.06075,1031.0,187.783,6113.0,4.25,1.33,269.247209,-55.787941,11.2723,352.331,CANDIDATE
4999.01,33227166,PC,5.5846356,5.066,2220.0,9.33343,1392.0,624.784,5698.0,3.84,1.99,266.628908,-43.374494,10.8235,368.89,CANDIDATE
500.01,134200185,CP,0.5481573,0.9424668,226.8573536,1.3591774,1577.3911825,1463.1155872,4590.0,4.50961,0.751825,106.559098,-47.587816,9.4022,47.3924,CONFIRMED
5000.01,179230828,PC,5.5422295,2.556,14910.0,14.7328,,271.918,5483.0,,1.02,158.600019,-23.73406,12.6702,470.92,CANDIDATE
5000.02,179230828,PC,15.3392841,2.933,12910.0,11.7705,,26.88,5483.0,,1.02,158.600019,-23.73406,12.6702,470.92,CANDIDATE
5001.01,95709395,PC,5.069043,4.185,8170.0,13.2155,1542.0,939.466,6763.0,4.24,1.51,243.403564,-33.496496,12.1641,632.346,CANDIDATE
5002.01,418471116,PC,3.7318818,3.231,10850.0,13.3208,1408.0,653.055,6129.0,4.32,1.23,205.298543,-78.882708,13.4479,847.863,CANDIDATE
5003.01,301900477,PC,4.4540914,1.16,9790.0,12.2601,806.0,70.3253,6188.0,4.41,1.13,259.699318,-66.348384,11.8406,404.148,CANDIDATE
5004.01,384386062,PC,5.7626113,4.004,8710.0,10.0697,1429.0,692.871,5470.0,4.45,0.97,249.366356,-80.975283,13.0071,446.494,CANDIDATE
5005.01,282485660,CP,6.3084728,2.871,3690.0,6.00429,1012.0,174.188,5840.0,4.48,0.97,238.108194,-48.1451,11.13,207.891,CONFIRMED
5006.01,449107129,PC,4.254955,4.228,2370.0,14.4712,2372.0,5255.5,8653.0,3.85,2.88,216.471203,-69.83585,11.9055,1340.01,CANDIDATE
5007.01,424196109,CP,2.5432595,1.12,21300.0,10.6224,615.0,23.828,3757.0,4.61,0.66,236.06387,-61.041365,13.6366,203.352,CONFIRMED
5008.01,150531994,PC,2.7702532,3.748,10790.0,10.2658,1500.0,840.782,5183.0,4.43,0.94,266.129426,-39.993496,12.9499,379.594,CANDIDATE
5009.01,463781038,PC,8.1755735,7.683,2870.0,17.9327,2291.0,4574.7,9169.0,3.73,3.44,261.294366,-40.583473,11.9032,1324.39,CANDIDATE
5010.01,276735500,PC,6.7107895,1.377,29370.0,12.843,437.0,6.07437,3980.0,4.57,0.7,270.340633,-79.353115,14.6681,420.252,CANDIDATE
5011.01,418298773,PC,2.6060495,1.6531467,7607.398609,6.7707607,965.2816733,205.1810486,4471.0,4.49,0.78826,197.361763,-81.962957,13.4962,288.015,CANDIDATE
5012.01,245728942,PC,4.18438,2.146,3750.0,14.8687,1958.0,2440.51,10708.0,4.36,1.82,252.214926,-44.21966,11.4302,729.115,CANDIDATE
5013.01,287494667,PC,8.989491,1.43,2890.0,13.4707,704.0,40.9859,6620.0,3.89,2.21,123.632846,-72.245005,12.7482,1224.74,CANDIDATE
5014.01,362032529,PC,3.4507193,3.498,2270.0,8.16973,1495.0,830.757,5712.0,3.99,1.7,244.702801,-68.662731,12.4073,677.476,CANDIDATE
5015.01,221656234,PC,2.4533968,3.425,8790.0,16.1215,1868.0,2024.13,6333.0,4.07,1.7,245.273071,-43.222686,12.491,637.121,CANDIDATE
5016.01,68322189,FP,1.2833689,2.592,20090.0,23.5753,2357.0,5124.73,5442.0,4.4,1.01,236.159176,-58.128314,12.5209,365.511,FALSE POSITIVE
5017.01,302054555,PC,3.3677179,5.049,3070.0,12.6215,1732.0,1495.44,5575.2,3.71,2.3,260.016954,-67.444612,12.4698,872.49,CANDIDATE
5018.01,294691204,PC,6.5859565,1.553,1570.0,5.98453,905.0,111.468,6353.0,4.24,1.41,267.208534,-67.058468,11.576,459.435,CANDIDATE
5019.01,420829332,PC,1.090295,1.895,5240.0,8.96609,2156.0,3593.4,5479.0,4.31,1.14,251.626959,-55.262592,12.6345,453.404,CANDIDATE
502.01,172193428,APC,2.9412694,1.6223259,2421.3696753,8.8335566,1430.7395644,990.2921795,5642.0,4.16735,1.21356,98.53195,-28.404168,10.3773,215.387,CANDIDATE
5020.01,310266243,PC,5.3450209,5.64,3650.0,11.8547,1694.0,1370.06,6279.0,3.91,2.04,251.32038,-76.166637,13.3298,1440.15,CANDIDATE
5021.01,403405969,PC,12.975062,6.124,6210.0,11.8674,1125.0,266.841,6480.9,4.2,1.5,230.10612,-77.358859,13.2565,1041.69,CANDIDATE
5022.01,208772468,PC,2.244541,2.1,17150.0,13.6382,1294.0,465.777,5455.0,4.39,1.03,245.215993,-57.641596,13.1509,488.161,CANDIDATE
5023.01,213111428,PC,2.2749988,0.632,68800.0,17.0496,398.0,4.17143,3199.0,4.9,0.32,257.123769,-51.531661,14.9582,119.693,CANDIDATE
5024.01,344130921,PC,14.7765802,4.996,4630.0,10.2309,920.0,119.223,6247.0,4.19,1.46,279.09562,-77.375951,12.9267,829.942,CANDIDATE
5025.01,217838717,PC,2.8846592,2.783,12880.0,16.5935,1982.0,2563.35,8219.0,4.44,1.42,261.365163,-46.988032,12.3666,803.602,CANDIDATE
5026.01,161247580,PC,3.2813635,3.203,4740.0,10.9441,,1226.1,6622.0,,1.54,261.946819,-33.163141,11.831,462.227,CANDIDATE
5027.01,361711730,CP,10.2436729,2.999,9410.0,11.2818,1035.0,190.912,5845.9,4.5,0.96,243.885021,-69.217097,10.9097,204.429,CONFIRMED
5028.01,76894548,PC,3.9353218,3.169,8020.0,20.2069,1364.0,575.011,5806.0,3.78,2.17,271.090009,-55.636862,12.5587,929.659,CANDIDATE
5029.01,154400369,PC,3.8861815,2.565,5880.0,10.8516,1766.0,1616.52,8615.0,4.49,1.39,259.95298,-35.740745,12.1989,383.371,CANDIDATE
503.01,186812530,CP,3.6773543,1.441,3949.0,11.426,1475.0,786.44,7887.0,4.28126,1.68,124.320365,12.601322,9.19813,255.416,CONFIRMED
5030.01,444290896,PC,4.4299239,4.671,5280.0,,,,,,,267.466654,-32.095911,12.3927,990.831,CANDIDATE
5031.01,46807139,PC,4.5314275,6.41,6062.0,,1099.0,242.998,3605.0,,,230.789617,-58.726784,13.302,3154.91,CANDIDATE
5032.01,283665218,PC,6.032661,4.689,6850.0,,1114.0,255.942,5049.5,,,233.198015,-56.080098,12.7954,732.552,CANDIDATE
5033.01,318180448,PC,5.4695364,1.274,1600.0,1.39203,437.0,6.09736,3465.0,4.86,0.36,309.399793,-83.092931,11.7405,37.3076,CANDIDATE
5034.01,306990399,PC,8.7042937,2.726,2130.0,3.59413,749.0,52.2984,5160.9,4.61,0.77,266.949667,-62.527452,12.0635,221.335,CANDIDATE
5035.01,401509690,PC,5.8009082,3.175,5130.0,8.06972,1008.0,171.882,5406.0,4.37,1.05,215.630691,-72.802221,12.5787,394.439,CANDIDATE
5036.01,406726743,PC,17.7481897,2.516,5210.0,11.5797,516.0,11.794,5393.0,4.06,1.51,222.810426,-78.378242,12.5819,567.804,CANDIDATE
5037.01,263486257,PC,4.1245473,3.4302475,15857.5159207,17.7780627,1395.887109,897.2680177,6433.0,4.3,1.3291301,234.548332,-71.927874,12.3155,605.313,CANDIDATE
5038.01,127115861,PC,0.9990876,1.27,4640.0,16.981,,9983.53,9391.0,4.05,2.41,267.168701,-29.5226,11.9036,1087.44,CANDIDATE
5039.01,396649769,PC,2.1967461,3.749,3670.0,11.6242,1887.0,2106.93,5709.0,3.94,1.8,214.410109,-75.324247,13.4924,1079.8,CANDIDATE
504.01,219164808,FP,1.6773063,2.352,3910.0,29.2836,3110.0,15535.1,6915.0,4.17618,2.56,90.77407,-52.084311,9.6646,425.719,FALSE POSITIVE
5040.01,412828754,PC,3.3808424,3.135,4420.0,15.6348,1617.0,1136.54,6445.0,3.97,1.96,263.127273,-50.291903,12.9612,1145.04,CANDIDATE
5041.01,324609476,PC,0.733892,0.9663799,41803.8414084,12.8031517,910.7685622,162.6122005,3423.0,4.79,0.438708,312.602815,-81.443121,14.9276,195.854,CANDIDATE
5042.01,282221346,PC,5.6316098,5.877,940.0,6.99657,1562.0,989.195,5784.0,3.72,2.32,210.985629,-78.772446,11.0384,489.651,CANDIDATE
5043.01,75522633,PC,3.8027513,3.148,26100.0,14.5097,1102.0,245.058,5061.0,4.5,0.86,267.099516,-54.9322,12.4337,279.685,CANDIDATE
5044.01,298946836,PC,5.5556615,4.494587,3308.3022418,13.1283718,1515.5765796,1246.9026373,5964.0,3.83,2.09656,243.221573,-61.031281,11.1072,487.432,CANDIDATE
5045.01,297950791,PC,3.4792084,3.545,8320.0,14.4016,1542.0,940.992,6052.0,4.1,1.57,242.186675,-65.25866,13.3209,1024.34,CANDIDATE
5046.01,306512967,PC,11.1838046,5.302,3740.0,,,,,,,119.031193,-69.861455,13.069,737.214,CANDIDATE
5047.01,291857895,PC,7.3142625,3.367,18810.0,12.5859,803.0,69.2385,4881.0,4.47,0.86,248.591364,-38.239147,12.6794,266.138,CANDIDATE
5048.01,323022088,APC,1.3583233,1.463,6790.0,13.5621,1487.0,812.252,5604.0,4.05,1.56,247.424651,-28.504414,13.115,610.636,CANDIDATE
5049.01,261020738,PC,2.9204289,2.679,10330.0,12.9535,1297.0,470.192,5508.0,4.36,1.08,226.112079,-66.203063,12.9072,478.128,CANDIDATE
5050.01,282701278,PC,2.3064574,2.071,5650.0,13.5732,1574.0,1020.03,6692.0,4.25,1.48,232.617533,-55.787488,12.6487,693.064,CANDIDATE
5051.01,217933560,PC,3.5980715,2.842,15550.0,14.8005,1021.0,180.551,4708.0,4.21,1.13,261.385143,-44.046683,11.6451,213.538,CANDIDATE
5052.01,208151094,PC,4.0668104,2.988,19690.0,15.0245,1145.0,286.231,5496.0,4.36,1.07,244.35621,-59.097565,12.3562,384.47,CANDIDATE
5053.01,324426685,PC,9.8830331,3.432,15630.0,10.3147,650.0,29.7162,4456.0,4.46,0.82,285.668452,-77.582499,12.6916,216.915,CANDIDATE
5054.01,401704685,PC,4.2100055,2.653,7990.0,13.6161,1266.0,427.599,6160.0,4.2,1.42,318.86343,-83.164507,12.7372,695.421,CANDIDATE
5055.01,407146538,FP,2.0915616,3.634,2560.0,14.2961,2796.0,10148.1,5551.0,4.01,1.62,235.152828,-81.208241,11.9139,439.874,FALSE POSITIVE
5056.01,216925130,PC,7.6686232,4.794,2000.0,8.82795,1304.0,480.358,6066.0,3.91,1.96,259.468864,-44.865144,10.9531,397.322,CANDIDATE
5057.01,37291237,PC,1.1437772,1.501,1770.0,12.9975,1348.0,548.925,4520.0,,2.85,254.842052,-35.388933,11.0837,347.227,CANDIDATE
5058.01,277034534,PC,23.7123919,5.841,6160.0,12.8901,,181.582,6130.0,,1.29,279.790982,-79.505335,10.9425,269.351,CANDIDATE
5059.01,458027465,PC,8.7876771,2.935,20650.0,11.5115,656.0,30.7909,4676.0,4.54,0.77,250.408499,-41.58444,11.8876,156.693,CANDIDATE
506.01,274138511,FP,2.774207,2.393565,693.389889,2.582442,1170.9058394,444.231028,5280.0,4.44454,0.945062,116.68702,6.445569,10.4215,267.292,FALSE POSITIVE
5060.01,16264917,PC,1.2695326,2.229,13410.0,14.8016,3219.0,17833.5,9561.0,4.68,1.18,247.643085,-49.414177,13.4489,941.579,CANDIDATE
5061.01,214218272,PC,3.3645349,3.14,7010.0,11.8831,1558.0,978.355,6443.0,4.3,1.34,260.73494,-51.983412,12.9971,792.868,CANDIDATE
5062.01,294768072,PC,6.2244575,5.174,1570.0,8.34496,1401.0,639.699,5692.8,3.81,2.08,267.651938,-71.286618,11.8105,627.41,CANDIDATE
5063.01,173979859,PC,3.613799,3.323,9490.0,15.4064,1665.0,1276.89,6955.0,4.25,1.54,258.239194,-59.367192,12.6019,881.246,CANDIDATE
5064.01,407127579,PC,3.5108018,2.791,960.0,5.42543,1356.0,561.487,5860.0,4.06,1.59,234.351892,-82.485339,11.5939,433.55,CANDIDATE
5066.01,56655478,PC,1.3454079,1.208,1226.0,7.22545,2162.0,3632.59,7509.4,4.07,2.0,63.833786,27.062203,10.3418,402.304,CANDIDATE
5069.01,381360757,PC,8.8558739,6.144,280.0,3.014,1378.0,599.445,6332.0,3.99,1.87,46.920838,15.324683,9.63679,231.014,CANDIDATE
507.01,348538431,PC,0.8994677,1.2066668,58768.3536154,17.1200078,866.8813273,133.4667668,3338.0,4.9469,0.505078,121.629579,-15.76469,13.2304,110.884,CANDIDATE
5070.01,319968129,FP,6.216994,2.759,2060.0,7.46488,1432.0,699.959,6304.0,4.16,1.54,95.305914,20.878513,10.3879,286.43,FALSE POSITIVE
5073.01,458686969,PC,3.1393667,3.957,11087.0,15.9004,1597.0,963.197,5653.4,4.08,1.52,133.866599,10.04531,13.3042,910.734,CANDIDATE
5075.01,23113034,FP,1.7134571,1.433,355.0,4.95462,2240.0,4181.14,8638.0,3.93,2.64,60.838304,25.343808,8.3482,246.968,FALSE POSITIVE
5076.01,303432813,CP,23.4428912,4.392,1623.0,3.02618,527.0,12.8373,4794.4,4.47,0.85,50.510417,17.239209,9.9909,82.857,CONFIRMED
5077.01,87873211,PC,5.8879518,3.534,747.0,9.19044,2079.0,3105.54,5641.0,3.85,1.97,107.532776,25.819332,9.51297,208.721,CANDIDATE
5078.01,303523128,PC,1.5110224,1.232,408.0,1.47339,1346.0,545.9,4595.0,4.63,0.68,51.365399,13.507488,9.7119,53.579,CANDIDATE
5079.01,69672493,FP,1.4920726,1.594,907.0,2.23482,1409.0,654.339,5125.0,4.56,0.81,77.394839,24.324493,9.642901,77.3109,FALSE POSITIVE
5082.01,437011608,CP,4.2403543,2.353,842.0,2.64301,1113.0,255.637,5670.0,4.5,0.93,106.569578,22.683148,7.6253,43.1406,CONFIRMED
5084.01,438260486,PC,5.8321337,2.039,274.0,1.15554,740.0,49.8722,4544.0,4.54,0.75,45.954561,20.110588,7.564,21.3575,CANDIDATE
5085.01,6785559,PC,4.5117148,4.48,550.0,2.89398,1535.0,921.698,5785.0,4.19,1.35,81.433488,20.544071,10.1125,196.662,CANDIDATE
5088.01,234388232,PC,10.3883213,4.056,822.0,3.76664,1611.0,1120.27,5638.7,4.56,0.87,112.891681,12.034442,9.3422,86.9438,CANDIDATE
5088.02,234388232,PC,13.4155226,3.665,550.0,1.53506,782.0,62.2227,5638.7,4.56,0.87,112.891681,12.034442,9.3422,86.9438,CANDIDATE
509.01,453211454,CP,9.0588209,3.342,875.0,2.67607,864.0,92.839,5560.26,4.438,0.96,117.924642,9.385241,7.9259,48.9739,CONFIRMED
509.02,453211454,CP,21.4003129,5.3847459,960.7539877,3.0010426,621.592122,35.2811724,5560.26,4.438,0.962324,117.924642,9.385241,7.9259,48.9739,CONFIRMED
5091.01,438073782,PC,3.6413702,3.705,11340.0,16.4955,1685.0,1340.13,6832.0,4.2575,1.5,95.635062,14.017632,11.4438,500.511,CANDIDATE
5092.01,90853136,APC,2.3626901,1.4468336,4744.0800285,6.9577388,1095.4591558,340.3343305,5222.44,4.63151,0.755047,101.625573,28.841238,11.6786,189.575,CANDIDATE
5099.01,91481801,PC,14.4507561,1.3457797,867.6358458,6.2516257,1182.8796624,462.6827,6761.32,3.96878,2.0669501,44.79356,19.989734,6.9762,93.1501,CANDIDATE
510.01,238086647,APC,1.3523942,0.512,371.0,2.82883,1110.0,252.046,5915.0,4.1283,1.29,104.95898,-49.50748,8.4633,93.0994,CANDIDATE
5100.01,349582831,PC,3.4532143,2.445241,13153.3310188,16.9569136,1419.2316453,958.8135146,6028.0,4.2444,1.3226399,66.934984,33.086274,12.4261,513.756,CANDIDATE
5102.01,82508808,APC,0.4522013,0.5773712,15351.6498068,7.9172286,1326.2779363,731.2387223,3739.0,4.6228,0.633946,123.152165,17.930123,15.0155,379.43,CANDIDATE
5103.01,366443576,APC,4.9898664,1.037,1850.0,9.128,1001.0,167.032,6242.0,4.09,1.63,126.624043,10.555371,11.5679,528.469,CANDIDATE
5104.01,415443327,PC,4.890376,3.9844446,12039.4608136,16.1683559,1354.8522096,796.3219695,6278.0,4.20771,1.4458801,75.754432,11.449226,13.7667,1026.28,CANDIDATE
5105.01,203287192,PC,4.4455436,4.152,5839.0,15.8181,1528.0,905.997,6355.8,3.89,2.11,136.169901,20.931448,12.1476,923.354,CANDIDATE
5106.01,59351345,PC,2.4361097,1.095,840.0,7.79741,1485.0,807.375,7182.5,3.91,2.33,89.288232,14.878993,10.0704,450.49,CANDIDATE
5107.01,97735297,FP,1.8354365,1.633,310.0,5.7988,2530.0,6809.52,9758.0,3.8,3.27,92.674931,31.328397,9.4098,650.943,FALSE POSITIVE
5108.01,350348197,CP,6.7535728,2.173,1740.0,6.28796,927.0,122.785,5880.0,4.22,1.32,166.269504,11.246407,9.18458,130.919,CONFIRMED
5109.01,411930845,PC,3.2104815,1.693,1600.0,20.5754,2035.0,2847.04,9124.0,3.46,4.71,79.413022,17.714524,10.2846,1165.13,CANDIDATE
5110.01,239977528,CP,30.1584857,3.852,2293.0,11.2128,549.0,15.1027,6083.0,3.74,2.38,94.404269,31.610331,10.2592,392.259,CONFIRMED
5112.01,337385330,PC,15.532806,3.564,1236.0,2.17742,659.0,31.4267,3973.0,4.65,0.61,110.304466,17.588565,10.1857,43.8372,CANDIDATE
5113.01,2685481,PC,4.136488,2.551,462.0,2.75771,1250.0,405.932,6113.0,4.21,1.39,80.498464,30.948728,10.2212,222.874,CANDIDATE
5114.01,26693519,PC,6.1539077,2.115,1636.0,22.3615,910.0,114.033,5234.4,,5.63,110.7852,25.558752,10.0643,,CANDIDATE
5115.01,366499151,PC,13.8240078,3.512,1140.0,2.38171,681.0,35.732,5129.0,4.67,0.71,127.154488,10.249488,12.1045,207.618,CANDIDATE
5116.01,149496868,PC,3.4355113,2.11,2580.0,4.18368,969.0,146.577,4870.0,4.53,0.8,164.375996,12.535614,11.9783,197.234,CANDIDATE
5117.01,26469462,PC,11.6986928,3.37,930.0,3.51877,855.0,89.0703,6247.5,4.39,1.16,107.762809,14.947519,10.3657,217.786,CANDIDATE
5118.01,438412198,PC,1.5749553,2.216,304.0,2.51186,2067.0,3031.49,6635.0,4.19,1.57,97.362073,15.65565,10.0769,280.37,CANDIDATE
5119.01,75427473,FP,1.4713984,3.028,236.0,3.62613,1925.0,2280.57,5110.7,,2.66,85.222404,25.872525,8.96861,179.327,FALSE POSITIVE
512.01,119292328,CP,7.1887332,2.9505752,285.257999,1.5254582,830.5601795,112.4619017,5581.0,4.52166,0.882675,96.646702,-38.60721,8.9767,67.3975,CONFIRMED
512.02,119292328,APC,20.2749388,5.788,410.0,1.74398,764.0,56.5944,5581.0,4.52166,0.88,96.646702,-38.60721,8.9767,67.3975,CANDIDATE
5120.01,58723861,PC,24.9163182,6.745,6260.0,12.0398,745.0,51.1862,5778.4,4.12,1.47,104.214073,22.595448,10.2326,229.962,CANDIDATE
5122.01,116668723,PC,3.3885867,1.377,639.0,6.12917,1824.0,1838.7,6148.7,4.25,1.34,85.682297,30.762919,9.82614,183.637,CANDIDATE
5124.01,306902029,FP,1.0754572,1.832,690.0,8.40705,2156.0,3593.53,6290.0,3.49,3.29,98.039425,17.38055,10.4406,588.788,FALSE POSITIVE
5125.01,247906954,PC,5.909621,2.784,435.0,2.96154,1296.0,468.76,6710.0,4.21,1.55,87.9525,15.882044,9.02342,171.506,CANDIDATE
5126.01,27064468,CP,5.4589863,3.39,1230.0,4.40571,1247.0,402.195,6223.0,4.33,1.24,151.659783,18.634063,9.56225,160.414,CONFIRMED
5126.02,27064468,CP,17.9051919,4.555,771.0,3.00633,824.0,76.5725,6223.0,4.33,1.24,151.659783,18.634063,9.56225,160.414,CONFIRMED
5127.01,438170612,PC,17.5328625,3.11,547.0,2.60324,753.0,53.5244,6160.0,4.39,1.14,96.199683,13.362053,9.80493,162.582,CANDIDATE
5128.01,406495245,PC,7.6014943,3.018,1898.0,9.00796,1312.0,492.37,7642.0,4.09,1.99,143.31764,9.168421,8.2893,193.998,CANDIDATE
5129.01,101520163,PC,7.4121119,1.78,979.0,3.6822,840.0,82.6575,6178.0,4.36,1.19,99.702791,29.089322,10.1843,201.912,CANDIDATE
513.01,431999925,FP,1.445433,3.684343,16635.28994,3.493627,593.1709781,29.2577267,3266.0,4.98546,0.269,120.789948,-20.010091,14.7095,190.2254,FALSE POSITIVE
5130.01,75589027,PC,2.1667786,4.416,282.0,1.77975,2301.0,4654.09,6224.0,4.36,1.2,85.516418,28.241192,8.64885,101.55,CANDIDATE
5131.01,350043412,PC,9.4813433,1.019,9450.0,6.37051,360.0,2.79712,4427.0,4.67,0.63,155.515614,10.003199,13.1113,215.18,CANDIDATE
5132.01,114516994,APC,1.5985577,1.19,2590.0,11.0534,1793.0,1717.96,7947.0,4.04,2.2,88.308222,21.917925,10.1485,493.91,CANDIDATE
5133.01,312221462,FP,30.4408598,4.586,1500.0,7.19468,1223.0,371.746,8158.9,4.34,1.58,88.396157,33.232368,10.3703,404.955,FALSE POSITIVE
5134.01,95010343,FP,6.880459,2.037,445.0,2.77633,929.0,123.942,6474.0,4.32,1.31,114.312857,24.515713,9.16636,149.969,FALSE POSITIVE
5135.01,172110606,FP,2.0197299,2.563,426.0,3.29943,1689.0,1353.12,5810.0,3.96,1.77,97.83249,32.39678,8.96147,152.97,FALSE POSITIVE
5137.01,14570132,PC,3.2092033,0.677,2038.0,6.33877,,67.6268,5060.5,,0.91,126.023493,22.783201,12.345,238.775,CANDIDATE
5139.01,95337971,PC,5.9471027,1.544,3540.0,7.14437,732.0,47.8442,3859.0,4.65384,0.6,153.384453,19.948217,12.7263,131.219,CANDIDATE
5140.01,175193677,PC,15.6113633,3.2002615,520.4897607,2.9033347,829.6557911,111.9728668,6061.77,4.31439,1.22568,129.689446,23.685265,6.3687,35.26,CANDIDATE
5143.01,281837575,PC,5.20971,1.6975678,11394.4691538,12.0204139,904.4759937,158.1645607,5296.38,4.53407,0.85412,165.36512,5.139481,11.2668,181.38,CANDIDATE
5143.02,281837575,PC,2.3843304,1.9448395,1128.6229858,2.8597467,1173.6702026,448.4410045,5296.38,4.53407,0.85412,165.36512,5.139481,11.2668,181.38,CANDIDATE
5147.01,95361530,PC,3.9178573,0.739,4270.0,7.07511,573.0,17.9382,5174.39,4.4946,0.88,154.241054,18.213862,12.2325,272.747,CANDIDATE
5148.01,291517604,PC,5.0637114,6.023,4940.0,13.5595,1501.0,843.513,5447.0,3.86,1.91,261.241401,-58.633055,10.0143,237.514,CANDIDATE
5149.01,286094277,PC,27.3714952,9.708321,11052.8460427,18.3071322,797.2741655,95.4886533,5903.0,4.0,1.70581,310.458865,48.028314,10.4815,298.458,CANDIDATE
515.01,366622912,CP,3.1148931,2.3721346,25980.7010915,12.1120086,956.8339703,198.0921858,4973.0,4.438,0.74956,128.067093,11.63071,13.7988,442.813,CONFIRMED
5150.01,40954422,FP,1.7578288,3.218,2116.0,13.9433,3660.0,29799.8,6640.0,3.76,2.59,301.393952,39.588455,10.0768,434.304,FALSE POSITIVE
5151.01,388130237,PC,92.1950434,4.425,27400.0,16.0082,298.0,1.32226,5643.0,4.44,1.0,65.399258,-67.47014,12.8337,485.421,CANDIDATE
5152.01,257527578,CP,54.3212423,4.024,3708.0,11.6348,449.0,6.76453,6207.0,3.99,1.82,46.292637,-21.933647,10.6509,382.898,CONFIRMED
5153.01,124029677,CP,20.9108406,4.478,5936.0,11.3547,739.0,49.5559,6408.0,4.27,1.38,91.54032,-19.953444,11.215,390.484,CONFIRMED
5154.01,240849748,APC,17.7256773,1.629,2860.0,15.4613,697.0,39.274,6010.0,4.06,1.63,340.959712,-16.462463,10.7203,338.491,CANDIDATE
5156.01,468889418,PC,22.8524131,2.035,1265.0,8.99211,750.0,52.664,5857.9,4.4,1.08,56.757474,8.664659,10.2409,160.968,CANDIDATE
5157.01,38161230,APC,2.5194039,1.113,1935.0,7.65729,,219.344,6380.0,,1.76,171.235952,-2.08516,11.7475,476.884,CANDIDATE
5158.01,337647366,PC,4.7464485,2.408,1940.0,10.3209,1141.0,281.823,5890.5,3.76,2.26,131.191359,16.243654,12.8325,1175.98,CANDIDATE
5159.01,286712787,PC,5.8365098,2.6998895,256.7044803,1.6134349,866.292942,133.1006284,5259.0,4.53,0.854084,142.785956,20.019343,8.6739,55.1788,CANDIDATE
5159.02,286712787,PC,3.6469454,2.4652655,145.1854235,1.0301459,1013.3032371,249.1602293,5259.0,4.53,0.854084,142.785956,20.019343,8.6739,55.1788,CANDIDATE
516.01,318937509,APC,1.04855,1.062799,34644.953978,4.183797,580.9456261,26.9192494,3109.0,5.06577,0.202,112.381555,2.847953,14.114,150.5,CANDIDATE
5160.01,4165850,PC,4.2807509,2.051,447.0,2.23474,1016.0,177.537,5653.3,4.41,1.03,114.639398,31.394454,10.187,151.465,CANDIDATE
5161.01,277697921,PC,5.7519475,2.428,1200.0,2.96374,690.0,37.7733,4181.8,4.4,0.84,153.350015,3.960129,12.1875,157.656,CANDIDATE
5165.01,349986198,PC,3.577501,1.662,1300.0,3.3001,870.0,95.4633,4642.1,4.43,0.87,154.250153,6.866478,12.5389,245.302,CANDIDATE
5166.01,59582240,PC,1.7726881,1.409,390.0,1.7148,1305.0,482.108,5502.0,4.53,0.89,145.827534,15.004027,10.0063,112.335,CANDIDATE
5167.01,458686504,PC,4.8740385,4.125,6410.0,14.3194,1490.0,819.404,6504.4,4.05,1.8,133.817943,11.548868,13.3935,1425.02,CANDIDATE
5169.01,350023518,PC,8.0387972,1.487,738.0,2.25604,709.0,42.1222,5002.0,4.56836,0.78,154.868917,6.582766,8.1644,36.2194,CANDIDATE
517.01,308307606,FP,9.8850244,2.4234353,9891.3681761,11.9173601,728.1185957,66.4246834,5522.0,4.39493,0.819196,120.199911,-60.865633,13.2361,416.217,FALSE POSITIVE
5171.01,110996418,PC,15.7815791,3.9993972,12007.7992641,11.7676797,726.6499887,65.8903912,5780.0,4.438,1.0,188.696788,-10.31971,13.4003,696.695,CANDIDATE
5172.01,53287554,PC,4.7218077,2.7238343,1410.4539374,3.124138,763.2360985,80.1967213,4570.0,4.59581,0.707615,192.989892,-0.499038,10.648,84.1815,CANDIDATE
5174.01,49428710,CP,12.2193392,4.8876935,1670.1310625,4.8045458,808.3726382,100.9111624,5643.77,4.35958,1.09457,174.109497,-2.023351,10.6309,197.243,CONFIRMED
5175.01,55266835,PC,6.8548465,1.5226064,16276.2815794,15.6545004,855.3595051,126.5073461,4797.5,4.27798,1.06192,139.324444,15.97982,13.0207,414.845,CANDIDATE
5176.01,437054764,PC,20.3550739,3.5018936,37499.7343542,10.5079933,350.8176432,3.5797006,3728.0,4.70337,0.539092,135.019493,13.273706,14.6831,268.685,CANDIDATE
5177.01,350033870,PC,2.2085904,3.992,151.0,1.8831,2185.0,3785.82,6183.0,4.06,1.68,155.072519,7.273586,8.8471,154.965,CANDIDATE
5179.01,288671122,PC,0.2874782,0.445,1940.0,5.53402,2447.0,5953.77,5702.0,4.43,1.02,280.251649,83.055747,11.3617,256.739,CANDIDATE
518.01,264979636,PC,17.87897,2.124101,976.801579,3.618524,720.7196301,63.7655934,5596.0,4.32233,1.13674,115.71678,8.866906,10.1432,159.814,CANDIDATE
5180.01,346972413,PC,2.7779767,1.753,7890.0,15.9998,1384.0,609.495,6976.0,4.16,1.71,282.877583,19.560248,12.2175,705.408,CANDIDATE
5181.01,346667887,PC,3.8922407,2.652,6100.0,13.0318,1236.0,387.931,5943.0,4.03,1.66,280.677474,21.69982,11.7242,480.155,CANDIDATE
5182.01,99654378,PC,7.3039588,3.218,2050.0,4.15031,974.0,149.732,5718.0,4.53,0.9,124.20331,71.286898,11.1303,208.267,CANDIDATE
5183.01,298829544,PC,2.7395591,3.4295122,9227.4218481,15.259201,1635.5605318,1691.1708699,5919.0,4.1,1.5425,287.764397,52.24468,13.4685,1084.09,CANDIDATE
5184.01,28643432,FP,2.2751393,2.087,3350.0,10.5509,1642.0,1207.23,5810.0,3.99,1.71,282.699884,34.494757,11.649,504.97,FALSE POSITIVE
5185.01,462808933,PC,4.2788309,4.399,7750.0,17.4175,1603.0,1098.85,6353.0,3.94,1.98,277.589668,16.908527,12.3595,770.483,CANDIDATE
5186.01,68453985,PC,2.503254,2.828,9960.0,17.5644,2120.0,3356.68,8076.0,4.25,1.73,291.589776,17.06358,12.2428,804.742,CANDIDATE
5187.01,441590110,PC,17.8597459,4.862,2180.0,6.12838,833.0,80.0325,6263.0,4.3,1.3,113.27293,77.577697,11.6215,436.183,CANDIDATE
5188.01,141677268,PC,22.43341,6.077,940.0,6.9652,726.0,46.3189,5395.0,3.7,2.25,111.926404,83.647091,10.5784,357.174,CANDIDATE
5189.01,408549705,FP,9.5064017,3.258,8710.0,14.3253,1147.0,287.739,5999.0,4.41,1.09,94.084217,87.317511,12.9177,497.269,FALSE POSITIVE
519.01,218795833,CP,1.2652338,1.2121003,110215.6795079,11.9244053,691.3390016,53.9865076,3225.0,5.00457,0.355309,124.606758,-19.662792,14.4347,115.557,CONFIRMED
5190.01,289574465,PC,5.7488688,4.412,5080.0,12.6677,1475.0,786.234,6728.0,4.12,1.73,278.781977,36.615633,11.7191,675.281,CANDIDATE
5191.01,359469754,PC,3.0278609,3.669,6680.0,15.5158,2237.0,4163.14,8032.0,4.17,1.9,291.567585,18.995258,12.6103,757.613,CANDIDATE
5192.01,336125492,PC,4.7271324,4.672,8600.0,16.0689,1512.0,868.672,6121.7,4.02,1.74,281.06595,38.007341,12.5231,825.977,CANDIDATE
5193.01,336126253,PC,18.9972068,3.906,2960.0,4.7954,642.0,28.2737,5469.0,4.53,0.88,281.074106,37.366161,11.8002,253.938,CANDIDATE
5194.01,288612903,PC,7.0485133,3.543,4950.0,9.80458,1050.0,202.23,5889.0,4.2,1.37,275.085296,40.332613,12.1605,526.642,CANDIDATE
5195.01,357145112,PC,3.1523405,3.111,6440.0,12.6359,1523.0,895.126,6124.0,4.13,1.54,290.124851,23.819189,12.1391,491.054,CANDIDATE
5196.01,383828887,PC,2.5677096,2.882,10430.0,12.6572,1533.0,917.773,5854.0,4.28,1.24,284.160862,33.279514,13.2357,763.703,CANDIDATE
5197.01,219431828,APC,20.5773388,1.503,8520.0,8.59393,360.0,2.81608,5062.0,4.47,0.89,146.712487,76.893849,11.906,232.248,CANDIDATE
5198.01,193628179,FP,3.2623468,2.91,8540.0,13.2175,1427.0,689.893,5957.4,4.18,1.41,266.562261,46.498341,11.9993,504.372,FALSE POSITIVE
5199.01,298049015,FP,3.9131371,1.846,37860.0,12.4444,625.0,25.4932,3773.0,4.64,0.62,185.336268,81.647682,14.9652,372.355,FALSE POSITIVE
520.01,148479278,PC,0.523613,2.3004521,82.9259401,1.4861645,3256.1988827,26568.3567102,7450.0,4.33986,1.52949,102.657977,-37.960195,9.3777,222.315,CANDIDATE
5200.01,21101556,PC,17.4372954,2.967,2060.0,11.4845,1067.0,215.608,6520.0,4.26,1.43,274.422007,52.572205,11.3862,451.568,CANDIDATE
5201.01,267810289,PC,3.8558229,3.462,13730.0,17.8128,1318.0,502.171,5704.0,4.1,1.48,293.096015,58.368884,13.306,914.238,CANDIDATE
5202.01,320324079,PC,34.6141657,2.66,1470.0,7.6965,659.0,31.4696,6382.0,4.07,1.72,246.458472,74.838054,11.5405,567.18,CANDIDATE
5203.01,158323182,PC,15.1255732,6.424,2080.0,10.2442,993.0,161.672,5907.2,3.75,2.28,286.90686,47.905245,12.6934,1119.77,CANDIDATE
5204.01,65845738,PC,1.593603,3.244,5300.0,14.4804,2388.0,5402.33,6589.0,3.98,1.99,310.938842,40.29807,12.3428,821.754,CANDIDATE
5205.01,419411415,CP,1.6306523,1.202,68050.0,11.1125,653.0,30.1966,3262.0,4.83,0.4,313.770682,24.360977,13.6136,86.4493,CONFIRMED
5206.01,159117779,PC,4.4716261,6.451,5000.0,17.4958,1787.0,1694.87,5972.0,3.72,2.41,192.905209,78.027244,12.8715,1297.27,CANDIDATE
5207.01,147892178,PC,24.6951647,3.696,13290.0,6.41046,372.0,3.18912,3850.0,4.68,0.56,142.729233,71.740257,13.2754,156.815,CANDIDATE
5208.01,110738386,PC,12.2307873,3.627,4330.0,8.68366,,85.8245,6164.0,,1.31,291.541081,28.68856,11.4731,386.638,CANDIDATE
5209.01,111108561,PC,2.635737,2.207,21500.0,13.8231,1303.0,479.892,5900.0,4.54,0.92,291.871283,25.453331,12.8462,404.438,CANDIDATE
521.01,27649847,CP,1.5428486,1.1958898,2154.4855781,1.9653032,709.8873414,60.0176145,3439.0,4.97486,0.420028,123.344257,12.222108,12.4029,60.9425,CONFIRMED
5210.01,265979849,PC,4.5661309,3.543,7630.0,11.6029,1228.0,377.954,5569.0,4.21,1.28,314.316923,21.950206,11.4194,302.086,CANDIDATE
5211.01,215595454,PC,2.0961984,3.22,13710.0,18.2172,1951.0,2405.31,6379.0,4.15,1.57,295.168022,28.682559,13.3285,1054.17,CANDIDATE
5212.01,424699834,FP,2.4011407,3.6926411,3193.9893038,11.6862609,1687.9788551,1918.6201878,5911.0,4.11,1.50878,294.459175,58.986723,12.8257,790.407,FALSE POSITIVE
5213.01,247356332,PC,4.5333993,1.083,7690.0,16.84,990.0,159.735,6254.0,4.42,1.12,309.275892,29.365411,12.8179,625.326,CANDIDATE
5214.01,7583660,PC,5.3333965,5.577,2710.0,13.3147,1513.0,871.955,5840.8,3.65,2.53,272.537667,47.875676,12.0228,893.944,CANDIDATE
5215.01,236632480,PC,7.4244269,3.655,7290.0,11.1736,1043.0,196.654,5873.0,4.21,1.34,314.987438,31.485279,12.8507,666.058,CANDIDATE
5216.01,256561562,PC,1.8951273,3.518,2130.0,10.1981,2379.0,5318.45,6818.0,3.89,2.28,299.937613,61.653163,12.9392,1526.91,CANDIDATE
5217.01,215018906,PC,4.3713133,4.113,2960.0,12.9868,1502.0,847.146,6029.0,3.71,2.45,294.922389,28.572231,10.9992,517.506,CANDIDATE
5218.01,259172249,CP,4.2914879,2.3462656,19180.7233775,9.3875781,675.4063492,49.1792111,3937.0,4.59,0.675707,292.663464,71.762961,14.5179,377.483,CONFIRMED
5219.01,378708888,PC,2.88753,3.547,7680.0,16.2965,1710.0,1422.54,6095.0,3.95,1.87,302.828492,34.368508,13.4066,991.551,CANDIDATE
522.01,19451711,PC,0.3969687,1.5006666,110.7179018,2.108062,3963.2340986,58306.893695,7381.0,4.438,1.86219,124.602684,-7.571238,7.3645,111.179,CANDIDATE
5220.01,394691478,PC,2.0876485,2.873,12940.0,18.0794,1917.0,2243.2,6655.0,4.19,1.58,291.435194,30.028078,13.1562,1094.99,CANDIDATE
5221.01,233409941,PC,4.4247361,2.757,13312.0,10.688,1076.0,223.224,5536.0,4.48,0.94,302.166535,59.482017,13.3911,539.904,CANDIDATE
5222.01,30791047,APC,13.3057762,5.5,3700.0,13.7171,1321.0,505.593,8104.0,4.02,2.26,289.709501,31.648175,11.3171,900.45,CANDIDATE
5223.01,377297285,PC,4.0656968,4.2275632,13698.7386688,18.7081977,1503.3146725,1207.0370102,6424.0,4.18,1.53116,286.716198,54.612108,13.0628,1027.87,CANDIDATE
5224.01,406361982,PC,5.2819763,5.909,3320.0,14.0062,1706.0,1409.33,6228.0,3.72,2.5,308.190536,27.546096,12.5459,960.824,CANDIDATE
5225.01,383645563,PC,22.9367426,1.706,3520.0,8.88483,428.0,5.57635,5721.0,4.19,1.34,278.846728,60.427895,12.5117,584.497,CANDIDATE
5226.01,195093356,FP,7.8284207,5.456,32460.0,17.0783,1134.0,275.376,5707.0,4.5,0.94,313.339745,37.475083,11.8572,296.602,FALSE POSITIVE
5227.01,313453776,PC,3.7325203,2.851,4800.0,9.10598,1279.0,445.556,5824.6,4.24,1.3,198.684521,75.235992,11.6078,388.807,CANDIDATE
5228.01,154014059,PC,8.3221959,2.771,4460.0,11.2943,858.0,90.1896,5899.0,4.03,1.65,206.75296,68.867137,12.9534,925.944,CANDIDATE
5229.01,288428649,PC,5.9184575,2.947,1240.0,3.4729,941.0,130.7,5087.5,4.41,0.97,269.035507,78.213123,11.9919,273.283,CANDIDATE
523.01,93125144,FA,9.91102,2.981681,6044.13412,7.705774,719.8030598,63.4418379,4692.0,4.29723,0.941705,84.846558,-19.55834,9.6833,77.8471,FALSE POSITIVE
5230.01,55778666,PC,7.1452343,3.169,14520.0,12.0822,923.0,120.883,5685.0,4.46,0.98,182.33384,57.503601,13.1924,576.539,CANDIDATE
5231.01,105387356,FP,1.5163046,3.619,1180.0,10.3854,2623.0,7863.45,6529.0,3.58,3.11,300.767548,31.059697,11.4186,876.326,FALSE POSITIVE
5232.01,69356857,CP,4.0966887,4.557,5620.0,12.9734,1637.0,1193.86,6212.0,4.04,1.74,294.337425,35.276493,11.7791,609.388,CONFIRMED
5233.01,259100469,PC,25.763332,1.668,2560.0,5.77167,387.0,3.75556,5795.0,4.41,1.06,291.172808,69.125175,11.1752,248.564,CANDIDATE
5234.01,335681838,PC,15.1016086,4.403,520.0,2.71644,934.0,126.721,6511.0,4.42,1.18,222.513957,63.038437,10.8964,302.144,CANDIDATE
5235.01,154814765,PC,26.1442304,2.368,1980.0,8.19739,681.0,35.8503,5721.0,4.38,1.08,183.093158,84.411214,10.8131,214.496,CANDIDATE
5236.01,193765661,PC,10.9974977,7.182,3400.0,9.89885,1291.0,461.346,6188.0,3.83,2.18,306.286561,43.233222,11.3335,582.527,CANDIDATE
5237.01,435740442,PC,2.9889845,1.858,13920.0,17.7415,1172.0,314.21,6002.0,4.18,1.42,297.495261,29.891252,12.4705,603.735,CANDIDATE
5238.01,219016883,CP,4.8721904,2.584,2180.0,4.89644,1042.0,195.925,5430.5,4.42,1.02,223.358891,68.859472,11.637,290.646,CONFIRMED
5239.01,230290708,PC,11.3182327,2.956,5080.0,8.83548,773.0,59.5158,5969.0,4.29,1.24,276.382262,44.901409,12.7986,648.893,CANDIDATE
524.01,365690646,FA,12.983175,1.527578,1180.996904,5.933251,1138.7948113,397.4686874,6962.64,4.14716,1.67983,81.54323,6.912307,10.094,293.27,FALSE POSITIVE
5240.01,40055053,CP,4.1793301,5.161,4900.0,16.1603,2040.0,2876.9,7349.0,3.93,2.31,293.083789,34.940397,11.6917,980.487,CONFIRMED
5241.01,305948428,PC,4.8398399,2.818,7040.0,12.0967,1047.0,199.608,5506.0,4.14,1.39,295.483771,23.127392,12.1019,441.596,CANDIDATE
5242.01,426122503,PC,2.4038486,1.87,16500.0,11.4754,1099.0,242.515,5074.0,4.51,0.85,287.658473,35.4957,12.789,331.852,CANDIDATE
5243.01,322504451,PC,1.6087939,1.966,8160.0,16.2542,1673.0,1301.71,5995.0,3.96,1.81,309.333017,48.04051,12.5949,764.006,CANDIDATE
5244.01,352151292,PC,5.0821798,4.249,4930.0,10.6708,1374.0,592.328,5929.0,4.1,1.53,305.263323,52.910316,12.8105,766.439,CANDIDATE
5245.01,123041007,APC,0.4305826,0.435,15510.0,12.4063,986.0,156.925,3861.0,4.58,0.69,279.057886,42.519276,14.5795,,CANDIDATE
5246.01,295807723,FP,0.6972223,1.095,6460.0,14.5958,2086.0,3144.23,6556.0,4.09,1.74,304.045452,48.876297,13.4161,1095.81,FALSE POSITIVE
5247.01,289307883,PC,12.9177538,1.8,11460.0,15.194,601.0,21.7315,5606.0,4.21,1.3,314.8042,23.733206,12.4228,497.041,CANDIDATE
5248.01,256154857,APC,0.701239,1.05,13700.0,10.9462,1599.0,1087.15,5126.0,4.51,0.85,300.045751,21.740611,13.4319,423.737,CANDIDATE
5249.01,185598695,PC,4.6285493,2.844,15300.0,12.8401,1159.0,300.005,6007.0,4.44,1.06,302.183898,42.496338,13.4752,668.429,CANDIDATE
525.01,71512186,PC,14.8608019,6.1932625,556.6027212,4.4404093,1002.8611977,239.0475595,7064.0,4.22374,1.62231,90.169954,-8.468341,8.7784,152.042,CANDIDATE
5250.01,278105308,PC,5.4463931,2.222,8350.0,20.2415,1092.0,236.789,6815.0,3.92,2.19,302.751801,23.34472,11.7781,782.324,CANDIDATE
5251.01,436007113,PC,2.3205922,2.393,8900.0,14.7239,1704.0,1400.15,6756.0,4.24,1.51,305.803809,29.872672,12.2492,668.834,CANDIDATE
5252.01,395385033,PC,8.5394045,5.884,6460.0,13.4388,1359.0,566.287,6369.0,4.08,1.7,302.499233,23.40978,12.899,913.714,CANDIDATE
5253.01,284660935,APC,1.1110609,1.155,4060.0,12.9236,2057.0,2976.45,5500.1,4.4,1.02,179.211893,58.405356,13.286,582.471,CANDIDATE
5254.01,126225595,PC,4.4836616,3.542,3420.0,13.9078,1279.0,445.248,5646.0,3.69,2.35,315.261844,26.591654,11.7137,613.744,CANDIDATE
5255.01,158325942,PC,2.612273,3.005,7680.0,12.9095,1562.0,989.904,5874.0,4.14,1.45,287.007826,45.396659,12.6023,678.578,CANDIDATE
5256.01,356146869,PC,21.1968768,4.228,6630.0,6.85964,552.0,15.5174,4934.0,4.5,0.84,266.336079,52.475176,13.089,352.109,CANDIDATE
5257.01,185226925,FP,3.1979646,5.69,2060.0,12.9757,2096.0,3205.65,5990.0,3.54,2.93,301.240411,46.707217,12.1624,1021.21,FALSE POSITIVE
5258.01,147895461,FP,0.5919629,1.0,2450.0,9.90447,2111.0,3301.1,6337.0,4.0,1.85,163.757949,67.043652,12.4322,908.659,FALSE POSITIVE
5259.01,375419034,PC,3.0321361,2.078,13790.0,12.5315,1248.0,403.028,6071.0,4.44,1.06,294.065225,21.794676,13.0157,487.68,CANDIDATE
526.01,200593988,FP,7.699087,4.380607,8072.469566,6.21451,438.2935835,8.7213046,3617.0,4.81052,0.45,85.335762,11.194448,12.3069,70.9325,FALSE POSITIVE
5260.01,326347927,FP,7.2617331,6.258,1310.0,3.97249,1165.0,306.111,4780.0,4.25,1.09,303.964054,21.899468,11.9625,256.473,FALSE POSITIVE
5261.01,402828941,PC,4.1509756,2.029,9780.0,10.8804,990.0,159.592,5686.0,4.41,1.04,305.458545,19.435847,12.1444,377.054,CANDIDATE
5262.01,274122380,FP,2.873138,2.908,1240.0,3.97027,1548.0,953.868,5856.0,4.37,1.11,298.455751,42.967308,11.8225,355.201,FALSE POSITIVE
5263.01,275527293,PC,3.1501356,2.201,16270.0,20.3727,1211.0,357.357,5950.0,4.09,1.56,304.702586,41.970517,13.1549,836.02,CANDIDATE
5264.01,435719275,PC,4.4274169,5.435,10600.0,19.9341,1861.0,1995.4,6812.0,4.04,1.92,297.552063,27.481047,11.9275,673.959,CANDIDATE
5265.01,219847787,PC,11.5914514,1.968,832.0,3.16826,649.0,29.4907,5896.0,4.4,1.08,255.603468,69.109664,11.456,301.885,CANDIDATE
5266.01,312899686,FP,4.4138638,2.387,11300.0,18.0459,1437.0,709.493,6006.0,4.46,1.03,308.105327,35.873629,12.7821,519.694,FALSE POSITIVE
5267.01,153971295,PC,13.7036806,4.766,1020.0,2.8229,872.0,96.0669,5546.0,4.55,0.87,202.071927,70.416036,11.9139,273.233,CANDIDATE
5268.01,202468443,FP,2.0685871,0.598,38060.0,12.5176,438.0,6.13725,3162.0,4.92,0.31,229.00618,62.718259,14.5982,97.0798,FALSE POSITIVE
5269.01,359321688,PC,2.7340756,1.994,1700.0,9.45026,1903.0,2179.86,8524.0,4.06,2.25,291.219573,22.12466,11.4416,656.146,CANDIDATE
527.01,148228019,APC,18.0892103,2.5607235,5526.7158766,22.2024283,984.1503966,221.7006105,7403.0,4.13809,1.8368599,101.188744,-36.657354,8.2488,163.677,CANDIDATE
5270.01,424112727,PC,1.0513177,2.562,5720.0,16.1359,2978.0,13073.2,7529.0,3.98,2.22,300.066897,22.162093,12.7655,1229.65,CANDIDATE
5271.01,296461391,PC,4.3108587,3.486,1020.0,4.50948,,836.11,6358.0,,1.41,306.984801,48.318598,10.7988,295.41,CANDIDATE
5272.01,278668358,PC,5.0135727,4.396,3520.0,9.19425,1398.0,635.189,5930.0,4.08,1.56,307.952689,48.232153,12.4603,612.204,CANDIDATE
5273.01,172871230,FP,3.4100261,2.233,5200.0,7.9526,1251.0,406.598,6109.0,4.43,1.08,299.878862,41.742074,12.2794,437.517,FALSE POSITIVE
5274.01,356682805,PC,6.1313492,2.447,3730.0,4.7793,698.0,39.468,4310.0,4.5,0.76,174.64475,72.265344,13.1293,245.857,CANDIDATE
5275.01,219466803,FP,12.5951009,0.876,4280.0,8.14346,366.0,2.98815,5251.0,4.32,1.09,209.896071,74.073261,12.9179,486.898,FALSE POSITIVE
5276.01,282935857,APC,2.3612205,2.303,2410.0,13.5272,1515.0,875.429,5766.0,3.59,2.7,313.175021,25.502871,11.7163,749.716,CANDIDATE
5277.01,276381737,PC,15.9929608,3.747,7870.0,13.4988,753.0,53.3959,6132.0,4.13,1.54,308.119189,58.095462,13.233,876.326,CANDIDATE
5278.01,264301607,PC,0.435435,1.0529945,104138.5602976,17.9748711,1016.912095,252.7287521,3349.0,4.84,0.383284,295.80865,66.571374,14.9343,166.421,CANDIDATE
5279.01,7681574,PC,16.0104634,2.151,7450.0,8.86029,541.0,14.2918,5733.4,4.42,1.03,273.240396,47.336205,12.485,440.9,CANDIDATE
528.01,403693875,FP,3.5248693,3.1475424,24987.7992456,9.045877,688.5833009,53.1308724,3965.0,4.68568,0.613,105.006164,11.043248,13.3675,192.351,FALSE POSITIVE
5280.01,194679333,PC,9.0165933,2.886,2650.0,9.81811,967.0,145.183,6543.2,4.02,1.88,312.860751,38.329749,11.1568,537.068,CANDIDATE
5281.01,405932063,PC,5.5047275,4.025,7530.0,12.7051,1282.0,448.634,5865.0,4.13,1.47,301.464969,51.856929,13.1569,875.436,CANDIDATE
5282.01,329346586,PC,1.392516,1.209,4390.0,9.7757,1467.0,769.854,6082.0,4.17,1.45,269.831796,49.54974,13.1137,892.373,CANDIDATE
5283.01,399956873,FP,6.949428,2.725,3050.0,9.02158,1058.0,208.013,6817.0,4.18,1.61,287.537943,52.288047,11.7513,624.699,FALSE POSITIVE
5284.01,171312653,PC,2.0327015,2.019,13040.0,21.5462,1638.0,1195.69,6555.0,4.03,1.86,298.748378,36.162883,13.4842,1430.26,CANDIDATE
5285.01,250330564,PC,4.3852176,2.188,18080.0,10.2627,705.0,41.2399,4076.0,4.49,0.76,340.969106,-1.83855,12.9354,187.506,CANDIDATE
5286.01,301035553,PC,3.2988824,2.352,11160.0,9.7209,1212.0,358.69,5735.0,4.54,0.9,3.035148,-4.612959,13.1789,533.065,CANDIDATE
5287.01,909930,APC,4.1976789,3.829,6960.0,14.6667,1439.0,713.476,6058.0,4.02,1.71,328.038687,-8.419663,10.7217,357.584,CANDIDATE
5288.01,857186,PC,3.8123614,2.565,18330.0,11.0835,955.0,138.253,4780.0,4.5,0.82,327.719173,-8.635946,12.2037,215.501,CANDIDATE
5289.01,176279915,PC,3.4411264,2.669,2660.0,4.89568,1197.0,341.303,5244.0,4.44,0.94,0.760104,-7.786416,11.8884,258.455,CANDIDATE
529.01,438490744,FP,1.665878,4.956738,85643.986097,6.98229,463.5504123,10.9121139,3021.0,5.10725,0.172,100.255965,16.588795,14.1396,63.0507,FALSE POSITIVE
5290.01,224217761,PC,2.5688104,2.198,9670.0,,,,,,,343.323535,-0.168347,13.491,,CANDIDATE
5291.01,250983039,PC,2.3007511,1.35,2390.0,6.24136,1115.0,256.685,5603.0,4.27,1.21,338.733227,-11.363238,10.8921,236.736,CANDIDATE
5292.01,33397739,PC,2.0231137,1.133,44030.0,13.4378,680.0,35.677,3767.0,4.66,0.59,344.222363,-8.119747,14.8951,337.095,CANDIDATE
5293.01,250111245,CP,2.9304371,1.73,50830.0,11.8933,662.0,31.8905,3692.0,4.77,0.5,355.828682,-2.045095,13.9766,162.229,CONFIRMED
5294.01,422486295,PC,5.6707432,2.294,7770.0,,,97.4725,5462.7,,,351.467705,4.454898,11.861,269.595,CANDIDATE
5295.01,4619242,APC,4.3023572,1.579,30080.0,10.2749,508.0,11.1055,3504.0,4.67,0.58,349.288896,-9.435693,13.0176,140.9938,CANDIDATE
5296.01,241102583,FP,1.7386091,1.691,18980.0,10.8015,1279.0,444.5,5362.8,4.65,0.75,328.978312,-0.937407,12.4323,271.346,FALSE POSITIVE
5297.01,422423972,PC,3.3014986,2.106,5640.0,11.7342,1265.0,426.381,6311.9,4.16,1.53,339.802206,1.688259,12.2411,670.528,CANDIDATE
5298.01,313835568,PC,2.6831464,1.952,14010.0,12.7073,1121.0,262.791,5348.0,4.38,1.03,331.051478,-2.397099,13.4476,553.486,CANDIDATE
5299.01,407997410,PC,2.5792489,0.528,7090.0,19.2523,764.0,56.7896,5452.0,4.34,1.09,359.71347,-4.961134,12.3913,407.758,CANDIDATE
530.01,387690507,CP,6.3875739,2.5660579,23994.2960408,8.6121163,495.6126203,14.2590446,3688.0,4.78199,0.544769,103.412833,12.881578,13.5287,148.762,CONFIRMED
5300.01,267215820,PC,2.2623535,1.958,24470.0,11.9692,944.0,131.906,4219.0,4.53,0.73,356.481137,0.458798,12.4559,162.51,CANDIDATE
5301.01,58825110,CP,5.8588751,3.581,2690.0,12.1366,1268.0,429.794,6418.0,3.82,2.31,12.990801,13.078371,11.1893,629.161,CONFIRMED
5302.01,337025682,PC,4.2417694,1.832,18430.0,11.5903,799.0,67.8153,4794.0,4.51,0.81,32.249191,8.057199,13.0557,313.459,CANDIDATE
5303.01,58798731,PC,9.809558,1.924,7631.0,12.8969,750.0,52.7617,6480.0,4.27,1.39,9.607237,17.19279,13.101,955.654,CANDIDATE
5304.01,293407882,PC,3.7079439,2.259,7740.0,8.08217,1051.0,203.091,5265.0,4.5,0.89,12.072754,6.918223,13.3526,472.687,CANDIDATE
5305.01,408743161,PC,4.4632038,3.659,7210.0,11.6079,1346.0,545.343,5921.4,4.2,1.37,36.581794,15.890418,12.5679,566.267,CANDIDATE
5306.01,387401076,PC,5.3331348,2.805,5670.0,10.0196,1051.0,203.229,5807.7,,1.31,41.507272,6.461628,12.985,655.851,CANDIDATE
5307.01,369477998,APC,5.2976347,1.711,3920.0,4.00604,583.0,19.2351,4031.0,4.65,0.62,15.886532,9.913917,12.1314,105.824,CANDIDATE
5308.01,422653398,FP,8.34034,3.176,7360.0,16.0764,1055.0,206.357,5444.3,3.89,1.67,29.00124,0.179786,11.0208,360.412,FALSE POSITIVE
5309.01,52052461,PC,6.4666483,3.284,6916.0,8.02442,1000.0,166.169,5441.0,4.41,1.01,4.463744,14.498767,13.0427,500.708,CANDIDATE
531.01,302895996,FP,0.567995,1.408867,5208.552517,2.671369,940.7110382,185.0742346,3462.0,4.88307,0.368,83.11641,15.555883,13.8097,167.3049,FALSE POSITIVE
5310.01,306204904,PC,11.2036244,3.039,5580.0,6.17248,583.0,19.2497,4329.8,4.45,0.81,30.183054,20.023188,12.4887,188.541,CANDIDATE
5311.01,306401382,PC,39.0536929,2.239,32970.0,13.5254,225.0,0.431293,3793.0,4.57,0.7,32.333404,21.451856,13.6546,243.32,CANDIDATE
5312.01,399724238,PC,46.1965072,3.718,8460.0,8.33656,383.0,3.59287,5397.7,4.5,0.91,21.075658,4.531542,12.3207,321.637,CANDIDATE
5313.01,347469901,PC,3.2571037,2.5,15420.0,13.21,1172.0,313.937,5442.9,4.38,1.04,28.721577,8.857654,13.4367,596.925,CANDIDATE
5314.01,302202317,PC,2.5351022,2.251,13917.0,12.5634,1427.0,688.571,6143.0,4.46,1.05,9.33988,13.859072,13.0707,641.876,CANDIDATE
5315.01,126982221,PC,2.4704071,0.948,41450.0,17.1677,546.0,14.841,3333.0,4.8,0.43,24.299742,16.018723,14.5597,,CANDIDATE
5316.01,309439436,PC,0.9997277,1.574,4890.0,10.9188,1887.0,2105.63,5849.8,4.05,1.61,91.802333,35.958044,13.0211,793.998,CANDIDATE
5317.01,408824640,PC,8.662046,3.278,7070.0,11.1852,920.0,119.291,5981.3,4.24,1.31,39.065002,13.504228,12.5035,578.773,CANDIDATE
5318.01,435871546,PC,4.9583217,5.223,5121.0,16.3815,1509.0,862.417,5801.0,3.64,2.55,12.518892,18.985772,12.1357,916.994,CANDIDATE
5319.01,246965431,CP,4.0785273,1.561,4530.0,3.74681,695.0,38.7885,3580.0,4.77,0.48,35.213556,23.520441,12.0828,61.171,CONFIRMED
532.01,144700903,CP,2.32664,1.6497284,7844.7831198,5.5911206,779.1471354,87.0961414,3946.0,4.69039,0.623609,85.080054,11.562637,12.6785,135.047,CONFIRMED
5320.01,257562160,APC,0.3852177,0.319,1260.0,5.99543,1268.0,429.583,5313.9,4.19,1.27,22.644064,17.254698,11.422,275.255,CANDIDATE
5321.01,243153196,FP,10.1391591,2.662,6450.0,16.5118,858.0,90.2977,6584.3,3.96,2.04,15.685485,20.050424,10.7304,483.421,FALSE POSITIVE
5322.01,336691874,PC,5.4233428,4.975,13384.0,16.7305,1354.0,558.524,5790.0,4.15,1.43,6.529337,14.336428,12.0075,476.899,CANDIDATE
5323.01,272146465,APC,5.8049376,4.055,7130.0,20.5615,1242.0,395.882,5978.2,3.73,2.38,9.206607,2.130744,12.2431,967.25,CANDIDATE
5324.01,408643099,PC,5.0269053,2.676,18460.0,10.4869,842.0,83.5964,4738.0,4.57,0.75,35.91117,15.482955,13.1886,281.555,CANDIDATE
5325.01,270406298,PC,15.057596,1.385,5380.0,7.19514,475.0,8.48258,5948.0,4.54,0.92,32.912647,4.192318,12.0261,339.049,CANDIDATE
5326.01,257922326,PC,3.133469,2.26,3000.0,9.11145,,615.127,6312.9,,1.61,26.45366,10.253401,11.7624,455.36,CANDIDATE
5327.01,303502327,PC,4.6671176,2.378,14940.0,11.4089,937.0,128.159,5377.0,4.48,0.91,51.029236,12.435963,12.6345,235.121,CANDIDATE
5328.01,58372253,PC,5.4886518,6.921,4580.0,17.6429,1714.0,1434.4,6119.8,3.69,2.54,65.293362,27.16792,11.2303,410.855,CANDIDATE
5329.01,61145589,PC,3.7796053,0.695,4080.0,11.2162,732.0,47.7257,5892.0,4.3,1.21,56.654523,22.872829,12.7692,572.23,CANDIDATE
533.01,309791156,PC,19.5715862,4.1467964,1677.0138379,3.6067731,540.2741317,20.1362084,4666.1,4.23,0.88568,80.054863,-62.646186,10.9621,123.391,CANDIDATE
5330.01,436843539,PC,4.6303272,3.94,9270.0,13.0324,1549.0,958.026,6701.0,4.31,1.38,40.451187,24.102318,12.4333,667.058,CANDIDATE
5331.01,387544178,PC,22.7545332,3.262,14960.0,11.7908,526.0,12.7448,5580.0,4.5,0.93,44.245077,7.859332,12.4433,322.87,CANDIDATE
5332.01,387515920,PC,3.9544873,1.716,4630.0,9.29453,1042.0,195.804,6002.5,4.22,1.35,43.248217,8.854979,12.6345,609.385,CANDIDATE
5333.01,96948338,PC,11.4420309,5.092,2290.0,4.14274,841.0,83.2925,4932.0,4.47,0.87,74.457947,31.318666,11.992,208.746,CANDIDATE
5334.01,247409676,PC,3.6136326,3.31,7280.0,12.3259,1419.0,674.791,5957.5,4.18,1.41,42.176259,20.809427,12.3857,536.758,CANDIDATE
5335.01,381360750,PC,3.6139919,2.008,1780.0,4.08922,1048.0,200.83,5427.0,4.49,0.92,46.952373,15.359083,12.5223,331.289,CANDIDATE
5336.01,430099722,PC,4.0153167,3.825,12560.0,16.8231,1470.0,776.308,6093.9,4.16,1.48,96.234561,23.657844,12.8019,778.572,CANDIDATE
5337.01,27294830,PC,0.7135221,0.514,4660.0,10.5169,1074.0,221.115,4626.0,4.24,1.08,77.556092,19.640084,12.8997,296.179,CANDIDATE
5338.01,467615239,PC,2.6429687,2.184,17800.0,13.9715,1201.0,346.2,5439.0,4.41,1.01,78.172728,22.505924,13.1504,430.82,CANDIDATE
5339.01,101348333,PC,15.1873222,3.535,8710.0,8.96869,715.0,43.4731,5938.0,4.49,0.98,49.173462,30.74703,11.375,225.157,CANDIDATE
5340.01,14156936,PC,4.9393117,4.696,6420.0,13.6199,1529.0,908.364,6287.2,4.07,1.69,59.309482,22.378337,11.7085,532.629,CANDIDATE
5341.01,90669930,PC,20.6875239,2.57,22490.0,11.6872,403.0,4.38918,4660.7,4.56,0.75,53.494348,32.118772,13.3053,273.76,CANDIDATE
5342.01,356990855,PC,0.5894678,0.631,1020.0,8.96055,1619.0,1143.23,5946.0,3.72,2.39,76.431732,29.725539,11.4217,534.078,CANDIDATE
5343.01,34980970,PC,12.836391,3.366,1310.0,2.49822,700.0,39.9592,5156.0,4.7,0.69,48.026043,24.533561,11.1828,120.861,CANDIDATE
5344.01,16005254,CP,3.7927572,1.47,24440.0,9.66312,536.0,13.7486,3575.0,4.67,0.58,63.266216,20.915157,13.2239,138.367,CONFIRMED
5345.01,96165095,PC,1.1062164,1.728,660.0,3.45691,1565.0,996.39,4816.0,4.03,1.41,72.60148,33.014025,11.0543,207.17,CANDIDATE
5346.01,26018819,PC,3.9783327,2.643,10890.0,12.3611,1297.0,470.153,6441.1,4.41,1.18,52.523054,20.807824,13.4348,839.92,CANDIDATE
5347.01,21119973,PC,1.7109175,1.625,9710.0,7.44992,1182.0,324.161,4686.8,,0.72,36.136874,24.101546,13.032,,CANDIDATE
5348.01,366527844,PC,3.089007,2.0583149,8845.8866717,15.8046856,1658.242891,1786.9548445,6622.0,4.23,1.49278,76.478371,32.72313,12.4069,631.337,CANDIDATE
5349.01,26054627,PC,3.3176675,1.796,25010.0,9.42671,650.0,29.6839,3640.0,4.66,0.59,52.71257,20.879628,13.8117,188.336,CANDIDATE
5350.01,68808155,PC,7.5811005,4.457,9830.0,11.5863,1180.0,321.879,6257.6,4.41,1.14,74.402302,21.601976,11.1846,277.419,CANDIDATE
5351.01,27476314,PC,2.8817237,1.596,7280.0,14.306,1169.0,310.304,6182.0,4.08,1.64,78.372399,18.259576,12.8807,796.298,CANDIDATE
5352.01,69995219,PC,2.0389145,1.42,3560.0,8.65136,1512.0,868.398,6396.0,4.28,1.36,78.039675,28.546876,12.6022,508.519,CANDIDATE
5353.01,113919944,FP,1.2297408,1.234,4020.0,9.99875,1580.0,1036.94,6186.6,4.19,1.45,54.165272,19.565919,12.55,647.462,FALSE POSITIVE
5354.01,34781378,PC,4.7949288,3.898,7220.0,12.1728,1309.0,487.852,5850.0,4.17,1.41,46.330681,28.185824,12.0664,461.002,CANDIDATE
5355.01,96170689,PC,9.6125545,4.242,3470.0,9.05686,998.0,165.055,5825.7,4.1,1.51,72.789609,34.627726,12.0647,397.84,CANDIDATE
5356.01,467684543,PC,3.1948695,3.786,4600.0,13.3231,1812.0,1793.16,6577.4,3.97,2.0,60.964678,31.775965,12.5434,933.117,CANDIDATE
5357.01,150006846,PC,9.6995203,3.998,12590.0,11.9608,870.0,95.3586,5504.0,4.38,1.06,69.841243,27.288032,12.669,343.58,CANDIDATE
5358.01,46631742,PC,2.6599132,2.163707,1258.8468444,3.4087339,994.79316,231.4473239,4636.3,4.5,0.802524,54.183897,28.550269,11.5278,138.708,CANDIDATE
5359.01,90767677,PC,1.6817287,0.491,15870.0,9.28931,436.0,6.00664,3174.0,4.76,0.47,54.066052,30.20593,14.8143,175.567,CANDIDATE
5360.01,427578289,APC,4.0107869,0.829,8290.0,24.4253,913.0,115.574,6175.1,4.23,1.38,54.910139,28.98062,13.3701,895.565,CANDIDATE
5361.01,366602797,FP,1.3574339,2.315,3380.0,8.22797,2143.0,3506.27,6332.0,4.25,1.4,76.575162,31.273775,13.0581,703.628,FALSE POSITIVE
5362.01,308522539,PC,13.7279713,3.039,5210.0,11.6412,775.0,59.8936,6416.5,4.16,1.57,75.369103,28.816605,13.357,905.181,CANDIDATE
5363.01,426448042,PC,6.7504762,3.105,11900.0,9.83914,904.0,111.352,5318.7,4.5,0.89,40.201941,18.821761,13.462,493.144,CANDIDATE
5364.01,366754985,PC,1.4466879,0.952,690.0,12.418,1379.0,600.438,6332.0,3.27,4.28,77.00647,31.898377,10.8227,645.231,CANDIDATE
5365.01,21132157,PC,4.0069668,5.848,780.0,7.39456,1996.0,2636.63,6080.3,3.61,2.76,36.519788,26.091793,11.0418,651.291,CANDIDATE
5366.01,45034406,PC,1.5328484,2.227,2970.0,9.08045,2193.0,3844.96,6943.0,4.17,1.67,91.789601,23.131649,12.4595,866.009,CANDIDATE
5367.01,81178747,PC,1.6649585,1.5790965,8938.5425954,10.3733412,1640.8659455,1713.2210773,6155.0,4.46,1.05799,91.796289,27.622043,12.9139,571.89,CANDIDATE
5368.01,56457123,PC,3.612762,2.8,7510.0,14.0647,1755.0,1578.1,7976.9,4.31,1.6,62.893626,28.17861,12.8879,748.464,CANDIDATE
5369.01,113804153,PC,4.2460352,4.4619131,7633.4520662,14.2200993,1419.6169652,959.8552062,5905.5,4.08,1.55863,47.381894,20.578164,13.1765,821.427,CANDIDATE
5370.01,400381085,PC,3.7539574,2.544,9040.0,14.5318,1296.0,469.124,6350.0,4.19,1.5,91.747143,30.18939,12.4064,621.805,CANDIDATE
5371.01,17457400,PC,1.27615,0.992,14740.0,14.5092,1063.0,212.433,4671.0,4.28,1.03,66.80026,20.774863,13.3689,324.08,CANDIDATE
5372.01,371470493,PC,11.6270831,2.383,3550.0,10.1847,769.0,58.1485,5776.1,4.05,1.6,43.572773,23.199186,11.8941,459.882,CANDIDATE
5375.01,71268730,PC,1.7215575,1.7411525,31815.406006,11.4801145,877.7434298,140.2785768,3865.0,4.62323,0.633426,113.784894,71.400673,12.456,121.333,CANDIDATE
5376.01,219113246,APC,2.9859596,1.671,1900.0,13.2487,1236.0,388.241,6417.0,3.6338,2.87,271.759525,70.472763,10.8175,685.736,CANDIDATE
5377.01,467153319,PC,4.4626933,3.643,300.0,2.68559,,1155.12,6803.0,,1.62,131.135061,59.406708,9.3672,214.278,CANDIDATE
5378.01,321069529,PC,5.2841676,3.41,700.0,13.6017,1029.0,186.605,4626.0,,5.09,103.602033,38.646103,10.2275,492.608,CANDIDATE
5379.01,328325110,APC,12.7426508,3.633,10765.0,16.6789,1064.0,213.224,6385.0,4.21,1.47,112.424109,50.6838,9.59788,200.226,CANDIDATE
538.01,237751146,FP,1.669769,2.0105348,10665.55057,4.4985601,675.5508371,49.2213077,3411.0,4.90948,0.433512,104.33198,4.028698,14.1477,133.21,FALSE POSITIVE
5380.01,441587756,PC,3.7723119,2.893,470.0,3.13069,1479.0,796.305,6525.0,4.18,1.56,112.761149,73.128784,10.1684,286.781,CANDIDATE
5381.01,241174783,FP,4.0802864,1.4789165,516.622925,6.300967,2062.9509379,4280.3235612,6802.3,3.75,2.68185,116.368498,44.129824,9.54224,390.33,FALSE POSITIVE
5382.01,356472238,PC,14.5416243,4.356,711.0,4.35314,1015.0,176.698,6277.0,4.06,1.72,116.954491,48.114999,9.46981,215.238,CANDIDATE
5383.01,166053959,PC,2.8114961,3.35,90.0,1.39962,1943.0,2368.07,6768.0,4.26201,1.47,212.720875,62.522196,7.90653,102.134,CANDIDATE
5385.01,85266608,PC,5.1665549,5.9764524,4175.9093299,14.3194419,1589.3956027,1508.1655987,6238.0,3.88506,2.0792,160.630713,28.198626,10.8583,483.675,CANDIDATE
5386.01,202425357,PC,3.6215615,1.867,10280.0,15.1893,1202.0,346.581,5920.2,4.17,1.43,226.106919,60.536232,11.3502,394.486,CANDIDATE
5387.01,166086403,PC,2.8037514,2.771,70.0,1.27317,1980.0,2552.75,7531.0,4.31266,1.52,214.44542,62.758386,8.19888,140.907,CANDIDATE
5388.01,407591297,CP,2.594675,0.313,1070.0,1.89426,375.0,3.30231,3495.0,4.91164,0.31,152.176517,35.547557,10.5737,18.5226,CONFIRMED
5389.01,39143128,PC,10.4014008,2.3998128,43141.3479042,8.8111557,382.7938065,5.0743522,3526.0,4.80713,0.421428,168.80167,39.35892,14.8017,190.568,CANDIDATE
539.01,238004786,PC,0.3096062,1.0298929,257.7064685,1.5526965,2138.4737213,4942.3861378,4836.0,4.44968,0.813125,102.568389,-53.005503,10.5958,108.368,CANDIDATE
5390.01,8853478,PC,15.0619708,3.2914107,2775.349458,4.687483,661.4248635,45.2317163,5441.34,4.51596,0.890607,142.444304,30.062908,10.9762,176.69,CANDIDATE
5391.01,298600443,APC,13.6421377,3.522,413.0,1.77499,834.0,80.3771,5961.0,4.46,1.02,272.060717,53.365566,10.2521,170.451,CANDIDATE
5392.01,198512478,PC,17.5313321,4.334,306.0,1.66838,1296.0,468.87,5464.0,4.51,0.9,212.621349,72.589757,8.1319,48.793,CANDIDATE
5393.01,313425396,PC,30.0017176,6.737,210.0,1.82693,765.0,57.0124,6194.0,4.32,1.25,198.137149,77.839038,8.59702,102.774,CANDIDATE
5394.01,61109252,APC,15.1935123,2.582,5720.0,9.68144,844.0,84.3696,5977.0,4.42,1.07,154.574508,17.396435,8.0152,64.2806,CANDIDATE
5395.01,298070500,PC,6.5811814,2.982,267.0,1.80641,1104.0,247.2,6269.0,4.39,1.17,197.058444,81.445787,9.74007,165.951,CANDIDATE
5396.01,202428245,FP,32.1400505,2.809,883.0,22.7389,689.0,37.4567,5019.0,,3.37,227.191112,62.959153,9.3373,265.035,FALSE POSITIVE
5397.01,18019350,PC,9.6477019,3.003,670.0,2.57133,827.0,77.7367,5621.7,4.48,0.95,172.014117,39.672647,10.1174,133.778,CANDIDATE
5398.01,8260536,CP,10.590923,4.105,10290.0,11.1189,919.0,118.413,6017.1,4.44,1.05,161.879557,36.329434,9.58055,130.855,CONFIRMED
5398.02,8260536,CP,4.7728997,2.906,920.0,3.30213,1222.0,370.603,6017.1,4.44,1.05,161.879557,36.329434,9.58055,130.855,CONFIRMED
5399.01,284688043,PC,4.0625969,3.952,320.0,3.70815,1765.0,1611.69,6629.0,3.94,2.09,292.982939,28.651865,9.8008,320.903,CANDIDATE
540.01,200322593,CP,1.2391534,0.4887749,2318.6594409,0.9654706,550.2321395,21.6623126,3042.0,4.438,0.197117,76.309695,-47.937539,11.5045,14.0022,CONFIRMED
5400.01,332564140,PC,19.8067259,4.5,2060.0,4.46533,698.0,39.4243,5513.0,4.34,0.95,136.892919,-14.339867,10.9815,202.211,CANDIDATE
5401.01,397058826,PC,6.8291029,9.8781473,815.4832965,12.9127343,2798.2279931,14489.4996714,9333.0,3.53807,4.3379302,189.518268,3.282395,6.33044,212.02,CANDIDATE
5402.01,29781207,PC,3.3174026,3.021272,462.3783567,1.4488457,809.9057589,101.6854816,4363.0,4.60832,0.677839,65.107799,-68.360571,12.3768,156.801,CANDIDATE
5403.01,438519486,PC,12.8355591,1.805,12450.0,11.2388,491.0,9.72374,5311.7,4.45,0.95,100.654583,15.657379,12.5648,358.712,CANDIDATE
5404.01,56798909,PC,2.177475,2.454,4450.0,4.05014,1143.0,284.168,4027.0,4.67,0.57,101.360836,22.290364,13.2476,157.413,CANDIDATE
5405.01,172353721,PC,9.0711977,4.183,10360.0,10.7594,956.0,139.161,5649.0,4.38,1.06,98.693733,32.808268,13.424,644.909,CANDIDATE
5406.01,127226712,PC,0.8045139,1.259,3750.0,10.209,2300.0,4653.02,7110.0,4.24,1.59,84.966565,12.257882,13.1891,1125.7,CANDIDATE
5407.01,372424377,PC,5.4683192,3.251,10640.0,13.9823,1264.0,425.087,6606.6,4.31,1.36,101.345243,17.310557,12.8161,867.107,CANDIDATE
5408.01,430093142,PC,0.9598377,1.429,2270.0,17.4316,2403.0,5539.92,7575.0,3.64,3.31,96.31948,20.535854,12.8456,2162.6,CANDIDATE
5409.01,115628210,APC,0.594385,0.573,2280.0,7.44558,1542.0,939.24,6078.0,4.27,1.3,83.983008,31.768279,13.0709,675.216,CANDIDATE
541.01,143271144,APC,1.3534084,1.8466332,18071.0821704,18.1129716,1618.3040205,1620.9195266,4978.0,4.438,1.16766,90.727491,-30.832906,14.7117,1105.38,CANDIDATE
5410.01,76882795,PC,4.1059353,3.031,11400.0,13.555,1313.0,494.014,6140.3,4.31,1.25,87.718761,28.819847,13.2148,711.856,CANDIDATE
5411.01,76032342,PC,3.0604071,3.175,12460.0,18.6847,1660.0,1261.17,6623.0,4.14,1.67,86.068595,28.791551,13.176,1030.07,CANDIDATE
5412.01,386197662,PC,0.3828485,0.493,960.0,13.7767,3056.0,14493.6,6419.6,4.1,1.68,104.134699,13.429193,10.8006,403.133,CANDIDATE
5413.01,269838674,PC,12.612483,3.406,1510.0,5.43397,805.0,69.7878,5981.0,4.22,1.34,90.053026,22.340224,10.883,292.347,CANDIDATE
5414.01,371164829,PC,10.7833596,3.957,26560.0,15.4312,678.0,35.1978,3892.0,4.57,0.7,109.367805,31.481846,14.3554,357.23,CANDIDATE
5415.01,52517713,PC,2.9858191,2.966,9730.0,17.8139,1850.0,1945.7,7497.0,4.16,1.81,84.164148,14.914516,13.2792,1213.74,CANDIDATE
5416.01,87405719,PC,13.0086903,3.7378335,20626.9583179,10.9890553,410.0052556,6.6784964,3799.0,4.72,0.520262,103.010116,25.2013,12.9331,117.782,CANDIDATE
5417.01,79316101,PC,2.8675385,2.88,14570.0,14.6783,1520.0,888.042,6219.5,4.37,1.18,90.084691,26.353234,12.7225,595.812,CANDIDATE
5418.01,115564354,FP,1.6421819,2.459,1100.0,2.54445,1801.0,1746.99,5627.0,4.64,0.79,84.006338,32.316823,11.6985,205.719,FALSE POSITIVE
5419.01,68443254,PC,4.8002161,2.439,10620.0,15.2174,1192.0,336.117,6498.4,4.26,1.41,103.102009,33.648806,13.3683,1088.28,CANDIDATE
542.01,49771092,PC,1.6318282,1.2668494,14067.4193794,11.5558043,1359.3620865,806.9778488,5084.0,4.48093,0.942522,96.066232,-28.1347,14.8067,939.127,CANDIDATE
5420.01,195155818,PC,6.0614403,3.601,4760.0,10.0397,1276.0,440.51,6507.7,4.25,1.43,100.424632,21.056692,12.9624,946.417,CANDIDATE
5421.01,47132480,PC,6.5552932,3.016,4730.0,19.1366,1542.0,938.617,7787.0,3.86,2.64,97.621169,19.861789,11.7692,1198.93,CANDIDATE
5422.01,80611440,PC,5.3767997,4.7792512,4420.7451206,10.5654196,1277.232515,628.9279068,5663.5,4.05,1.57294,86.843617,25.626034,11.2391,346.141,CANDIDATE
5423.01,47319867,PC,5.7188414,2.2172849,3214.065952,4.2762449,789.2154631,91.6860673,4964.8,4.59,0.76036,108.076091,20.751933,12.6165,261.785,CANDIDATE
5423.02,47319867,PC,3.3928027,2.2095141,2201.6366114,3.7170935,939.2446608,183.9229574,4964.8,4.59,0.76036,108.076091,20.751933,12.6165,261.785,CANDIDATE
5424.01,436099179,FP,0.8999342,1.606,1720.0,6.8761,2177.0,3729.32,6211.0,4.09,1.64,83.837234,12.115939,12.5284,740.068,FALSE POSITIVE
5425.01,429501231,APC,0.4553752,0.604,3490.0,7.9095,1911.0,2215.14,6439.0,4.49,1.07,90.431757,22.245686,12.8591,554.08,CANDIDATE
5426.01,127957099,APC,5.8095099,2.427,1750.0,5.0621,1244.0,398.441,6353.1,4.42,1.15,81.649605,31.633052,10.9753,283.552,CANDIDATE
5427.01,52420398,PC,5.2374183,3.741,11630.0,14.2208,1248.0,403.505,6042.1,4.28,1.27,83.968375,12.925947,11.659,363.385,CANDIDATE
5428.01,76545118,PC,3.0343155,1.664,3200.0,12.5732,,1230.19,8415.0,,2.16,87.204409,28.671337,11.9736,1066.66,CANDIDATE
5429.01,5800958,FP,4.2318085,2.558,1780.0,7.88895,1614.0,1128.72,8064.0,4.17,1.91,78.988494,22.074955,11.9696,809.167,FALSE POSITIVE
543.01,53593457,FP,0.530893,1.910177,33453.597195,3.747202,714.0192388,61.4271911,3085.0,5.0795,0.193,100.306094,-3.925831,15.0404,,FALSE POSITIVE
5430.01,46774573,PC,3.8635521,3.896,11350.0,15.1873,1683.0,1333.49,6797.0,4.3,1.42,97.005172,22.898603,13.2621,1031.52,CANDIDATE
5431.01,302895184,PC,4.788785,3.135,7600.0,16.3086,1309.0,487.83,6045.0,3.96,1.83,83.171954,14.957058,13.1207,811.056,CANDIDATE
5432.01,86898676,PC,2.9525486,2.694,5730.0,11.4188,1337.0,531.966,5612.0,4.09,1.48,98.595105,24.235555,11.444,373.957,CANDIDATE
5433.01,75697959,PC,4.1459886,2.604,26190.0,12.1704,763.0,56.2686,3981.0,4.56,0.71,85.62494,28.549845,14.9819,465.477,CANDIDATE
5434.01,307377219,FP,4.1629444,2.064,3670.0,11.633,1100.0,243.425,6005.0,3.94,1.88,98.83772,14.490329,12.4151,744.34,FALSE POSITIVE
5435.01,294309873,PC,1.2699324,1.596,1325.19922,7.56197,3155.0,16457.7,9649.0,4.35,1.74,92.998145,13.759123,12.1706,1052.12,CANDIDATE
5436.01,155369758,PC,11.9285531,2.283,20690.0,16.0753,578.0,18.6079,5447.3,4.34,1.09,103.100078,12.531671,13.3742,618.277,CANDIDATE
5437.01,6853696,PC,3.42015,3.801,11140.0,18.3061,1485.0,808.301,5708.0,3.96,1.76,81.642309,21.599165,13.4489,943.511,CANDIDATE
5438.01,367193060,PC,2.5842514,1.837,2360.0,7.50424,,424.656,5860.5,,1.51,104.456348,25.51535,11.5419,317.022,CANDIDATE
5439.01,247912728,PC,5.0775738,4.053,8620.0,18.5536,1693.0,1365.56,7648.8,4.09,2.0,88.005636,13.204319,13.3853,1810.17,CANDIDATE
544.01,50618703,CP,1.5483542,1.2030925,926.4111032,2.1601741,1004.0625199,240.1950345,4665.0,4.67631,0.663414,82.290072,-0.342898,9.6504,41.1166,CONFIRMED
5440.01,29374525,FP,3.813812,2.572,2310.0,3.44278,1016.0,177.52,4689.0,4.61,0.71,86.300794,18.461741,11.8338,151.894,FALSE POSITIVE
5441.01,91697121,PC,2.8633026,0.941,4710.0,11.4725,970.0,147.202,6642.2,4.26,1.45,88.59846,15.065604,13.3605,1128.92,CANDIDATE
5442.01,406684949,APC,12.7091678,1.746,4620.0,16.3709,829.0,78.6129,6145.0,4.31,1.25,143.435397,6.741368,12.1047,499.409,CANDIDATE
5443.01,400515645,PC,1.6757659,2.248,2580.0,7.62588,2098.0,3221.06,6960.9,4.25,1.53,92.873609,34.977082,12.8173,885.894,CANDIDATE
5444.01,367193046,APC,10.2780324,1.642,7350.0,11.8122,691.0,37.8777,6545.7,4.34,1.3,104.395856,25.498913,12.1258,589.655,CANDIDATE
5445.01,255735567,APC,6.3780197,1.226,7050.0,18.7767,810.0,71.6141,6540.2,3.96,2.03,107.425727,22.741533,11.8888,813.803,CANDIDATE
5446.01,84788795,PC,4.4977307,3.2573447,5324.061552,13.0442723,1472.5454489,1111.2092116,6544.0,4.2,1.5335,97.096548,25.834703,12.7601,872.619,CANDIDATE
5447.01,239722954,FP,1.4958429,1.534,2830.0,6.70553,1493.0,825.738,5666.0,4.24,1.27,86.45835,35.331499,13.1472,602.413,FALSE POSITIVE
5448.01,291016451,PC,3.214031,2.215,5730.0,6.77869,1143.0,284.023,5366.0,4.55,0.85,169.995604,8.350262,12.1629,277.019,CANDIDATE
5449.01,119130170,PC,2.5444539,3.709,5440.0,12.5904,1893.0,2136.19,6171.0,4.01,1.77,89.061905,21.332032,13.4597,1093.14,CANDIDATE
5450.01,6653897,FP,0.8857522,1.579,760.0,3.19978,2198.0,3880.86,6238.2,4.42,1.13,81.051235,20.590643,11.4541,317.566,FALSE POSITIVE
5451.01,69028091,PC,1.6822448,1.388,12090.0,12.3028,1239.0,379.254,5534.6,4.34,1.1,108.047768,30.104333,12.6819,463.462,CANDIDATE
5452.01,101569583,PC,0.9907914,1.5908957,4860.1048997,16.1327515,2594.395383,10706.9470002,6273.8,4.0,1.82635,107.907236,28.923941,12.6167,947.518,CANDIDATE
5453.01,58997701,PC,8.3762443,3.6856551,7670.6889364,10.1350877,986.8351657,224.1297312,6086.0,4.38,1.13925,104.987572,19.6155,13.1132,719.398,CANDIDATE
5454.01,26406123,PC,3.7196227,4.948,4280.0,13.3603,1656.0,1249.33,5623.0,3.81,2.07,107.429839,15.596234,13.2612,1141.59,CANDIDATE
5455.01,75171363,PC,4.267781,4.58,5120.0,12.0047,1542.0,939.48,5903.0,4.02,1.67,84.852114,28.62691,13.3462,826.112,CANDIDATE
5456.01,87044036,FP,1.0711292,2.213,2030.0,5.8474,2374.0,5277.35,6070.0,4.26,1.31,98.853985,24.835858,12.3128,555.611,FALSE POSITIVE
5457.01,456971986,PC,1.2452975,2.086,1410.0,6.31449,2222.0,4049.64,6580.3,4.13,1.66,100.615349,19.735175,11.7207,595.667,CANDIDATE
5458.01,367434266,PC,22.0632969,2.2329319,4597.497672,10.1729473,647.5341338,41.5500612,5762.0,4.44,1.0093499,104.926875,30.54239,10.6275,187.103,CANDIDATE
5459.01,1942969,PC,2.8078585,1.516,4820.0,14.8378,1267.0,428.439,6338.0,3.95,1.95,78.932278,34.092293,12.8255,921.369,CANDIDATE
5460.01,445990611,PC,6.2987919,4.909,3920.0,12.2385,1408.0,653.131,6265.0,3.89,2.07,106.38895,15.670447,12.8132,1195.12,CANDIDATE
5461.01,118963720,PC,7.4603194,2.516,3070.0,11.8373,911.0,114.587,6034.1,3.88,2.01,88.788121,18.335697,11.8517,620.87,CANDIDATE
5462.01,79971247,PC,3.5533716,1.856,1470.0,4.6477,1169.0,310.113,6280.9,4.36,1.21,91.098778,29.073274,10.86,285.501,CANDIDATE
5463.01,437786834,PC,1.100804,1.4856033,3509.2224564,10.0319087,2474.045674,8854.2514993,6810.0,4.19,1.60902,83.214349,19.952443,13.1584,1049.51,CANDIDATE
5464.01,171646471,PC,1.1606902,1.232,32450.0,9.92228,884.0,101.767,3572.0,4.71,0.53,158.77531,19.118379,14.9671,282.849,CANDIDATE
5465.01,87827371,APC,4.3983492,2.0638959,10124.9081186,18.5093039,1211.9705717,509.9050351,5717.9,4.27,1.22096,107.199487,24.255919,12.8749,627.935,CANDIDATE
5466.01,45368525,PC,2.8066134,2.483,14530.0,17.3144,1546.0,949.059,6709.0,4.29,1.41,92.319121,20.273745,12.7625,821.135,CANDIDATE
5467.01,83275782,CP,2.6570006,2.125,4050.0,10.4864,1427.0,688.584,6328.7,4.11,1.63,94.393712,28.445251,11.8423,565.359,CONFIRMED
5468.01,172222885,PC,20.9233666,2.47,9470.0,12.2366,539.0,14.0816,6283.0,4.36,1.22,98.32004,34.072909,12.2122,507.02,CANDIDATE
5469.01,302419660,PC,29.3312035,3.269,3470.0,11.9961,644.0,28.6506,7618.0,4.19,1.77,81.933112,16.764321,11.9567,727.4,CANDIDATE
5470.01,367267217,APC,1.450491,1.286,3870.0,8.43132,1461.0,757.504,6067.0,4.27,1.29,91.162383,31.73644,12.5627,594.261,CANDIDATE
5471.01,47132361,PC,4.9017215,2.3,6600.0,15.2294,1099.0,242.247,6329.0,4.04,1.78,97.620654,19.794869,13.2751,1204.45,CANDIDATE
5472.01,76798849,PC,2.2703829,1.947,12110.0,12.7801,1327.0,515.387,5845.0,4.38,1.1,87.540281,24.774708,12.8015,536.648,CANDIDATE
5473.01,81808065,PC,7.5554044,4.003,6170.0,16.0968,1451.0,736.769,7872.0,4.09,2.04,92.564877,24.614827,12.2605,1033.36,CANDIDATE
5474.01,97669493,PC,8.4332312,8.47,2010.0,11.5473,1530.0,911.613,5874.0,3.68,2.45,92.511344,32.943648,11.6861,689.255,CANDIDATE
5475.01,78601408,APC,10.0532043,1.543,5160.0,11.5364,760.0,55.4002,6553.2,4.26,1.43,89.137237,25.683953,12.2106,655.835,CANDIDATE
5476.01,353361266,PC,10.3413829,3.595,10410.0,10.465,855.0,89.0638,5732.6,4.43,1.01,100.342905,27.961441,13.197,596.321,CANDIDATE
5477.01,127229631,PC,5.8936518,2.217,9580.0,8.37476,862.0,92.0429,5508.0,4.6,0.82,84.979951,14.303023,13.0406,336.879,CANDIDATE
5478.01,95122849,APC,8.3026667,5.728,6940.0,14.6377,1163.0,304.209,5656.0,3.95,1.75,114.741958,29.428761,12.0515,591.13,CANDIDATE
5478.02,95122849,FP,10.1197017,2.129,2570.0,9.15067,674.0,34.3345,5656.0,3.95,1.75,114.741958,29.428761,12.0515,591.13,FALSE POSITIVE
5479.01,67444896,PC,15.1306782,4.204,6030.0,11.9169,772.0,59.008,5799.3,4.09,1.52,171.396808,12.766823,12.2773,598.366,CANDIDATE
5480.01,46307587,PC,3.6079916,2.991,6055.0,15.3816,1228.0,378.206,5308.3,,1.89,133.147899,17.499763,12.352,330.387,CANDIDATE
5481.01,69295263,PC,3.9315754,3.427,5580.0,9.60432,1438.0,711.472,6032.1,4.25,1.32,121.176804,13.413841,13.4144,942.604,CANDIDATE
5482.01,459947163,PC,7.9923268,2.176,5780.0,9.69724,890.0,104.579,5825.0,4.32,1.18,172.592807,16.752416,12.9922,659.819,CANDIDATE
5483.01,192982424,PC,3.7702854,2.343,10030.0,16.647,1307.0,485.903,5900.3,4.06,1.59,142.586792,12.70639,12.2304,642.965,CANDIDATE
5484.01,443961200,APC,1.1282471,1.411,2920.0,8.57678,1932.0,2317.44,6655.8,4.25,1.49,124.01708,8.823241,11.394,463.462,CANDIDATE
5485.01,186815660,PC,2.5840753,1.666,1757.0,7.01829,1834.0,1881.65,6119.0,4.2,1.4,124.492598,15.987916,12.8125,774.157,CANDIDATE
5486.01,291109653,PC,2.0247088,1.34,4390.0,3.7963,752.0,53.3297,3654.0,4.69,0.55,190.549504,3.788601,12.2937,89.6811,CANDIDATE
5487.01,302305400,PC,4.6549271,4.06,3500.0,9.1871,1359.0,566.49,5706.0,4.06,1.56,126.357833,25.20762,12.8708,778.03,CANDIDATE
5488.01,281815702,PC,3.1910454,1.619,12090.0,12.0476,1044.0,197.437,5907.0,4.45,1.03,164.237285,1.936362,13.324,676.829,CANDIDATE
5489.01,468983280,PC,3.1522131,1.4637784,1039.7670237,1.4624574,570.9491075,25.1136938,3547.0,4.81,0.415961,128.691294,11.489588,11.6923,45.0907,CANDIDATE
5489.02,468983280,PC,4.9212788,1.4072515,884.5792337,1.2783897,492.1641006,13.8663044,3547.0,4.81,0.415961,128.691294,11.489588,11.6923,45.0907,CANDIDATE
549.01,32830028,FP,0.516278,0.565611,20289.210823,2.442348,679.6154071,50.4166361,3009.0,5.10976,0.169,86.752182,-24.842642,14.2321,80.6542,FALSE POSITIVE
5490.01,59575189,PC,2.5193047,3.596,4540.0,11.5079,1708.0,1412.92,5706.5,4.0,1.67,109.192769,18.121825,12.5501,707.292,CANDIDATE
5491.01,247166992,PC,5.0280368,2.161,1360.0,2.87252,832.0,79.6611,4825.0,4.56,0.77,113.595788,17.294273,11.5182,152.766,CANDIDATE
5492.01,350024178,PC,2.9238483,2.773,11130.0,11.3257,1447.0,728.684,6004.0,4.43,1.06,155.009421,9.300649,13.1211,657.548,CANDIDATE
5493.01,468979441,PC,24.4383239,5.5899007,2401.8740065,5.1712602,663.6424754,45.8413818,6151.0,4.47291,1.03824,128.640176,9.035381,10.7421,225.454,CANDIDATE
5493.02,468979441,PC,9.4043652,4.1627706,456.6940548,2.3955263,912.3920352,163.7747493,6151.0,4.47291,1.03824,128.640176,9.035381,10.7421,225.454,CANDIDATE
5493.03,468979441,PC,14.5643289,4.6039057,451.953459,2.2567046,788.6079558,91.4040877,6151.0,4.47291,1.03824,128.640176,9.035381,10.7421,225.454,CANDIDATE
5494.01,14440334,PC,2.0760349,2.043,2480.0,4.92939,1413.0,663.223,5386.0,4.44,0.96,110.662796,16.865756,11.7628,265.493,CANDIDATE
5495.01,380671216,PC,9.6569059,4.278,800.0,2.91617,995.0,162.76,5729.1,4.41,1.04,179.594619,11.7317,10.6421,190.774,CANDIDATE
5496.01,323658120,FP,43.8418559,4.599,4630.0,9.29872,480.0,8.83961,5767.0,4.21,1.32,137.037665,10.636648,10.7717,257.828,FALSE POSITIVE
5497.01,270679144,PC,11.2120396,3.454,5450.0,17.1459,1193.0,336.815,6147.0,4.02,1.75,137.025914,5.92396,12.3902,804.465,CANDIDATE
5498.01,262736264,PC,18.2050594,3.347,10830.0,9.06591,519.0,12.1018,4880.9,4.5,0.83,149.366582,5.171006,12.6811,285.229,CANDIDATE
5499.01,386772576,PC,4.8038446,2.038,17000.0,11.3023,797.0,67.3083,5019.0,4.51,0.83,119.738513,22.790566,12.8935,335.455,CANDIDATE
550.01,311183180,FP,13.24981,3.299,27250.0,20.6343,,47.2877,5076.0,4.71,0.69,55.031969,5.874619,9.1073,62.0121,FALSE POSITIVE
550.02,311183180,FP,10.043245,3.099789,21393.227138,16.682435,625.2921291,36.1287428,5076.0,4.71,0.670549,55.031969,5.874619,9.1073,62.0121,FALSE POSITIVE
5500.01,62740096,PC,1.7530712,1.019,11660.0,19.7783,1358.0,564.728,5625.1,4.54,0.89,116.003412,20.208863,13.189,513.084,CANDIDATE
5501.01,94823134,PC,24.166804,5.257,4020.0,8.65143,705.0,41.1658,5985.0,4.22,1.35,113.353491,26.680872,12.3295,574.701,CANDIDATE
5502.01,126322519,PC,11.6260799,2.937,840.0,4.02844,870.0,95.1955,6317.0,4.29,1.32,135.204056,27.998334,10.3404,248.654,CANDIDATE
5503.01,350044062,FP,5.9522831,1.966,7280.0,15.1211,1138.0,278.678,6031.2,4.05,1.65,155.580302,10.288696,12.3391,713.921,FALSE POSITIVE
5504.01,95079513,PC,13.2414304,3.989,1430.0,4.4877,865.0,93.077,6062.1,4.34,1.2,114.621291,26.909495,10.8343,265.58,CANDIDATE
5505.01,374350678,PC,11.1064221,2.12,15290.0,10.19,594.0,20.7088,5190.5,4.59,0.79,160.866036,3.9587,12.8078,325.186,CANDIDATE
5506.01,385312460,PC,19.5862903,6.924,24300.0,19.398,855.0,88.9614,5986.0,4.3,1.23,181.339963,-12.263451,13.259,712.281,CANDIDATE
5507.01,377097547,PC,1.5068165,0.8625455,734.0512116,0.9740062,690.4110824,53.6972467,3514.0,4.87,0.356879,148.60167,6.646246,10.8055,24.4583,CANDIDATE
5508.01,406140233,PC,3.1816478,3.493,9300.0,14.4913,1564.0,994.501,5949.3,4.11,1.53,142.649374,11.627205,13.4649,1076.22,CANDIDATE
5509.01,35285308,PC,5.7656076,2.955,6750.0,9.12778,1007.0,170.956,5638.4,4.37,1.08,139.182024,14.592401,12.5879,466.413,CANDIDATE
5510.01,26865340,PC,5.7380349,5.045,8720.0,17.067,1566.0,998.412,6786.0,4.11,1.76,112.477813,26.019184,11.4769,620.47,CANDIDATE
5511.01,389040826,PC,4.7174703,1.205,11520.0,5.77392,451.0,6.87901,3628.0,4.72,0.51,141.997153,4.213192,12.8656,106.339,CANDIDATE
5512.01,366698929,PC,4.5589188,1.873,10330.0,10.6821,864.0,92.6735,5429.0,4.4,1.02,182.490924,5.631749,12.5869,416.236,CANDIDATE
5513.01,184869170,FP,7.7235903,5.953,2720.0,17.2663,1656.0,1249.81,5994.0,3.5,3.08,110.25862,19.401721,12.3467,1307.02,FALSE POSITIVE
5514.01,63190194,PC,1.7459947,2.217,18190.0,12.8043,1469.0,773.913,5332.0,4.46,0.94,156.673491,13.018643,13.4277,531.582,CANDIDATE
5515.01,55275863,PC,8.5926333,3.3859708,885.5569232,2.4974696,778.0951063,86.6266934,5494.0,4.57761,0.835682,139.616364,16.989956,10.5182,135.459,CANDIDATE
5516.01,70678449,PC,4.3776584,2.864,3900.0,12.3407,1281.0,448.118,6077.0,3.88,2.02,155.838203,13.472271,12.2614,857.001,CANDIDATE
5517.01,307951656,PC,4.5867288,4.382,7710.0,13.5857,1400.0,639.287,5737.0,4.06,1.55,148.617274,24.302831,13.4016,1016.76,CANDIDATE
5518.01,386620582,APC,4.469996,3.524,9280.0,11.2936,1523.0,894.532,6948.0,,1.12,124.152799,16.392612,10.927,379.6726,CANDIDATE
5519.01,443582629,PC,5.8512587,1.8417106,1275.0993295,1.3562009,433.308858,8.3312712,3443.0,4.86,0.365053,167.727736,-3.242816,11.7119,37.4763,CANDIDATE
552.01,44737596,CP,2.788654,1.8900186,26339.9057953,9.665126,684.7208601,51.9487662,3654.0,4.438,0.587106,60.949392,-25.408921,13.8231,194.964,CONFIRMED
5521.01,396932137,PC,18.5146638,1.337,1480.0,6.56184,699.0,39.6871,6379.0,4.28293,1.35,176.481442,11.37083,8.94302,137.592,CANDIDATE
5522.01,366409685,APC,1.3852161,0.7629247,1913.3334637,6.5271985,2071.9205547,4355.2530871,6294.0,4.20464,1.451,126.388216,10.170581,11.9589,571.447,CANDIDATE
5523.01,443616612,PC,,13.5723661,28182.0217132,9.5037684,292.1705354,1.7221329,3696.0,4.68275,0.563,169.117028,-3.975441,13.7701,182.536,CANDIDATE
5525.01,345450130,PC,2.7521595,0.9607827,1025.5391237,1.3820795,554.6733092,22.3702107,3288.0,4.81007,0.418181,57.875185,9.727861,11.8693,42.753,CANDIDATE
5526.01,335540507,PC,21.7300248,2.4879281,1119.2111083,2.526638,617.29617,34.3158951,4788.0,4.57314,0.752578,183.023659,-12.684409,10.8228,106.204,CANDIDATE
5527.01,415399713,PC,346.1614828,7.4179451,727.1554128,2.5449936,250.8907848,0.9363966,5862.0,4.53012,0.92603,62.853108,10.277208,10.3965,144.866,CANDIDATE
553.01,161477033,FA,14.058151,3.514627,858.616845,2.467289,646.6751668,41.3300316,5465.0,4.57025,0.839854,73.261286,-45.540405,10.0614,108.159,FALSE POSITIVE
553.02,161477033,PC,11.9234819,3.2410592,680.8032643,2.2904053,695.0795649,55.1644235,5465.0,4.57025,0.879477,73.261286,-45.540405,10.0614,108.159,CANDIDATE
553.03,161477033,PC,40.8905117,4.4402791,945.1993965,2.7104157,460.9226376,10.6667755,5465.0,4.57025,0.879477,73.261286,-45.540405,10.0614,108.159,CANDIDATE
5530.01,244170332,PC,0.4774382,0.952523,423.1532826,1.118031,1266.9270194,608.8739519,3888.0,4.71522,0.525437,6.489351,-5.697646,11.3978,60.8241,CANDIDATE
5531.01,88114177,PC,4.5352255,3.0733542,195.4048675,1.753622,1150.3554736,413.8559989,5788.42,4.37027,1.10259,148.472166,19.594377,8.5727,80.6404,CANDIDATE
5532.01,318836983,PC,5.6539689,2.6370718,1223.1789451,2.732945,617.327479,34.3228576,3975.0,4.5998,0.662052,41.380404,5.150733,11.5212,90.9985,CANDIDATE
5532.02,318836983,PC,2.3929801,1.693426,570.9865376,1.6929049,822.218131,108.0113015,3975.0,4.5998,0.662052,41.380404,5.150733,11.5212,90.9985,CANDIDATE
5533.01,155093420,PC,1.6098954,1.7900454,412.6710488,3.8276199,2392.2284819,7739.833691,7173.0,4.13332,1.79821,102.487722,14.974761,10.8475,516.56,CANDIDATE
5536.01,268143410,PC,3.1479748,2.391,478.0,6.17795,1486.0,810.338,6555.0,3.56,3.22,67.324162,26.163578,10.4756,463.124,CANDIDATE
5537.01,17555760,PC,22.2897649,12.435,1060.0,8.90212,1096.0,240.104,5772.0,3.56648,2.77,67.116707,21.56849,10.4422,370.57,CANDIDATE
5538.01,337648770,PC,23.899595,2.0395157,15998.7683282,12.8307536,476.1734157,12.1501484,4736.5,4.55,0.76962,138.952916,15.137683,13.1748,310.197,CANDIDATE
5539.01,178266267,PC,7.1123703,2.644,497.0,1.85858,917.0,117.665,5595.7,4.52,0.91,128.073179,22.005792,10.0286,123.647,CANDIDATE
554.01,407966340,CP,7.0491608,3.5024531,300.5227138,2.8464941,1199.7417985,489.6346689,6337.87,4.438,1.42717,60.748336,9.207768,6.4386,45.6181,CONFIRMED
554.02,407966340,CP,3.0440441,1.3542885,82.7350431,1.3337425,1587.2668665,1500.1020491,6337.87,4.438,1.42717,60.748336,9.207768,6.4386,45.6181,CONFIRMED
5540.01,456305193,FP,1.0995742,0.952,3168.0,9.72799,1592.0,1068.72,6040.0,4.13,1.51,117.737465,67.043203,10.2003,242.868,FALSE POSITIVE
5541.01,231721006,PC,9.0182382,3.199,3480.0,5.61073,892.0,105.561,5805.0,4.51,0.94,80.729774,-53.765798,12.2916,378.277,CANDIDATE
5542.01,466206508,CP,75.1247037,8.599,11171.0,13.8062,462.0,7.6236,5392.9,4.2,1.27,302.798423,-61.135466,11.8452,348.849,CONFIRMED
5543.01,17385917,PC,3.5424466,2.2308179,1923.8270395,3.8362277,994.0230394,230.7314546,5058.0,4.50269,0.853329,66.142172,23.270782,10.659,125.194,CANDIDATE
5544.01,68893269,PC,4.2050741,1.1574129,1280.1793986,3.3240452,956.1341771,197.5133118,5086.0,4.48,0.877822,74.700815,18.16905,10.3535,113.205,CANDIDATE
5545.01,301624989,PC,1.9613369,1.632367,9235.0384748,15.8657793,1225.6869197,533.3830462,4427.0,4.22028,1.06738,169.21486,3.363892,14.245,592.204,CANDIDATE
5546.01,59744366,PC,9.8479326,1.8182865,6398.0202697,18.822612,1433.2695828,997.3154311,6887.55,3.89433,2.29041,71.4759,24.113784,12.3047,924.313,CANDIDATE
5547.01,63013648,PC,19.6304978,3.2073832,7651.8898952,14.0835896,659.8269963,44.7962153,5509.85,4.39122,1.03786,117.591236,22.281552,10.8481,193.901,CANDIDATE
5548.01,155012162,PC,18.9690014,3.3431046,595.060628,2.6609357,685.1732253,52.0861834,5551.25,4.36023,1.08166,143.919696,16.097471,9.8978,134.736,CANDIDATE
5549.01,6499453,PC,7.4323882,2.7759349,838.3306849,3.7818383,941.9240103,186.0306364,4921.0,4.11275,1.30646,80.8597,23.133528,11.1971,208.148,CANDIDATE
555.01,170849515,CP,1.9416366,1.9321358,32945.1347849,11.7569044,857.3252177,127.6742735,3837.0,4.72608,0.633668,70.339767,-32.320417,14.857,385.689,CONFIRMED
5550.01,195187769,PC,13.955959,3.293,398.0,2.22304,771.0,58.904,5923.8,4.36,1.13,128.926789,20.373489,9.62527,139.794,CANDIDATE
5551.01,387974148,PC,2.40541,1.608779,1279.2023438,2.0045261,728.867004,66.6982074,3768.0,4.69159,0.552722,87.125618,18.179528,12.4507,99.7999,CANDIDATE
5552.01,3224605,PC,28.6503407,4.4802105,9472.1638799,9.4200991,546.1757094,21.030545,5639.5,4.54594,0.883211,82.384951,33.246886,11.9901,287.606,CANDIDATE
5553.01,218354669,PC,1.7617165,1.9280724,356.4029763,1.5510074,1167.5245843,439.121942,4732.72,4.49669,0.814343,43.002147,15.055665,10.6853,103.347,CANDIDATE
5554.01,91287873,PC,26.694279,3.7831301,1854.2924324,2.6845863,362.5947706,4.0851419,3997.0,4.6288,0.626722,104.74387,28.715768,9.83733,39.4478,CANDIDATE
5557.01,323687123,CP,4.0179805,1.1195616,2808.9118424,1.1017624,374.4058708,4.6439935,3166.0,5.07428,0.194357,137.201544,11.86225,12.4289,21.8182,CONFIRMED
556.01,59003115,FP,2.294185,2.750763,697.472004,1.95611,1065.3910768,304.478914,5062.0,4.62,0.707445,57.225546,13.483139,11.3075,146.905,FALSE POSITIVE
5560.01,238606535,PC,702.469227,2.3624632,2078.9023943,9.883855,709.573548,59.9115659,6781.59,4.05268,1.88308,132.652502,19.091311,10.4105,408.274,CANDIDATE
5561.01,330637910,PC,2.0074528,0.9340475,20674.1145085,7.1639347,680.3415178,50.6324451,3449.0,4.74578,0.490442,136.200047,13.795446,15.1792,272.64,CANDIDATE
5563.01,239198720,PC,,6.1121177,3186.7847252,8.2623708,513.0753179,16.3774202,5776.0,4.51349,0.932735,146.810895,24.541806,10.7986,185.26,CANDIDATE
5564.01,127505658,PC,760.0530038,6.902,10000.0,10.8619,173.0,0.149701,5722.0,4.55,0.89,80.947217,35.417549,11.6871,251.487,CANDIDATE
5564.02,127505658,PC,45.4964928,5.137,9740.0,8.81795,475.0,8.47778,5722.0,4.55,0.89,80.947217,35.417549,11.6871,251.487,CANDIDATE
5565.01,117892246,PC,3.2601896,3.835,11570.0,14.6248,1486.0,809.661,5542.4,4.16,1.36,131.227011,45.466192,12.932,676.655,CANDIDATE
5566.01,73250068,PC,14.5814997,5.489,5490.0,9.70874,905.0,111.563,5830.0,4.22,1.32,123.355106,62.287571,13.1133,748.345,CANDIDATE
5567.01,456335739,PC,13.62636,3.245,14390.0,10.048,633.0,26.6947,5260.6,4.58,0.81,135.139415,49.451496,13.2573,431.019,CANDIDATE
5568.01,142785421,PC,16.2601049,1.602,7670.0,10.1064,434.0,5.91348,5496.0,4.38,1.05,154.302943,75.333344,13.2187,574.817,CANDIDATE
5569.01,267484403,PC,5.4021326,1.678,6710.0,23.2699,1213.0,359.953,6312.0,4.26,1.37,298.837092,58.522878,13.3273,974.173,CANDIDATE
557.01,55488511,PC,3.344904,1.3408349,1399.4950568,2.2540532,674.5540894,48.9314538,3883.0,4.71022,0.573953,59.017813,-10.272008,11.6434,75.9623,CANDIDATE
5570.01,302381442,PC,23.1678315,4.295,11480.0,9.49037,546.0,14.833,5120.0,4.48,0.88,100.172692,76.732244,13.4113,454.675,CANDIDATE
5571.01,88565745,PC,731.4778512,3.41,5900.0,11.7782,147.0,0.0776109,6250.4,4.44,1.1,106.990414,60.01161,11.2245,303.081,CANDIDATE
5572.01,9151337,PC,5.8586824,2.168,1146.0,2.35965,715.0,43.4681,4571.0,4.58,0.72,105.078049,37.198901,10.4309,78.0645,CANDIDATE
5573.01,459762279,CP,8.7960328,2.48,23090.0,9.14959,475.0,8.51849,3695.0,4.66,0.59,136.426,55.307131,13.6281,186.562,CONFIRMED
5574.01,268405086,FP,6.8242909,2.787,700.0,2.23971,671.0,33.8464,3999.0,4.35,0.87,278.550256,86.557356,11.6643,117.383,FALSE POSITIVE
5575.01,160162137,PC,32.0736228,2.347,145640.0,9.48121,195.0,0.243503,3176.0,5.0,0.24,241.248539,85.204724,14.0127,56.6893,CANDIDATE
5576.01,137543637,FP,1.2833113,1.353,4450.0,9.39506,2118.0,3343.46,8055.0,4.49,1.32,136.221429,79.355104,12.574,974.619,FALSE POSITIVE
5577.01,98833877,PC,0.358558,0.274,960.0,8.24018,1546.0,948.501,6813.5,4.16,1.67,105.308337,41.129691,11.1947,508.394,CANDIDATE
5578.01,154563411,PC,13.4659853,2.936,2100.0,3.3076,526.0,12.7406,4340.0,4.59,0.69,189.265651,75.92044,12.3681,158.202,CANDIDATE
5579.01,252928337,PC,19.8628449,1.965,30940.0,7.82397,273.0,0.933932,3595.0,4.8,0.43,105.821673,52.51673,13.5426,115.906,CANDIDATE
558.01,207110080,CP,14.5728985,2.5623497,4464.4359891,13.5300683,1012.9931427,248.8553739,6025.8,4.0,1.76095,42.291509,-58.024683,10.9923,402.63,CONFIRMED
5580.01,366298702,PC,5.2782582,3.379,2000.0,5.6755,1179.0,320.994,5647.0,4.22,1.29,112.262575,42.03191,12.2989,486.081,CANDIDATE
5581.01,456306892,PC,33.5383044,3.92217,12623.7545349,9.8149834,446.1819156,9.3663171,4947.0,4.55,0.794396,118.065411,70.165569,11.8294,191.145,CANDIDATE
5582.01,392064198,PC,4.51125,4.541,760.0,5.04347,1666.0,1281.58,6297.2,3.97,1.91,110.639665,30.418354,11.2713,533.617,CANDIDATE
5583.01,357244603,PC,3.0650073,1.548,23190.0,11.1354,633.0,26.6949,3619.0,4.57,0.69,107.631373,74.485744,14.2833,,CANDIDATE
5584.01,29169215,PC,18.6300789,3.4,1620.0,3.01483,452.0,6.92991,4092.4,4.5,0.75,135.324512,47.452351,10.7314,69.0641,CANDIDATE
5585.01,188389305,PC,1.8434549,1.444,4360.0,8.05828,1618.0,1139.02,6457.2,4.44,1.14,129.483355,37.735315,13.0348,771.853,CANDIDATE
5586.01,160165689,PC,8.9165771,3.224,4360.0,6.82341,899.0,108.636,5607.0,4.45,0.98,244.023057,86.368644,13.4794,540.141,CANDIDATE
5587.01,29069242,PC,3.7349773,3.891,7830.0,14.1804,1434.0,702.991,5632.0,4.05,1.57,117.732887,46.306568,13.3834,943.289,CANDIDATE
5588.01,141762491,PC,8.9109435,1.876,9850.0,16.5406,746.0,51.4199,5733.0,4.05,1.57,120.594795,83.198419,12.4506,655.855,CANDIDATE
5589.01,51094586,PC,5.6895053,5.158,3840.0,12.0705,,578.708,5707.5,,1.89,108.606501,56.700143,11.4972,244.354,CANDIDATE
559.01,209459275,CP,6.9839072,5.076,10050.0,12.2398,1249.0,404.915,5972.0,4.31,1.21,46.818616,-31.162995,10.5704,233.266,CONFIRMED
5590.01,9907513,PC,1.2749899,1.146,1140.0,2.69399,1048.0,201.011,4216.7,4.48,0.78,110.689677,37.667511,11.9639,136.242,CANDIDATE
5591.01,192969211,PC,12.8665269,6.599,1930.0,4.59403,1019.0,179.365,5465.0,4.38,1.05,123.027093,42.228714,12.1721,356.237,CANDIDATE
5592.01,88529975,PC,2.6085851,1.573,8610.0,13.9108,1422.0,680.058,6331.0,4.25,1.38,106.680068,65.857249,12.136,597.026,CANDIDATE
5593.01,468433454,PC,4.7974601,5.952,4890.0,10.4912,1852.0,1955.29,6549.4,4.21,1.51,128.55223,39.270972,13.2201,1130.59,CANDIDATE
5594.01,53394475,PC,9.2271917,3.781,5540.0,9.80232,956.0,138.883,5899.0,4.23,1.32,118.417987,54.124212,12.826,683.54,CANDIDATE
5595.01,302908969,PC,5.9900508,2.104,3680.0,4.71645,621.0,24.7628,4119.0,4.51,0.74,110.460165,35.221983,12.1765,136.955,CANDIDATE
5596.01,203144354,APC,0.3642961,0.689,3430.0,15.3432,2276.0,4454.77,6164.3,3.83,2.17,106.336563,42.847909,13.2995,1439.26,CANDIDATE
5597.01,85284138,PC,1.9784368,2.359,39470.0,22.5379,1643.0,1211.74,6337.0,4.44,1.11,144.441228,34.849412,13.4913,893.967,CANDIDATE
5598.01,237108775,PC,6.2948747,1.878,16707.0,6.67951,487.0,9.34062,3584.0,4.71,0.53,257.315636,80.41608,14.7371,248.266,CANDIDATE
5599.01,159160230,PC,5.4368408,4.473,1020.0,6.11754,1496.0,833.218,6246.0,3.96,1.91,199.326238,55.681539,11.2785,547.948,CANDIDATE
560.01,101011575,CP,6.3980642,2.004,1656.0,2.62025,671.0,33.7178,4695.0,4.5,0.63,129.688303,-13.256527,8.5925,31.5666,CONFIRMED
560.02,101011575,CP,18.8792871,3.262,1199.0,1.99787,502.0,10.5814,4695.0,4.5,0.63,129.688303,-13.256527,8.5925,31.5666,CONFIRMED
5600.01,287268770,PC,10.717359,2.784,22680.0,12.4655,654.0,30.4561,5047.0,4.55,0.8,155.151361,63.290591,13.1922,378.06,CANDIDATE
5601.01,237097499,PC,9.5197732,2.636,2200.0,3.89219,667.0,32.9482,4541.0,4.52,0.77,239.507231,66.037182,13.3757,313.795,CANDIDATE
5602.01,101592219,PC,5.4853379,1.964,12040.0,13.6635,910.0,114.21,6054.4,4.33,1.21,144.658279,33.691083,13.4409,874.724,CANDIDATE
5603.01,224293782,PC,0.5736183,0.793,670.0,6.063,2080.0,3111.57,6711.9,3.94,2.12,184.175471,57.642701,11.6494,795.259,CANDIDATE
5604.01,237015185,PC,11.1801504,4.364,2220.0,6.89187,1024.0,183.14,6413.0,4.21,1.47,306.391539,63.591105,11.2399,373.528,CANDIDATE
5605.01,252469648,PC,5.9133875,2.019,980.0,2.3864,669.0,33.3499,4374.8,4.54,0.74,150.538008,50.145387,11.0737,95.0735,CANDIDATE
5606.01,171599496,PC,1.236949,0.358,8250.0,9.84184,623.0,25.0169,4660.0,4.56,0.75,156.893929,22.426235,13.3591,316.465,CANDIDATE
5607.01,233070717,PC,3.2750907,3.09,6510.0,11.2041,1414.0,664.018,5859.0,4.21,1.33,270.846078,63.21507,13.1953,811.406,CANDIDATE
5608.01,229713401,PC,6.4424263,2.604,1430.0,3.14002,769.0,58.2235,4661.0,4.5,0.8,278.572233,66.922785,12.6975,250.177,CANDIDATE
5609.01,17122808,PC,4.019251,1.354,11830.0,13.7216,874.0,96.9861,5904.0,4.34,1.16,144.187751,36.527295,13.4584,816.667,CANDIDATE
561.01,377064495,CP,10.778833,3.416,1130.0,2.6584,791.0,65.3136,5391.0,4.52526,0.84,148.185152,6.216103,9.5273,85.799,CONFIRMED
561.02,377064495,CP,0.4465713,1.077,294.0,1.48867,2262.0,4347.38,5391.0,4.52526,0.84,148.185152,6.216103,9.5273,85.799,CONFIRMED
561.03,377064495,CP,25.7122157,5.9710228,1151.454738,2.8781392,331.7873984,2.8639178,5391.0,4.52526,0.840576,148.185152,6.216103,9.5273,85.799,CONFIRMED
561.04,377064495,CP,,6.6489216,914.6281731,3.1858058,156.6701468,0.1423856,5391.0,4.52526,0.840576,148.185152,6.216103,9.5273,85.799,CONFIRMED
5610.01,252481136,PC,7.9454767,1.493,36680.0,9.87351,386.0,3.70033,3714.0,4.73,0.51,156.022815,48.248331,14.8686,274.922,CANDIDATE
5611.01,232624234,PC,11.3630224,3.031,1048.0,2.39002,638.0,27.5227,4741.1,4.54,0.77,268.693501,55.064224,12.1235,191.341,CANDIDATE
5611.02,232624234,PC,26.7159918,4.7591848,1252.0071238,2.7358038,460.2637972,10.605918,4741.1,4.54,0.773317,268.693501,55.064224,12.1235,191.341,CANDIDATE
5612.01,18021087,PC,7.1314563,2.809,7550.0,7.98487,759.0,55.3319,4701.6,4.43,0.88,172.411097,38.936561,13.1082,334.412,CANDIDATE
5613.01,165413340,PC,12.782983,2.762,8060.0,9.1313,651.0,29.951,5594.0,4.46,0.97,159.612015,27.062548,11.7963,291.68,CANDIDATE
5614.01,148960849,PC,4.172202,2.263,1980.0,3.23281,817.0,74.1594,4313.0,4.53,0.73,189.432315,69.458427,13.0076,223.016,CANDIDATE
5615.01,235711993,PC,11.7672708,3.098,13190.0,15.2219,961.0,141.822,6205.0,4.43,1.1,252.934906,80.123028,13.0669,693.821,CANDIDATE
5616.01,154220877,CP,2.0034478,1.285,24660.0,10.9523,769.0,58.2268,3927.0,4.61,0.65,184.901638,48.68329,14.6877,390.415,CONFIRMED
5617.01,9376973,PC,3.154201,2.857,7690.0,12.0524,1372.0,589.138,5771.5,4.18,1.36,166.950743,38.136936,13.0537,760.003,CANDIDATE
5618.01,56999883,PC,3.5254325,3.31,5790.0,17.2611,1904.0,2183.12,5497.0,4.23,1.25,173.070058,44.126424,12.9882,631.38,CANDIDATE
5619.01,224299081,PC,37.9984529,5.928,3050.0,7.69928,588.0,19.8821,5839.5,4.18,1.38,185.504552,55.559548,10.7131,270.633,CANDIDATE
562.01,413248763,CP,3.9306027,1.196,1048.0,1.26995,561.0,16.4901,3505.0,4.90573,0.36,144.007464,-21.665063,8.74094,9.44181,CONFIRMED
5620.01,165414210,PC,3.2856588,2.384,17910.0,12.5808,1030.0,187.224,4898.9,4.43,0.91,159.708601,27.415505,11.9683,227.174,CANDIDATE
5621.01,219467837,FP,39.9753375,6.088,9160.0,14.1085,578.0,18.6491,5989.0,4.16,1.45,210.063939,75.08442,12.64,718.289,FALSE POSITIVE
5622.01,288162228,PC,3.0594206,4.191,2000.0,9.6239,1637.0,1193.52,5414.0,3.75,2.14,221.548511,78.996619,13.2859,1186.92,CANDIDATE
5623.01,420174131,PC,3.6636707,1.167,3890.0,8.91486,825.0,77.2704,5286.0,4.18,1.28,292.27775,72.001439,13.1388,565.9,CANDIDATE
5624.01,53498154,PC,13.7317565,3.831,2095.0,4.07678,986.0,157.055,5342.0,4.57,0.83,180.844348,49.251226,10.0326,101.913,CANDIDATE
5624.02,53498154,PC,3.3903593,2.168,877.0,2.27887,1108.0,251.103,5342.0,4.57,0.83,180.844348,49.251226,10.0326,101.913,CANDIDATE
5624.03,53498154,PC,7.8854383,3.083,796.0,2.23283,873.0,96.429,5342.0,4.57,0.83,180.844348,49.251226,10.0326,101.913,CANDIDATE
5624.04,53498154,PC,21.4904723,3.802,985.0,2.43328,603.0,21.9904,5342.0,4.57,0.83,180.844348,49.251226,10.0326,101.913,CANDIDATE
5625.01,137020480,PC,3.4645195,4.649,410.0,10.4699,3624.0,28650.3,6351.0,3.78,2.4,197.142985,42.340801,9.1189,260.349,CANDIDATE
5626.01,376645976,PC,716.2159783,2.267,9757.0,9.73397,428.0,5.58002,5699.0,4.46,0.98,198.298761,31.638404,9.80675,122.745,CANDIDATE
5627.01,335813590,PC,7.5575607,2.0233141,17756.876606,12.4415238,712.7913321,61.0057318,4893.71,4.57637,0.762768,183.197314,13.237495,12.0051,193.533,CANDIDATE
5628.01,135100529,PC,4.3415097,1.7793909,103523.691837,,662.4423636,45.5106873,3427.0,4.438,,185.727955,18.836705,14.4733,110.03,CANDIDATE
5629.01,298437387,PC,2.2853731,1.022,1410.0,3.93456,1157.0,297.666,5299.0,4.48,0.91,217.512291,20.953627,10.4671,132.992,CANDIDATE
563.01,405454160,PC,731.9380939,3.7406486,3290.0705522,6.5656892,463.2033538,10.8794711,5383.0,4.42352,0.983025,143.243168,-17.343474,10.4397,157.152,CANDIDATE
5630.01,316416562,PC,3.2220038,3.262,536.0,2.0774,1541.0,937.884,5382.4,4.47,0.93,236.453853,40.374862,10.3331,134.047,CANDIDATE
5633.01,119131709,PC,17.2837172,3.8104834,2759.6931813,6.4100045,753.0224536,75.9893459,5600.0,4.26703,1.21154,209.753998,-2.513436,11.1586,265.924,CANDIDATE
5634.01,119585136,CP,2.2054776,1.633,28280.0,9.6722,788.0,64.0804,3770.0,4.71,0.53,175.643637,20.965292,14.9839,306.144,CONFIRMED
5635.01,233173039,PC,25.0577354,4.741,3500.0,5.30323,664.0,32.4574,5954.0,4.59,0.87,216.206467,66.700749,12.899,488.879,CANDIDATE
5636.01,105616091,PC,4.2744435,1.958,1960.0,4.01981,946.0,132.963,5405.0,4.5,0.9,199.730786,34.254077,11.3476,207.621,CANDIDATE
5637.01,136992839,PC,17.7916498,6.405,1550.0,5.67639,905.0,111.663,5803.0,4.14,1.43,193.01944,47.657137,11.9229,489.497,CANDIDATE
5638.01,154258295,PC,1.0034686,1.56,600.0,2.77075,1842.0,1913.7,5601.2,4.3,1.16,210.185737,53.123121,11.2836,276.04,CANDIDATE
5639.01,166054851,PC,3.3957241,3.226,1370.0,2.79896,1141.0,282.135,4479.0,4.51,0.77,213.016047,61.354254,12.5811,211.145,CANDIDATE
564.01,1003831,CP,1.6511456,0.9495247,3205.5671437,7.7514065,1574.4904492,1452.3828899,5752.0,4.47122,1.12196,130.295154,-16.036327,10.6701,199.581,CONFIRMED
5640.01,373729723,FP,13.0518467,3.333,39070.0,17.0183,626.0,25.631,5268.9,4.55,0.83,193.406978,24.373263,12.0633,257.567,FALSE POSITIVE
5641.01,141202786,PC,2.1808015,1.343,23790.0,7.66626,647.0,29.151,3379.0,4.76,0.48,180.90917,42.537299,14.5044,215.996,CANDIDATE
5642.01,160521907,PC,10.2682326,1.469,4380.0,11.589,650.0,29.6484,6181.0,4.08,1.64,240.6254,76.569795,12.9947,1004.08,CANDIDATE
5643.01,284592754,APC,17.1101127,2.631,8560.0,9.37745,572.0,17.8387,5834.7,4.47,0.99,186.07825,44.231568,12.3255,409.36,CANDIDATE
5644.01,441658213,APC,6.640285,1.257,5700.0,7.34873,631.0,26.3908,5035.9,4.51,0.87,210.119238,55.31559,11.9816,256.116,CANDIDATE
5645.01,156377968,PC,4.5362433,2.936,3390.0,7.12776,1164.0,305.034,5620.5,4.28,1.21,177.21251,35.547508,12.4054,473.18,CANDIDATE
5646.01,366804698,PC,2.4277208,3.158,990.0,6.0694,1801.0,1747.74,5999.3,3.91,1.93,198.447139,5.702132,10.8829,429.221,CANDIDATE
5647.01,67743054,PC,4.0134273,1.445,10480.0,10.7003,885.0,101.875,5935.2,4.42,1.06,225.544641,31.967349,12.1436,415.29,CANDIDATE
5648.01,23863106,FP,3.3078803,1.508,32920.0,9.74504,584.0,19.3914,3571.0,4.73,0.51,211.009596,38.620245,13.8994,163.236,FALSE POSITIVE
5649.01,392319808,PC,4.7518771,2.459,8670.0,15.1227,1120.0,262.123,5676.0,4.05,1.57,225.080178,39.451312,12.4399,649.889,CANDIDATE
565.01,1103432,APC,3.7271641,3.922972,17476.7084817,25.3271046,1631.7745361,1675.5662669,6231.0,4.26445,1.82228,130.581439,-17.189424,12.8283,988.801,CANDIDATE
5650.01,353807936,PC,34.2825595,6.989,2540.0,5.84592,708.0,41.8997,6145.0,4.36,1.19,270.216545,56.686006,12.469,568.466,CANDIDATE
5651.01,256326844,PC,10.6893108,6.883,1349.0,6.90838,1228.0,378.489,5887.0,3.9,1.93,298.466694,60.069171,12.3879,817.484,CANDIDATE
5652.01,232628532,PC,18.2598774,6.544,3140.0,8.80539,949.0,135.04,6230.0,4.12,1.59,268.987787,57.305702,13.1125,1038.26,CANDIDATE
5653.01,298729646,PC,7.4992916,3.724,1480.0,4.15964,1108.0,250.294,6038.0,4.43,1.07,278.389882,57.860514,12.8625,593.733,CANDIDATE
5654.01,233465389,PC,4.2528141,1.67,2390.0,5.49054,855.0,89.1065,5318.4,4.33,1.09,230.922864,37.486639,11.4459,253.021,CANDIDATE
5655.01,282940781,PC,29.120986,3.98,950.0,2.28524,407.0,4.59168,4248.0,4.56,0.71,229.259572,61.008601,10.686,71.811,CANDIDATE
5656.01,458458156,PC,3.2487833,1.626,3110.0,5.49487,959.0,140.707,5149.0,4.46,0.91,209.661841,14.12958,12.3503,302.304,CANDIDATE
5657.01,441736986,PC,0.8037513,0.912,7880.0,6.33045,1315.0,496.763,4708.0,4.69,0.65,258.837055,76.468988,13.441,292.429,CANDIDATE
5658.01,119178132,PC,1.6064494,0.946,26980.0,11.7098,652.0,30.0257,3507.0,4.62,0.63,210.77521,-1.480284,14.5486,295.008,CANDIDATE
5659.01,207491214,APC,6.2230846,4.405,12370.0,16.4857,1202.0,347.18,5845.3,4.14,1.44,246.315511,57.562413,13.0445,803.472,CANDIDATE
566.01,1133072,FP,0.846542,2.408837,2524.567663,1.642414,774.9261587,85.2240732,3380.0,4.92521,0.325,131.086145,-28.07677,12.625,83.5896,FALSE POSITIVE
5660.01,311116297,PC,4.8183501,1.816,10370.0,11.5419,804.0,69.6374,5192.0,4.26,1.15,221.248769,18.50919,13.419,622.41,CANDIDATE
5661.01,349312122,PC,2.8329023,2.029,18630.0,11.996,1118.0,260.223,5447.5,4.56,0.85,222.368583,20.615336,12.958,414.658,CANDIDATE
5662.01,422217860,PC,2.3144207,1.402,1720.0,2.71343,740.0,49.7933,3687.0,4.63,0.62,191.085171,5.688498,11.8706,88.7485,CANDIDATE
5663.01,198161914,PC,45.0854117,1.646,7870.0,7.92062,258.0,0.746125,5013.0,4.55,0.8,243.86183,64.588731,13.2643,383.712,CANDIDATE
5664.01,158022899,PC,3.8863969,3.906,3340.0,9.97164,1446.0,726.387,5436.0,3.95,1.71,220.35381,28.19514,12.5757,701.942,CANDIDATE
5665.01,274223601,PC,2.2465076,4.181,4340.0,13.3584,2100.0,3229.79,6064.0,3.88,2.03,250.000454,53.791364,13.3931,1443.94,CANDIDATE
5666.01,235684964,PC,5.468394,2.809,11340.0,16.445,971.0,147.869,5526.0,4.06,1.51,288.295108,76.122823,13.0994,777.763,CANDIDATE
5667.01,28242530,PC,19.511064,3.25,25510.0,13.6915,529.0,13.0704,4951.8,4.52,0.82,222.872412,40.035955,13.3272,390.189,CANDIDATE
5668.01,357347296,PC,4.1753448,3.941,810.0,4.07823,1427.0,689.452,5686.0,4.12,1.45,201.087989,28.567707,10.8833,295.293,CANDIDATE
5669.01,162577468,PC,3.676651,3.663,4280.0,12.1328,1478.0,792.672,5900.0,3.94,1.83,243.934903,48.32326,12.1196,700.55,CANDIDATE
5670.01,860207014,PC,14.616858,9.085,9117.0,15.3936,1267.0,428.306,6488.0,,1.66,141.823519,-50.356655,10.3918,347.621,CANDIDATE
5671.01,23863105,PC,3.3079817,1.666,81180.0,11.9758,553.0,15.6016,3380.0,4.82,0.41,211.00922,38.618331,14.8084,167.245,CANDIDATE
5677.01,287959034,APC,3.8480185,1.1083039,2995.870385,9.202299,1281.4336375,637.2435989,6153.0,4.401,1.12835,216.43439,-3.002761,9.50835,137.2,CANDIDATE
5678.01,209464063,CP,119.3355264,6.863,2400.0,5.11487,389.0,3.83692,5516.0,4.48,0.94,47.384187,-34.198481,10.6691,165.393,CONFIRMED
5679.01,143257768,PC,1.6622263,3.415,12560.0,18.8693,2157.0,3599.67,6152.0,4.09,1.61,293.389753,-45.891635,11.2016,420.716,CANDIDATE
568.01,37575651,APC,9.5971977,2.9439152,600.5813487,,857.6839365,127.8880916,5780.0,4.438,,135.340486,-28.324589,8.2866,305.676,CANDIDATE
5680.01,368739874,CP,3.3575477,1.788,26240.0,12.6518,883.0,101.253,5013.0,4.61,0.75,221.058269,5.605373,12.9463,306.779,CONFIRMED
5681.01,207439380,APC,1.1041295,1.18,12540.0,10.6327,1407.0,652.193,4974.0,4.46,0.88,244.780658,55.925243,12.8086,336.074,CANDIDATE
5682.01,17538423,PC,3.1159994,3.966,6920.0,15.7497,1709.0,1419.36,6098.0,4.09,1.6,243.316278,34.332049,13.0266,974.602,CANDIDATE
5683.01,155949264,PC,0.7748443,0.431,21020.0,17.1413,642.0,28.2246,3448.0,4.61,0.64,231.508334,44.824639,14.812,,CANDIDATE
5684.01,32260988,PC,1.1000285,1.561,29080.0,16.0194,1609.0,1114.93,5644.0,4.53,0.9,233.688677,-9.344444,12.4344,340.9,CANDIDATE
5686.01,255928426,PC,4.2366102,3.559,14790.0,15.6978,1206.0,351.913,5407.5,4.19,1.28,247.460912,37.69456,12.012,394.427,CANDIDATE
5687.01,281100535,APC,2.924439,1.448,11110.0,8.56554,837.0,81.7751,4803.0,4.56,0.77,228.974876,10.461265,11.536,153.891,CANDIDATE
5688.01,193634953,CP,2.9479689,1.584,24090.0,9.41494,639.0,27.6969,3588.0,4.67,0.58,266.9231,47.705049,14.2085,226.318,CONFIRMED
5689.01,323250919,PC,3.3299795,2.101,23460.0,14.9891,1117.0,258.909,5794.0,4.5,0.95,241.316382,7.395593,13.3173,591.975,CANDIDATE
569.01,123482865,CP,6.5562078,2.314,2970.0,8.40415,879.0,99.2324,6845.0,4.36113,1.47,115.102779,-42.154663,9.4727,156.226,CONFIRMED
5690.01,115508409,PC,10.4995545,2.123,7030.0,15.8295,776.0,60.338,6288.9,4.02,1.79,253.33734,44.109543,12.6502,968.283,CANDIDATE
5691.01,17652022,PC,3.3894889,2.372,3650.0,6.16071,,352.72,5657.3,,1.03,244.846831,32.16612,12.6151,483.682,CANDIDATE
5692.01,37150278,PC,1.6929628,1.546,14820.0,12.4331,1233.0,384.155,5250.0,4.42,0.97,232.046386,-10.555269,12.5806,306.397,CANDIDATE
5693.01,272519426,PC,2.8900249,0.506,25960.0,,481.0,8.93236,4305.3,,,236.518383,4.691983,12.169,,CANDIDATE
5694.01,23638678,APC,1.1544795,0.817,51180.0,16.9317,699.0,39.7301,3543.0,4.63,0.62,216.830952,-7.547545,14.4753,276.652,CANDIDATE
5695.01,103865797,FP,2.2232698,0.648,31700.0,9.36074,419.0,5.11732,3157.0,4.87,0.36,242.15447,19.253248,14.2399,100.029,FALSE POSITIVE
5696.01,393546540,PC,1637.265104,5.981,1323.0,3.16626,80.0,0.0068439,5271.0,4.56,0.83,161.156925,6.333475,9.1352,66.4522,CANDIDATE
5696.02,393546540,PC,32.429738,4.419,988.0,2.6538,493.0,9.85942,5271.0,4.56,0.83,161.156925,6.333475,9.1352,66.4522,CANDIDATE
5696.03,393546540,PC,,8.0912058,1204.4442717,4.8522374,248.2866757,0.8981206,5271.0,4.56,0.828003,161.156925,6.333475,9.1352,66.4522,CANDIDATE
5697.01,416739490,PC,6.2183322,2.5958709,744.7463441,2.501165,845.7523198,120.9187899,5554.41,4.64142,0.782913,53.907151,10.842913,10.8327,150.233,CANDIDATE
5698.01,264052454,PC,2.346931,0.955,5198.0,9.2562,1161.0,302.08,5901.0,4.34605,1.15,307.558008,79.667473,11.3529,301.644,CANDIDATE
5699.01,224328450,PC,22.0183163,3.48,3736.0,10.5432,628.0,25.8591,5901.0,3.99,1.74,251.226157,31.21077,10.4488,304.745,CANDIDATE
570.01,126733133,APC,1.4687087,0.87,1475.0,5.20197,1455.0,745.344,5973.0,4.27298,1.31,136.955524,-51.867213,10.027,193.468,CANDIDATE
5700.01,76193403,PC,1.7812778,2.261,540.0,1.85549,1591.0,1063.79,5329.0,4.58,0.82,273.51971,39.333582,10.4557,121.957,CANDIDATE
5701.01,43276438,PC,15.0764899,3.981,678.0,2.44538,842.0,83.5256,6149.4,4.45,1.06,252.691066,40.317443,10.36,195.785,CANDIDATE
5702.01,141985686,FA,3.1291319,1.993,680.0,4.10795,1328.0,516.613,6236.0,4.13,1.57,255.456895,14.707465,9.83993,222.812,FALSE POSITIVE
5703.01,10792081,PC,10.1694553,4.534,852.0,2.48528,1020.0,180.213,5856.0,4.45,1.01,29.198406,65.770236,10.0223,146.959,CANDIDATE
5704.01,148673433,CP,3.7711066,2.3375061,1647.6730314,3.3409641,852.9098252,125.0643329,4590.0,4.5426,0.757521,169.824869,44.989078,10.6147,89.637,CONFIRMED
5705.01,165625229,PC,10.5998647,3.021,924.0,2.82438,1203.0,348.496,5888.0,4.48,0.98,227.785718,55.934769,9.77081,128.329,CANDIDATE
5706.01,137843225,PC,0.3576555,0.483495,996.7081729,3.4133323,2146.5775801,5017.7308025,4717.0,4.23,1.05486,226.735266,57.495691,10.7641,120.483,CANDIDATE
5707.01,441614965,PC,2.0364271,1.847,268.0,1.60247,1387.0,614.718,5553.0,4.48827,0.93,118.70305,77.299495,9.73378,108.095,CANDIDATE
5708.01,335813325,PC,2.6953698,0.7628489,757.7733755,4.5145927,1252.0224838,580.7236509,5521.0,4.4322,0.991556,183.276766,11.938091,9.1454,87.2349,CANDIDATE
5709.01,286813592,PC,3.3810227,1.9012451,797.2617518,1.4978948,598.9305429,30.41073,3600.0,4.74127,0.495592,164.648973,14.623639,11.1501,44.6467,CANDIDATE
5710.01,173002823,PC,28.4064643,4.0008805,886.162065,2.5276328,504.8704882,15.3546861,5415.0,4.60828,0.797844,150.602674,34.658047,10.305,114.555,CANDIDATE
5711.01,441804533,PC,16.303675,3.221932,1119.9625254,2.2450389,406.6782728,6.4643503,3729.0,4.60049,0.661191,265.45518,72.217348,11.506,85.34439,CANDIDATE
5712.01,388898854,PC,8.2077264,4.4353335,667.6868432,3.816863,1005.5238813,241.5964564,6057.0,4.35121,1.1743,174.323105,11.167346,10.5591,228.546,CANDIDATE
5713.01,219041246,CP,10.4419896,1.714349,3992.4372644,1.8605473,317.8151042,2.4111217,3271.0,4.93417,0.292425,208.458732,52.602763,12.7022,40.8668,CONFIRMED
5714.01,467158766,PC,7.7784947,2.605685,760.4735322,2.8542925,876.4617758,139.4610477,5610.2,4.46925,0.961354,132.028101,57.488956,10.3463,141.492,CANDIDATE
5715.01,147923561,PC,6.2822993,1.9391524,632.5840625,1.2659515,519.6870504,17.2380677,3827.0,4.73676,0.50074,165.739289,69.916131,11.4201,56.1495,CANDIDATE
5716.01,298074836,PC,6.7662729,1.0575063,1998.3738721,1.0176743,346.566242,3.4093064,3331.0,5.02076,0.225966,201.900799,73.177433,13.1066,39.4122,CANDIDATE
5717.01,53481079,PC,13.478722,4.0987608,1323.2275744,3.2337702,676.6620949,49.5459771,5479.3,4.5543,0.856628,162.575676,50.796516,10.8222,157.154,CANDIDATE
5718.01,17932757,PC,716.8426894,4.424864,1562.8136485,2.6487075,121.9377133,0.0522484,3922.0,4.59159,0.672256,170.27386,41.576429,10.8075,65.9721,CANDIDATE
5719.01,4843495,PC,,7.6230584,511.7373229,2.5656171,222.0800847,0.5748565,6347.0,4.45158,1.10473,147.003946,30.17842,9.67055,155.483,CANDIDATE
572.01,289535142,APC,2.3382709,2.895948,14693.7520628,14.5827994,1624.8593288,1647.3431502,6621.0,4.20742,1.17441,131.524924,-13.20287,12.54,660.815,CANDIDATE
5720.01,230055368,CP,1.4344602,0.9348877,1028.2187852,1.393219,691.2885073,53.970737,3421.0,4.85368,0.37103,170.313577,25.273294,11.6196,35.8256,CONFIRMED
5721.01,85292615,PC,729.4823472,6.9397715,819.483247,3.330945,204.5759725,0.413942,5881.4,4.45955,1.00725,156.749744,30.700545,9.92937,140.084,CANDIDATE
5722.01,458481611,PC,61.3191144,5.7455309,6593.1382192,6.3907079,363.4903344,4.1256508,4911.0,4.54009,0.795305,233.47988,64.647463,12.9454,315.535,CANDIDATE
5723.01,235901733,PC,170.6465146,6.1836278,12283.6633675,12.8504525,346.553227,3.4087943,5695.0,4.32135,1.14952,289.508854,80.531857,12.8857,575.831,CANDIDATE
5724.01,162631539,PC,697.4037698,4.9658691,448.8749774,3.0187258,247.6001174,0.8882279,6060.54,4.21457,1.3749599,245.779902,50.344188,6.9014,50.4126,CANDIDATE
5725.01,1042432,PC,746.9545356,2.77304,1671.1171293,2.7184667,147.762315,0.1126616,3933.0,4.63174,0.623191,153.929163,28.355191,11.4053,78.9286,CANDIDATE
5726.01,71582156,CP,5.4911302,1.9062098,448.451647,2.430675,1093.0345624,337.3312542,5874.0,4.37711,1.10649,123.39505,68.57459,9.16067,108.848,CONFIRMED
5727.01,357048995,PC,6.3928694,3.7128927,451.9563235,3.3171645,1165.0370206,435.391459,5712.0,4.12,1.44969,274.566208,58.562948,10.5988,261.104,CANDIDATE
5728.01,219875976,PC,11.4974559,2.3907993,843.1062336,1.1269607,349.147284,3.5120094,3444.0,4.84899,0.375994,260.350936,67.550421,12.4896,54.7045,CANDIDATE
5729.01,103605399,PC,554.4989676,2.9052363,6058.5947589,3.8883371,240.8825959,0.7956878,3870.0,4.80522,0.423548,151.210123,69.164969,12.6265,81.2392,CANDIDATE
573.01,296780789,APC,13.5773431,1.7245219,156034.718417,19.8484205,531.8530421,18.9098286,3404.0,4.91079,0.338,142.346908,-14.511711,12.519,88.3935,CANDIDATE
5730.01,138820713,PC,1.9271225,1.4530399,898.6821302,1.4261604,701.4746588,57.2227793,3572.0,4.76894,0.464169,175.56543,24.192494,11.1557,40.9866,CANDIDATE
5731.01,188668950,PC,270.303816,6.682468,2898.2731965,4.4969676,201.8283767,0.3921479,4448.25,4.51125,0.767409,260.098822,52.433465,11.241,109.835,CANDIDATE
5732.01,335952150,PC,60.1702823,3.337,1941.0,11.9133,649.0,29.4687,6710.0,4.29122,1.42,265.556587,53.203935,10.2071,275.456,CANDIDATE
5733.01,224297408,PC,8.2751966,2.0749903,958.0302036,2.7563441,664.6732318,46.1268457,4388.89,4.43387,0.832265,184.966156,55.165724,10.968,102.462,CANDIDATE
5734.01,9989136,PC,6.1841688,2.5898497,1052.3509168,2.4076002,698.8705758,56.3777871,4645.0,4.62,0.693766,111.255818,37.231122,8.5446,32.5102,CANDIDATE
5735.01,157769780,PC,2.1208156,0.8427764,1148.8773237,0.837844,483.360368,12.9004588,3222.0,5.0449,0.210908,147.125026,77.389748,12.2822,22.914,CANDIDATE
5736.01,310380289,PC,0.6489868,1.1349755,615.5445069,1.6921774,1202.0920667,493.4826926,3949.0,4.66859,0.579535,213.758397,49.500938,11.982,92.3604,CANDIDATE
5737.01,229618478,PC,19.4480946,3.5107588,1327.1099723,2.3009285,397.8609983,5.921701,3966.0,4.63584,0.618273,278.903346,77.735552,12.3105,118.505,CANDIDATE
5738.01,198162530,PC,0.768125,0.9992062,491.4350185,1.3040556,1063.3130159,302.1102929,3717.0,4.67682,0.569914,243.906538,61.926901,12.1898,91.2062,CANDIDATE
5738.02,198162530,PC,28.5462089,1.7666666,1744.4659966,2.8547322,318.6316783,2.4359973,3717.0,4.67682,0.569914,243.906538,61.926901,12.1898,91.2062,CANDIDATE
5739.01,328934980,PC,8.4306162,5.5823881,182.9089572,2.0500339,1128.3677245,383.1101186,6104.12,4.15159,1.49138,205.169536,19.199859,7.1367,61.8703,CANDIDATE
5740.01,230087765,PC,1.689442,1.3359142,318.7756761,1.3821489,1130.7522348,386.3588109,4552.0,4.50087,0.788247,246.952745,69.781491,11.958,168.06,CANDIDATE
5741.01,159851831,PC,24.0004143,3.138,1240.0,2.83659,436.0,6.01946,4579.0,4.49,0.8,269.207527,39.223388,10.4514,86.8854,CANDIDATE
5742.01,258557847,FP,3.965824,2.911,680.0,7.03413,1392.0,624.031,6199.0,3.62,2.8,278.191584,18.146175,10.042,438.137,FALSE POSITIVE
5743.01,308300731,PC,7.6603722,2.159,9918.0,8.87205,704.0,40.7846,5250.0,4.51,0.87,267.904353,24.427455,10.4748,127.428,CANDIDATE
5744.01,157768969,PC,5.7488832,5.003,190.0,2.08943,1556.0,974.493,6009.0,4.11,1.54,147.128216,73.449342,9.75577,207.057,CANDIDATE
5745.01,18016577,PC,,4.5873679,863.297992,2.2163959,161.137269,0.1593327,5097.94,4.61197,0.759102,171.573332,38.22096,9.8127,78.3388,CANDIDATE
5746.01,318209162,FP,711.7642825,3.4176443,20978.1367866,12.6338972,319.2256315,2.4542117,4661.56,4.57751,0.732648,142.378244,50.963802,10.5295,85.5353,FALSE POSITIVE
5747.01,4918918,CP,0.5734766,0.9004508,818.3903403,1.4969531,988.2507357,225.4185164,3466.0,4.80761,0.420908,148.37832,35.570548,10.7818,28.5321,CONFIRMED
5748.01,407495930,PC,3.0269043,3.819,7120.0,14.2605,1718.0,1446.66,6154.0,4.06,1.67,7.084443,73.107753,12.9255,866.343,CANDIDATE
5749.01,387329912,PC,5.4328364,7.38,1420.0,12.63,1787.0,1693.95,6024.0,3.43,3.4,309.954211,68.720161,10.7778,609.042,CANDIDATE
575.01,386435344,FP,19.3721051,3.0859149,3219.5594645,17.4598301,996.6001297,233.1335405,6529.0,4.00314,1.88186,127.99531,-16.885121,8.77728,181.987,FALSE POSITIVE
5750.01,310262516,PC,1.9044134,0.952,31200.0,12.8293,672.0,33.8566,3952.0,4.62,0.63,248.532721,24.322372,14.6578,353.098,CANDIDATE
5751.01,426144112,PC,1.7465205,1.453,7080.0,9.21007,1204.0,349.37,5219.0,4.36,1.04,359.079391,73.907596,13.3889,439.501,CANDIDATE
5752.01,349440621,PC,6.7113743,2.294,22640.0,15.6415,796.0,66.8731,5616.2,4.42,1.02,250.384451,23.578282,13.4016,634.873,CANDIDATE
5753.01,332365162,PC,7.4242482,2.873,8060.0,14.2577,911.0,114.75,5760.0,4.08,1.53,250.578389,29.783159,13.1895,914.008,CANDIDATE
5754.01,135267558,PC,3.6479472,1.683,9470.0,11.96,1058.0,208.679,5999.0,4.35,1.16,244.056148,20.293793,12.6025,557.293,CANDIDATE
5755.01,256584532,PC,5.4397285,3.099,8020.0,10.0246,976.0,150.751,5188.0,4.29,1.12,327.686471,70.646428,12.9079,444.485,CANDIDATE
5756.01,72889156,APC,7.6408565,0.99,23050.0,9.43925,308.0,1.50483,3517.0,4.69,0.56,254.164732,37.783239,14.0287,,CANDIDATE
5757.01,219506608,PC,32.6116713,2.052,15640.0,11.6182,319.0,1.72193,4626.0,4.45,0.84,246.612431,46.47222,13.1351,316.349,CANDIDATE
5758.01,82598822,PC,10.9299688,2.407,15520.0,11.7101,644.0,28.5552,5555.0,4.5,0.92,255.916787,37.139828,13.4932,592.293,CANDIDATE
5759.01,317594531,PC,8.350615,1.62,8550.0,13.6804,698.0,39.5424,6075.0,4.23,1.36,351.79759,76.340765,13.2038,738.614,CANDIDATE
576.01,408310006,CP,5.4435354,3.5,3219.0,7.30242,1248.0,402.866,6313.0,4.32632,1.25,144.875105,-20.982419,8.86849,114.173,CONFIRMED
5760.01,255907107,PC,7.924204,4.458,8160.0,12.6224,1081.0,226.813,5739.6,4.17,1.39,246.972473,38.453189,12.5992,618.078,CANDIDATE
5761.01,428703516,APC,19.5422056,3.465,4120.0,5.05981,554.0,15.7305,5221.0,4.62,0.77,47.417232,75.04759,11.7149,192.846,CANDIDATE
5762.01,257531677,PC,3.946066,1.792,8410.0,11.2929,1019.0,179.278,5769.6,4.35,1.13,258.32211,25.249466,12.6536,527.004,CANDIDATE
5763.01,354832924,PC,6.9541458,4.077,7080.0,15.5368,1149.0,289.666,5917.0,3.97,1.78,38.768278,69.23472,13.185,774.0,CANDIDATE
5764.01,150476057,PC,5.0859973,1.594,9400.0,16.2391,912.0,114.916,6503.0,4.13,1.65,251.802577,22.123397,12.768,960.081,CANDIDATE
5765.01,397763985,PC,3.8779743,3.294,4676.0,9.43,1348.0,549.351,5798.0,4.06,1.57,6.844544,70.805696,11.5437,371.785,CANDIDATE
5766.01,353225230,APC,0.5721596,1.127,6530.0,9.61266,2172.0,3696.08,5560.2,4.33,1.12,253.97902,14.966082,13.0009,550.385,CANDIDATE
5767.01,351652998,PC,4.015073,3.229,22900.0,15.9171,1232.0,383.57,5690.0,4.42,1.03,256.38386,20.550685,13.4429,648.967,CANDIDATE
5768.01,470990157,PC,3.7749324,3.902,5920.0,12.3016,1642.0,1208.55,6448.0,4.14,1.62,278.553118,23.767651,12.8212,928.084,CANDIDATE
5769.01,462715015,FP,1.7548863,1.314,2620.0,5.83196,1244.0,397.807,5589.0,4.37,1.08,270.736094,20.069409,11.5578,278.969,FALSE POSITIVE
577.01,410094645,APC,3.329754,2.862,21380.0,22.3335,1430.0,694.276,7341.0,4.14244,1.5,133.258916,-22.198143,12.4167,680.747,CANDIDATE
5770.01,23179035,PC,1.4529225,1.604,17180.0,12.177,1564.0,993.613,5986.6,4.59,0.88,274.654678,30.923869,13.0383,512.769,CANDIDATE
5771.01,459836041,PC,6.6867154,2.945,3870.0,11.1995,1000.0,166.048,5839.0,3.95,1.8,63.823421,86.119625,13.038,864.093,CANDIDATE
5772.01,313609787,PC,3.5023306,1.31,11020.0,13.5233,862.0,91.9991,5568.0,4.26,1.21,261.172485,26.050455,13.442,757.959,CANDIDATE
5773.01,445795465,PC,2.7404478,3.422,5340.0,12.6696,1529.0,908.875,5390.0,3.93,1.74,81.782314,75.789224,12.4443,614.872,CANDIDATE
5774.01,9701368,PC,5.4049747,2.932,22870.0,14.7278,1007.0,170.944,5662.6,4.49,0.95,259.979063,31.514818,13.2035,554.905,CANDIDATE
5775.01,289666986,PC,2.4369467,3.969,26190.0,7.18163,1298.0,471.423,3550.0,4.82,0.41,56.240106,77.464603,14.8831,190.462,CANDIDATE
5776.01,310728245,PC,4.1816344,4.13,4180.0,13.4666,1473.0,782.898,5900.0,3.98,1.76,264.17484,20.219083,12.1884,676.452,CANDIDATE
5777.01,459189798,PC,6.9171675,2.038,1250.0,2.51967,602.0,21.9209,4208.0,4.6,0.67,141.002239,82.858696,11.8799,114.277,CANDIDATE
5778.01,264468702,PC,6.0962241,1.866,21520.0,9.0747,508.0,11.1142,3769.0,4.65,0.6,325.737466,83.311725,14.0296,236.52,CANDIDATE
5779.01,102846772,PC,10.2515829,4.588,4270.0,11.6535,1034.0,190.021,6080.0,3.97,1.83,128.61913,70.048117,13.1293,1161.94,CANDIDATE
5780.01,43333094,PC,7.5358996,1.413,15840.0,16.6203,591.0,20.3071,5306.0,4.29,1.13,260.96985,19.921187,13.4747,657.865,CANDIDATE
5781.01,279920478,PC,5.38265,7.477,1110.0,10.2347,1561.0,986.287,4942.0,,3.05,38.116051,80.746391,11.8987,675.318,CANDIDATE
5782.01,158845573,PC,5.0048582,5.027,750.0,4.81636,1479.0,795.439,5641.8,3.91,1.83,269.951986,27.829972,10.6582,327.322,CANDIDATE
5783.01,319684122,PC,5.4459647,2.437,850.0,2.77011,988.0,158.296,5483.0,4.48,0.93,289.755762,9.478414,9.0745,78.454,CANDIDATE
5784.01,302814895,FP,8.6800186,2.41,870.0,5.59572,895.0,106.576,6521.0,4.02,1.86,293.330825,29.299805,9.96017,309.386,FALSE POSITIVE
5785.01,456367532,PC,3.0783215,2.701,2660.0,,,,,,,305.568071,16.614306,10.421,198.793,CANDIDATE
5786.01,40292751,CP,12.7791964,5.242,3008.0,6.85813,1225.0,374.462,6280.0,4.28,1.33,293.322326,30.704247,9.77301,192.475,CONFIRMED
5787.01,446616059,FP,3.1072375,4.485,737.0,5.27608,3473.0,24167.8,6030.0,4.25,1.31,290.80532,11.979134,9.77017,174.979,FALSE POSITIVE
5788.01,42883782,PC,16.2134274,3.551,530.0,1.99447,696.0,38.9693,5664.0,4.58,0.86,287.424902,31.761528,9.6069,97.614,CANDIDATE
5788.02,42883782,PC,6.3346129,3.341,330.0,1.53236,1078.0,224.712,5664.0,4.58,0.86,287.424902,31.761528,9.6069,97.614,CANDIDATE
5789.01,87216634,PC,12.9256051,1.691,790.0,2.53704,478.0,8.71939,5132.0,4.49,0.88,302.773447,16.189714,6.5715,20.4581,CANDIDATE
579.01,238061845,PC,1.6843068,1.567,912.0,14.0651,1220.0,368.424,4959.7,,4.94,104.121254,-50.157911,9.6668,,CANDIDATE
5790.01,187333348,APC,2.1981511,1.747,3880.0,22.1803,1580.0,1034.78,6898.0,3.53,3.49,291.847279,-15.312077,8.73331,337.653,CANDIDATE
5791.01,110936761,FP,2.2906144,1.949,1390.0,4.657,1400.0,638.802,5651.0,4.27,1.22,297.923094,2.519482,10.4519,198.263,FALSE POSITIVE
5792.01,95423778,APC,0.7036041,0.81,3360.0,7.01336,1578.0,1029.5,5726.0,4.36,1.11,295.697851,3.566678,10.492,183.242,CANDIDATE
5795.01,151724385,CP,6.1406882,3.3861325,2627.6198191,5.4273017,1004.561242,240.6726137,5708.0,4.4,1.05042,304.868782,-7.54766,10.1872,156.53,CONFIRMED
5799.01,328081248,CP,4.1645448,1.5725422,2612.2397484,1.9881393,487.3029274,13.3265301,3521.0,4.8805,0.343358,301.630179,15.989142,11.1798,27.8123,CONFIRMED
580.01,81419525,PC,1.5498373,2.729,3594.0,13.3884,5565.0,159308.0,11159.0,4.51,1.58,123.108274,-46.10914,9.5518,346.494,CANDIDATE
5800.01,151759246,CP,2.6282606,1.2408211,731.2082684,2.8331017,1037.8197981,274.1629769,4821.0,4.51,0.817034,305.065546,-7.411924,8.6133,42.9052,CONFIRMED
5803.01,466382581,CP,5.3829728,1.382,1078.0,3.5038,816.0,73.722,5134.0,4.61,0.76,327.24875,6.278178,9.937,84.0126,CONFIRMED
5804.01,303055194,FP,1.7615631,1.171,1050.0,6.69058,1399.0,636.482,6270.7,3.94,1.95,330.671188,11.991029,9.78095,263.608,FALSE POSITIVE
5805.01,378390325,PC,20.5676815,5.523,1112.0,5.30408,1417.0,670.217,6809.0,4.26,1.49,302.40861,34.572718,9.30608,195.711,CANDIDATE
5806.01,283621618,PC,3.1856488,1.304,4750.0,11.2665,1299.0,473.071,6602.0,4.22,1.51,329.101803,20.677981,8.2942,119.199,CANDIDATE
5807.01,188646744,PC,14.2423724,4.046,225.0,2.12067,1027.0,184.841,6815.9,4.17,1.65,308.567224,43.36069,6.8806,72.9611,CANDIDATE
5808.01,459735346,PC,7.1701672,2.859,731.0,2.37279,994.0,162.379,5707.0,4.5,0.94,315.608921,10.610466,8.9415,79.953,CANDIDATE
5809.01,283471501,PC,9.2103194,2.341,853.0,2.62813,634.0,26.9787,4115.1,,0.88,314.549077,40.192264,9.3206,,CANDIDATE
581.01,180987952,PC,1.3891689,1.675,696.0,6.01556,4743.0,84020.4,10585.0,4.35,1.84,130.261455,-41.442796,9.5287,434.207,CANDIDATE
5810.01,379824738,PC,5.6857105,6.105,6330.0,15.1292,1575.0,1023.84,6142.0,3.96,1.87,324.598984,23.118991,10.291,320.387,CANDIDATE
5811.01,331484419,PC,6.25656,3.509,875.0,11.4949,1655.0,1247.98,5608.0,,3.81,310.911906,19.727938,7.74689,169.494,CANDIDATE
5813.01,92439980,PC,27.0525472,3.862,953.0,2.99769,571.0,17.7487,5615.0,4.42,1.01,302.885118,31.637672,9.77358,121.745,CANDIDATE
5814.01,427041513,PC,6.254395,2.466,1174.0,2.73791,912.0,115.322,4986.0,4.52,0.83,304.973328,33.00991,10.4008,104.955,CANDIDATE
5816.01,194076601,PC,20.4282929,7.501,7660.0,12.8306,1355.0,559.996,8991.0,4.45701,1.47,307.215708,42.224014,11.2546,566.807,CANDIDATE
5817.01,418604868,CP,15.6146058,5.8168055,467.1437307,3.0272584,855.9604214,126.863222,5809.0,4.17404,1.3820699,322.377799,21.474527,8.0581,80.7542,CONFIRMED
5819.01,330218897,PC,3.4200073,1.9339167,746.044174,2.8520931,1170.2620601,443.2548574,5463.0,4.39104,1.03162,326.452999,23.560485,10.828,188.762,CANDIDATE
582.01,287474726,FP,3.7442007,3.5004762,803.2627817,18.117379,3570.099957,38392.1562998,9988.0,3.59,4.23822,127.128062,-28.359254,9.3994,900.651,FALSE POSITIVE
5825.01,269243313,PC,9.7348295,4.325,1017.0,3.6974,1053.0,204.476,6115.71,4.33401,1.21,324.697165,-0.046455,9.95806,182.264,CANDIDATE
5826.01,48253329,PC,2.8140207,3.191,7400.0,17.2648,1981.0,2559.93,7456.0,4.09,1.96,298.181417,-14.356986,11.7134,774.122,CANDIDATE
5827.01,369062542,PC,5.0493049,3.885,7850.0,15.7942,1272.0,435.709,5821.0,3.97,1.76,291.908234,23.273823,12.9192,614.225,CANDIDATE
5828.01,351077390,PC,1.1951761,2.4,2970.0,4.46821,1957.0,2437.87,5313.0,4.56,0.83,293.193881,25.086499,12.2148,264.73,CANDIDATE
5829.01,363029616,PC,1.3502386,2.178,1650.0,9.28384,1657.0,1251.72,5015.0,,2.29,304.706801,23.314311,11.3492,418.945,CANDIDATE
583.01,131743355,PC,6.5604227,1.028,4049.0,11.1988,1081.0,227.331,10902.0,4.42,1.72,118.476378,-39.992999,9.3761,354.432,CANDIDATE
5830.01,224418572,FP,2.8465928,2.664,2110.0,8.8779,1340.0,536.42,5308.0,3.82,1.94,282.101495,15.49419,11.8512,487.216,FALSE POSITIVE
5831.01,308504559,PC,3.7846792,2.51,5870.0,12.2675,1318.0,501.062,6360.0,4.16,1.55,285.940869,-0.427822,10.9653,324.532,CANDIDATE
5832.01,287934343,PC,5.1357505,3.504,11560.0,13.7192,1291.0,461.579,6301.0,4.32,1.28,300.997003,21.216507,12.776,675.49,CANDIDATE
5833.01,213875310,PC,2.6721807,2.433,15750.0,13.6986,1316.0,499.207,5549.0,4.38,1.06,293.921021,3.847794,13.1692,509.036,CANDIDATE
5834.01,281118572,PC,3.5242025,1.79,23590.0,12.31,777.0,60.7404,4485.0,4.5,0.78,294.34447,6.680285,12.231,178.827,CANDIDATE
5835.01,346859243,PC,6.4226101,3.007,16970.0,13.4185,828.0,78.3241,4977.0,4.37,0.98,280.858907,21.869776,13.0949,407.252,CANDIDATE
5836.01,354727907,PC,8.4498763,1.773,71390.0,11.6649,350.0,2.51961,3330.0,4.82,0.41,289.449596,19.148045,14.5478,145.911,CANDIDATE
5837.01,395143000,PC,2.9665122,3.346,8220.0,13.1813,1995.0,2634.75,7564.0,4.35,1.46,287.099114,17.113422,12.4152,614.974,CANDIDATE
5838.01,222485202,PC,3.5982966,1.614,28570.0,13.0275,717.0,43.9473,4458.0,4.54,0.75,284.84062,9.130169,12.8557,218.118,CANDIDATE
5839.01,355732304,FP,2.5411063,3.491,8720.0,16.4931,1939.0,2348.06,6657.0,4.08,1.78,286.031721,17.003203,12.3367,730.258,FALSE POSITIVE
584.01,74482749,FP,1.2602151,1.7829162,3711.7152579,28.2499512,3997.2246581,60333.0433838,9255.0,3.88,2.9098899,137.518351,-43.924957,9.1103,436.431,FALSE POSITIVE
5840.01,68345291,PC,4.006489,3.949,11560.0,16.2059,1612.0,1122.8,6600.0,4.23,1.49,280.308395,31.540811,13.4506,1176.96,CANDIDATE
5841.01,350882505,PC,4.2025514,4.028,3360.0,10.5624,1404.0,646.84,5678.0,3.93,1.8,285.246468,22.49894,12.1201,500.44,CANDIDATE
5842.01,23937608,PC,2.8091879,1.927,3080.0,5.92308,1239.0,392.13,5821.0,4.44,1.03,276.085381,34.552392,12.5432,460.272,CANDIDATE
5843.01,24113219,PC,4.197866,3.223,10650.0,12.6868,1210.0,356.665,5581.0,4.27,1.21,276.61571,30.393617,13.3247,680.835,CANDIDATE
5844.01,230292034,PC,6.0671557,2.12,2080.0,6.40583,878.0,98.668,5737.0,4.18,1.36,276.359302,47.169164,11.9963,465.656,CANDIDATE
5845.01,209935997,PC,1.9081122,2.094,2660.0,18.193,2424.0,5740.22,8944.0,3.75,3.3,298.101717,16.668394,11.4599,1465.57,CANDIDATE
5846.01,75784122,PC,10.5353472,1.098,9570.0,15.2166,486.0,9.27536,6044.0,4.19,1.4,271.308088,41.808015,12.8895,784.865,CANDIDATE
5847.01,95574586,PC,2.5641981,4.469,2840.0,6.33611,,2863.8,6014.0,,1.23,295.850508,3.031456,11.8895,351.781,CANDIDATE
5848.01,808243,PC,1.5101054,2.993,13090.0,19.2985,2094.0,3194.9,5964.0,4.0,1.74,300.737815,-0.046819,13.4236,1095.42,CANDIDATE
5849.01,71459120,PC,3.9964264,1.722,12340.0,13.0504,945.0,132.764,5771.0,4.34,1.14,303.563498,-10.497985,11.2543,273.452,CANDIDATE
585.01,190990336,APC,5.547255,4.835,11569.0,19.6103,1456.9324919,1064.8261726,6118.1,4.29,1.66,134.373008,-39.778423,8.9544,157.612,CANDIDATE
5850.01,151728428,FP,3.9997367,0.384,7460.0,13.8899,367.0,3.03288,3827.0,4.62,0.64,304.882706,-8.298523,10.9951,64.193,FALSE POSITIVE
5851.01,277329402,PC,4.5049415,2.372,14400.0,11.5788,1022.0,181.815,5697.0,4.45,0.99,292.681077,12.393071,12.8137,433.416,CANDIDATE
5852.01,387844266,PC,3.9956793,2.056,38380.0,13.077,746.0,51.5714,4348.0,4.62,0.67,306.528142,1.775949,13.4781,255.965,CANDIDATE
5853.01,278623780,PC,3.7219898,2.306,15860.0,12.8025,1116.0,257.512,5806.0,4.47,0.98,286.234694,18.113615,11.9781,293.498,CANDIDATE
5854.01,346154016,PC,4.449914,2.449,13550.0,14.3475,891.0,105.034,4910.0,4.19,1.2,280.048586,20.236342,12.647,385.952,CANDIDATE
5855.01,41422753,FP,2.4710528,3.033,5420.0,12.1002,2378.0,5313.3,6114.0,4.52,0.97,294.008142,32.214606,12.3924,438.754,FALSE POSITIVE
5856.01,3680800,PC,0.5498864,1.588,1110.0,4.44804,2590.0,7481.4,5808.0,4.2,1.35,290.236828,-7.830216,11.0263,298.032,CANDIDATE
5857.01,336072306,PC,3.415047,1.406,8610.0,11.3277,944.0,131.926,5449.0,4.31,1.12,274.564767,42.460287,13.4236,667.063,CANDIDATE
5858.01,256046749,PC,7.1476512,3.03,13510.0,11.017,848.0,86.2156,5287.0,4.45,0.94,299.798591,23.055057,12.3224,318.912,CANDIDATE
5859.01,114947483,PC,3.3787501,1.837,9480.0,6.36345,698.0,39.4252,3769.0,4.63,0.63,285.361705,29.021536,13.1338,165.237,CANDIDATE
586.01,131979339,FP,22.6384642,4.988,4982.0,28.0326,1399.0,636.099,9511.0,4.05,2.42,118.913661,-37.857713,8.2268,253.02,FALSE POSITIVE
5860.01,462372373,APC,5.2498931,1.666,9200.0,12.9409,900.0,109.163,5988.0,4.27,1.27,304.923086,11.052848,12.0019,442.817,CANDIDATE
5861.01,11034516,PC,14.3033451,4.769,26130.0,17.1437,813.0,72.8052,5862.0,4.42,1.05,297.980126,24.038241,12.5375,432.745,CANDIDATE
5862.01,20988926,FP,5.3194765,4.653,3640.0,15.9815,1663.0,1271.35,6987.0,3.77,2.66,285.062239,34.258278,12.0997,1276.28,FALSE POSITIVE
5863.01,345205395,PC,2.8492565,1.846,24100.0,13.9182,938.0,129.049,4829.0,4.46,0.87,300.67684,0.22858,12.7354,276.469,CANDIDATE
5864.01,184531966,PC,10.4453589,4.548,9360.0,11.824,976.0,150.959,5961.0,4.32,1.19,296.483805,38.352933,12.9564,659.756,CANDIDATE
5865.01,383216635,PC,6.6314176,2.372,3080.0,10.0835,999.0,165.896,6044.0,4.0,1.75,311.221373,6.641216,11.3471,482.143,CANDIDATE
5866.01,341297143,FP,3.8421028,1.184,8920.0,13.2581,923.0,120.549,6247.0,4.28,1.32,311.306229,12.167609,11.1838,356.406,FALSE POSITIVE
5867.01,380517859,FP,1.109435,2.723,27240.0,10.2843,1627.0,1164.27,3613.0,4.75,0.49,303.667055,30.776057,14.9156,254.311,FALSE POSITIVE
5868.01,236158940,PC,2.677573,2.885,3310.0,14.0246,1817.0,1812.44,6875.8,3.85,2.41,313.419524,34.351623,11.3283,756.82,CANDIDATE
5869.01,210169818,PC,3.3879742,4.127,9990.0,19.4699,1702.0,1395.05,6236.0,3.94,1.95,307.099112,18.242431,13.2483,1368.83,CANDIDATE
587.01,294090620,FP,8.044239,5.3289306,4937.505363,15.1761031,1902.1841748,3094.0780065,9333.0,,2.0411401,130.395919,-22.194298,7.81307,210.139,FALSE POSITIVE
5870.01,305375697,PC,,3.516,3736.0,10.8653,567.0,17.2269,6336.8,4.2,1.48,324.59941,11.006898,10.7974,344.862,CANDIDATE
5871.01,373816781,PC,1.343636,2.275,26070.0,18.3699,1973.0,2519.68,6339.0,4.45,1.1,320.850391,39.813037,12.7966,581.579,CANDIDATE
5872.01,138671052,PC,2.2425137,2.062,2730.0,6.01656,1495.0,830.151,6032.0,4.37,1.14,320.134358,46.817074,12.3295,466.611,CANDIDATE
5873.01,353146308,PC,0.4131063,0.368,21940.0,12.2118,904.0,111.259,3621.0,4.74,0.5,324.986222,1.293368,14.0135,175.022,CANDIDATE
5874.01,376454594,PC,2.5784481,1.253,7620.0,10.3952,971.0,147.884,5512.0,4.33,1.12,320.15457,1.804035,12.3072,406.631,CANDIDATE
5875.01,283165117,PC,5.216581,3.314,7060.0,8.2634,1064.0,213.2,5248.0,4.42,0.96,321.373881,20.059165,13.1099,454.912,CANDIDATE
5876.01,106114491,FP,9.7216312,3.272,1830.0,7.28362,1014.0,176.156,6702.0,4.13,1.7,301.080672,32.50162,10.6372,387.926,FALSE POSITIVE
5877.01,282890159,PC,6.9100016,4.536,4310.0,15.2568,1799.0,1742.51,8722.0,3.99,2.47,299.529431,27.326911,12.0836,970.989,CANDIDATE
5878.01,247172524,PC,3.4363074,2.861,27910.0,14.7953,1133.0,274.056,5213.0,4.53,0.85,313.931272,29.818541,12.8056,350.804,CANDIDATE
5879.01,258037656,PC,4.0331416,1.348,37790.0,9.63078,463.0,7.64407,3355.0,4.76,0.48,328.351781,21.414161,14.3602,167.333,CANDIDATE
588.01,130415266,PC,39.4718663,6.186,7758.0,16.3498,1015.0,176.652,10416.0,4.35,1.82,104.74986,-47.023366,7.3123,154.186,CANDIDATE
5880.01,184521624,PC,3.1162505,3.289,11400.0,15.0692,1593.0,1071.51,6244.0,4.22,1.42,296.46857,36.150385,13.3573,943.441,CANDIDATE
5881.01,360142739,PC,2.2377411,4.079,3640.0,14.7763,2150.0,3548.41,6148.0,3.72,2.46,296.606916,36.952758,12.5366,1101.02,CANDIDATE
5882.01,232941965,CP,7.1487697,6.864,1900.0,14.1861,2317.0,4792.5,5706.0,3.7,2.35,311.888638,34.737492,10.6338,416.104,CONFIRMED
5883.01,283759999,APC,0.5223032,0.685,4390.0,14.2556,2104.0,3259.1,6285.0,4.06,1.72,315.879749,18.696523,12.5701,882.718,CANDIDATE
5884.01,13574009,PC,5.8311038,3.283,4240.0,15.2747,1209.0,354.772,6390.0,3.83,2.29,320.450532,23.926451,10.5002,440.704,CANDIDATE
5885.01,233788275,PC,4.7264391,3.196,3150.0,14.0851,1321.0,506.011,6132.0,3.75,2.37,302.999561,55.435028,12.5816,1036.16,CANDIDATE
5886.01,15682927,FP,0.9655766,1.224,3140.0,11.5845,2186.0,3796.11,7542.0,4.11,1.92,306.988834,37.146334,12.3886,832.543,FALSE POSITIVE
5887.01,277987172,FP,6.3989216,2.781,3830.0,10.6347,1139.0,280.377,6243.0,4.12,1.59,302.761752,19.706749,12.4276,726.81,FALSE POSITIVE
5888.01,273780062,PC,15.2501659,4.331,4560.0,9.87708,785.0,63.3289,5796.0,4.14,1.44,298.214477,42.50326,12.6212,629.405,CANDIDATE
5889.01,383214426,PC,2.4013188,1.988,27340.0,12.4643,919.0,118.916,4224.0,4.54,0.72,311.21156,8.849353,12.9722,200.902,CANDIDATE
589.01,412961700,FP,2.5183846,2.1596206,616.0227482,21.1354407,3359.5335853,30104.8834446,10817.0,,5.7888398,127.222618,-20.950461,6.725,390.393,FALSE POSITIVE
5890.01,279179610,PC,5.9029732,3.337,8450.0,11.3389,1347.0,547.695,7142.0,4.49,1.18,313.903317,46.758479,13.1251,665.349,CANDIDATE
5891.01,202941251,PC,4.1784844,4.307,5000.0,15.7612,1602.0,1094.98,6283.0,3.77,2.4,304.450192,30.687351,11.3909,688.501,CANDIDATE
5892.01,375199523,FP,1.9447712,1.345,2880.0,13.5597,1265.0,425.174,5369.0,3.68,2.32,309.343258,6.152848,11.6866,593.047,FALSE POSITIVE
5893.01,321790238,PC,,5.718,7997.0,10.6236,1039.0,193.477,5887.0,4.35,1.15,317.926468,8.980673,11.4879,320.641,CANDIDATE
5894.01,398038296,PC,3.0076713,3.094,10740.0,12.7756,1437.0,708.388,5704.0,4.27,1.22,312.780843,12.806318,13.1645,682.724,CANDIDATE
5895.01,243464977,APC,3.6491012,1.691,5880.0,11.0954,965.0,144.518,5628.0,4.14,1.4,309.595065,21.021892,12.0995,486.566,CANDIDATE
5896.01,14956304,PC,0.9965843,2.633,14280.0,6.86149,1488.0,815.756,3662.0,4.67,0.58,306.50933,36.215279,14.6656,284.245,CANDIDATE
5897.01,305612552,PC,6.9349089,3.234,14850.0,11.4838,906.0,112.177,5364.0,4.46,0.94,306.840001,14.618924,12.7968,409.12,CANDIDATE
5898.01,467211520,PC,9.7884653,3.894,2590.0,10.0684,873.0,96.5028,5369.0,3.84,1.92,296.641607,55.016607,12.5037,715.744,CANDIDATE
5899.01,126171392,FP,0.7835688,1.095,7440.0,11.8563,1791.0,1710.79,5932.0,4.26,1.28,315.252899,29.702279,12.935,675.895,FALSE POSITIVE
590.01,270841724,FP,18.90372,9.067,24270.0,,,,,,,132.068717,-47.114757,10.441,,FALSE POSITIVE
5900.01,224635135,PC,2.4667486,2.984,7030.0,18.8159,1698.0,1380.7,5960.0,3.78,2.22,312.316702,22.04423,13.3192,1406.96,CANDIDATE
5901.01,294173437,FP,5.555905,3.459,3750.0,11.9323,1253.0,409.941,5867.0,3.88,1.95,300.768857,50.507747,12.5454,853.753,FALSE POSITIVE
5902.01,65737977,PC,4.8292589,4.084,5930.0,13.6377,1606.0,1106.76,7035.0,4.18,1.67,310.511981,40.302572,12.2866,760.606,CANDIDATE
5903.01,60542708,PC,2.4707357,1.597,5560.0,11.779,1198.0,343.055,5869.0,4.1,1.53,320.552366,13.129732,12.5937,682.522,CANDIDATE
5904.01,408317165,PC,5.6567374,3.223,7790.0,13.5941,1156.0,296.507,5975.7,4.09,1.57,316.686735,3.185566,13.4171,1036.7,CANDIDATE
5905.01,341299943,PC,3.0233509,2.369,17150.0,11.3795,1049.0,201.365,4881.0,4.5,0.84,311.466288,13.840621,12.8127,296.925,CANDIDATE
5906.01,276376289,APC,30.1181254,3.3132176,14201.3576216,16.7776477,619.9413012,34.9078647,5809.0,4.35,1.1248,313.489596,42.743527,11.2922,283.463,CANDIDATE
5907.01,387318486,PC,0.6583175,0.796,3740.0,8.31454,1963.0,2467.92,5766.0,4.38,1.08,315.219892,17.116416,12.4411,456.741,CANDIDATE
5908.01,452483795,FP,2.4515393,3.005,7520.0,11.6029,2075.0,3082.85,7143.0,4.4,1.32,303.89385,24.521157,13.0008,841.296,FALSE POSITIVE
5909.01,354489554,PC,4.7729363,3.344,4300.0,12.9614,1328.0,517.385,6269.0,3.94,1.96,314.592827,10.404855,12.6132,987.706,CANDIDATE
591.01,146261607,FP,8.4915117,6.035,40640.0,87.0155,1924.0,2278.83,9365.0,4.08,4.18,123.581899,-34.819322,10.1749,1219.08,FALSE POSITIVE
5910.01,273774284,FP,17.2182695,7.888,4810.0,8.64247,1092.0,236.125,6330.0,4.31,1.29,297.982441,42.754529,13.4177,932.309,FALSE POSITIVE
5911.01,239361732,PC,4.009823,4.015,7750.0,12.1613,1567.0,1001.22,6304.5,4.27,1.35,311.218561,42.893255,12.8343,786.279,CANDIDATE
5912.01,16538820,PC,6.9038328,5.483,3790.0,14.2131,1266.0,426.677,5612.0,3.71,2.31,326.604379,25.113022,12.1486,802.137,CANDIDATE
5913.01,289313987,APC,10.1522322,6.614,9641.0,19.4581,1294.0,466.261,6509.0,4.0,1.92,314.865755,20.099913,11.7685,694.7,CANDIDATE
5914.01,187416256,PC,4.3887257,3.243,5820.0,8.92241,1213.0,359.493,5561.0,4.32,1.13,321.897222,-8.352445,12.0389,369.604,CANDIDATE
5915.01,329709756,FP,12.5482879,3.396,49260.0,13.0082,481.0,8.90508,3923.0,4.66,0.59,314.751697,47.54196,14.3196,273.689,FALSE POSITIVE
5916.01,305506996,PC,2.3682389,1.866,48700.0,10.9197,735.0,48.4913,3504.0,4.75,0.49,325.299511,9.599053,14.5249,199.724,CANDIDATE
5917.01,239529652,PC,4.0387941,3.537,5560.0,9.54371,1504.0,850.594,6345.0,4.31,1.31,300.806373,25.167467,12.7031,654.081,CANDIDATE
5918.01,305790119,PC,2.0353259,2.032,12030.0,11.6988,1420.0,675.543,5771.0,4.41,1.05,307.122227,14.563891,12.8978,537.542,CANDIDATE
5919.01,165948070,PC,4.3686174,2.943,3730.0,13.2129,1137.0,277.556,5393.0,3.76,2.13,317.15771,37.74979,12.2869,704.54,CANDIDATE
592.01,196286587,FP,10.4137962,3.482,1948.0,8.3814,942.0,131.058,6439.3,4.12,1.97,125.557166,-25.06947,10.1985,358.441,FALSE POSITIVE
5920.01,467006627,FP,15.4159906,2.127,4500.0,10.5168,578.0,18.6278,6120.0,4.12,1.56,312.86048,2.616271,11.499,453.294,FALSE POSITIVE
5921.01,286545058,PC,5.0114216,4.514,4940.0,15.3662,1476.0,788.546,6152.0,3.82,2.22,312.987123,19.566441,13.0598,1329.58,CANDIDATE
5922.01,364192929,PC,5.2079858,3.795,8550.0,16.7817,1120.0,261.968,5204.1,3.88,1.79,319.530766,-4.447342,13.3113,914.716,CANDIDATE
5923.01,60491424,PC,4.0252588,3.596,8980.0,13.4189,1429.0,692.888,6059.0,4.2,1.4,320.185603,16.654795,12.7861,742.549,CANDIDATE
5924.01,289125016,FP,6.2043746,5.957,4380.0,14.9548,1530.0,911.223,6122.0,3.71,2.49,314.494487,19.27883,11.429,707.092,FALSE POSITIVE
5925.01,345193111,PC,6.1606297,2.218,10230.0,11.9381,948.0,134.424,6352.0,4.42,1.14,313.764992,12.082556,12.2493,496.639,CANDIDATE
5926.01,372831381,PC,3.8116176,1.997,6560.0,7.38288,987.0,157.644,5430.0,4.52,0.89,308.078444,15.503079,12.0025,275.103,CANDIDATE
5927.01,163164300,PC,3.7306955,3.657,6140.0,12.6264,1617.0,1136.26,6503.0,4.17,1.56,316.141663,34.34452,12.143,700.098,CANDIDATE
5928.01,387318409,PC,3.246565,3.478,8870.0,12.5001,1643.0,1210.17,6277.0,4.29,1.32,315.179483,17.179357,12.7,722.174,CANDIDATE
5929.01,92217989,PC,4.6079976,3.148,7730.0,15.6586,1382.0,605.972,6662.0,4.08,1.79,302.637399,30.549164,12.9153,1011.55,CANDIDATE
593.01,128463355,FP,13.9086,2.987,4760.0,37.5946,,,6333.0,3.81,2.29,118.059584,-29.714072,10.1078,382.898,FALSE POSITIVE
5930.01,88266880,PC,3.7984372,4.539,4500.0,11.9632,1743.0,1535.28,6289.0,3.95,1.94,304.053952,16.450619,11.0235,486.583,CANDIDATE
5931.01,24833662,PC,4.2447791,2.896,5800.0,9.6255,1253.0,409.43,5763.0,4.26,1.24,317.473506,-7.415145,12.4083,501.965,CANDIDATE
5932.01,405122173,PC,3.1003012,1.826,11350.0,18.292,1232.0,383.536,6323.0,4.09,1.67,328.165918,2.857438,13.0812,1067.12,CANDIDATE
5933.01,322593401,PC,5.5901313,1.245,11420.0,8.79073,557.0,16.0188,4743.0,4.57,0.75,309.31074,53.27722,13.4538,326.203,CANDIDATE
5934.01,407958640,PC,2.5505105,1.463,14510.0,20.0973,1152.0,292.554,6190.0,4.11,1.59,319.780293,-4.741358,12.9724,940.966,CANDIDATE
5935.01,276704866,PC,3.0200448,1.597,10640.0,13.0636,1008.0,171.551,5585.0,4.25,1.23,305.795833,48.419551,12.6045,468.664,CANDIDATE
5936.01,396378209,APC,0.3781425,0.473,4760.0,9.06704,1545.0,946.484,5080.0,4.4,0.96,314.240317,3.997017,13.0338,406.197,CANDIDATE
5937.01,158552665,PC,21.0685273,3.007,15800.0,13.6234,502.0,10.5716,5403.0,4.36,1.06,287.542561,42.667453,13.3872,609.717,CANDIDATE
5938.01,452508760,PC,2.260431,2.098,2680.0,3.92152,1106.0,249.273,4452.0,4.54,0.74,303.908842,28.659226,11.3519,114.035,CANDIDATE
5939.01,27230283,PC,6.13049,6.11,3640.0,12.5189,1542.0,940.498,6078.0,3.86,2.08,294.598841,51.65194,13.1765,1316.27,CANDIDATE
594.01,146406806,PC,13.9492617,4.5805345,7952.4129979,,757.1670082,77.676157,,,,123.733512,-31.60831,10.3979,992.63,CANDIDATE
5940.01,296898634,FP,2.8534013,5.176,15830.0,11.4232,1551.0,961.087,3662.0,4.72,0.52,312.075178,47.930643,14.1736,196.44,FALSE POSITIVE
5941.01,303456821,PC,11.0771916,4.091,1920.0,2.97165,747.0,51.7045,4738.0,4.64,0.69,308.581132,53.008814,11.9693,161.365,CANDIDATE
5942.01,166190643,FP,1.6540803,2.008,3460.0,15.2145,1889.0,2118.23,6453.0,3.76,2.51,317.541024,38.239559,11.7528,799.123,FALSE POSITIVE
5943.01,63659057,PC,15.7866044,6.116,6960.0,11.2628,975.0,150.132,6237.4,4.27,1.33,308.598081,37.717272,13.0251,782.391,CANDIDATE
5944.01,88101924,PC,5.9404096,2.479,15160.0,11.945,947.0,133.684,5933.0,4.5,0.97,303.74091,17.103875,13.2223,593.58,CANDIDATE
5945.01,159104028,PC,3.3825012,3.422,4430.0,9.00661,1553.0,967.25,6117.0,4.22,1.38,289.682998,42.611661,13.0581,849.105,CANDIDATE
5946.01,366846982,PC,5.754879,6.944,1820.0,12.52,1902.0,2173.06,6742.0,3.66,2.95,311.805966,47.323959,12.1724,1186.44,CANDIDATE
5947.01,331691841,PC,6.9341584,1.937,510.0,2.15853,873.0,96.5124,5451.0,4.54,0.87,336.694607,18.583431,8.5898,57.6245,CANDIDATE
5948.01,419878932,APC,7.9058861,0.867,2370.0,12.3664,548.0,15.0146,6294.0,3.88,2.1,337.695918,8.640146,10.1223,333.474,CANDIDATE
5949.01,64282927,PC,1.8826035,1.712,337.0,1.40901,1236.0,387.637,4996.0,4.57,0.78,321.721228,53.639816,9.0331,53.6142,CANDIDATE
5949.02,64282927,PC,3.3751374,1.851,172.0,0.974713,1018.0,178.535,4996.0,4.57,0.78,321.721228,53.639816,9.0331,53.6142,CANDIDATE
595.01,287329267,FP,7.64348,2.772,560.0,6.82171,1007.0,170.804,6258.1,3.59,2.94,109.783542,-59.302042,9.9959,432.642,FALSE POSITIVE
5950.01,258738667,PC,6.4389303,2.879,3079.0,,,,,,,332.469256,19.938063,10.447,187.377,CANDIDATE
5951.01,154762431,PC,3.1728284,1.777,360.0,3.27956,1539.0,932.329,6689.0,4.19,1.59,344.175427,43.887339,8.80558,160.708,CANDIDATE
5952.01,287643871,PC,45.7138545,4.283,5549.0,17.5122,514.0,11.5909,5513.0,3.75,2.18,326.831427,34.850944,9.53851,219.386,CANDIDATE
5953.01,27863043,PC,7.4924561,6.072,694.0,5.73125,1607.0,1109.54,5242.0,,2.12,333.026487,26.474465,9.77894,219.343,CANDIDATE
5954.01,297153209,FP,10.7004569,1.281,2409.0,13.1568,747.0,51.9069,6906.0,3.84,2.44,312.029841,43.938698,9.41809,339.255,FALSE POSITIVE
5955.01,434116397,PC,0.5902387,1.045052,518.7240999,1.6802901,1216.1685093,517.0065166,3844.0,4.6589,0.590924,355.467833,14.106803,10.3224,42.8747,CANDIDATE
5956.01,236785891,PC,0.9292334,0.983716,45240.8420953,10.6079914,815.2828522,104.4129181,3207.0,4.74975,0.485926,283.317267,59.817657,15.762,303.767,CANDIDATE
5957.01,407653728,PC,3.2520192,3.491,9420.0,12.5826,1731.0,1493.68,6756.31,4.38298,1.28,326.477915,39.654557,13.0091,783.179,CANDIDATE
5958.01,436764867,PC,2.3062125,1.5098977,400.6390117,2.0651033,1352.7258275,791.3345542,5816.0,4.48945,0.963996,345.63745,24.24957,9.5236,108.991,CANDIDATE
596.01,144956678,FP,1.5136003,2.4400695,745.1393405,8.3090193,2781.4385255,14144.8668844,6017.0,3.55,2.93328,122.068635,-35.559433,9.9071,388.682,FALSE POSITIVE
5961.01,262689575,PC,1.617487,1.2809267,342.1852102,1.3134056,955.7638559,197.2074933,3900.68,4.5239,0.70171,349.216044,5.695887,9.0392,26.2533,CANDIDATE
5962.01,239541449,FP,1.9261183,1.068842,3853.8831363,4.8624405,1137.0548605,395.0450985,5383.13,4.7447,0.678984,341.769762,29.851994,10.9417,127.29,FALSE POSITIVE
5964.01,200606159,PC,3.9816471,3.247,15590.0,14.4616,1270.0,431.951,5771.0,4.33924,1.14,339.474237,44.965228,12.6108,494.908,CANDIDATE
5965.01,405788729,PC,4.2254748,4.8390265,1577.257225,7.6400361,1474.8087701,1118.0567499,5729.0,3.95931,1.75516,324.751784,62.94426,11.7066,408.59,CANDIDATE
5966.01,404610583,FP,3.5381039,2.441937,11844.6534836,12.0728557,1257.6993121,591.3277978,6084.0,4.45887,1.0424401,336.147609,16.878856,10.5332,202.773,FALSE POSITIVE
5967.01,369532319,PC,15.343585,3.901,1344.0,3.32532,743.0,50.6698,5758.0,4.45663,0.99,338.574347,33.823466,10.1233,145.066,CANDIDATE
5968.01,431810418,PC,753.822332,4.495,520.0,1.90769,1180.0,322.574,5940.0,4.42516,1.06,349.267516,31.353989,9.50492,122.831,CANDIDATE
5968.02,431810418,PC,9.2152386,3.487,695.0,2.47478,956.0,138.746,5940.0,4.42516,1.06,349.267516,31.353989,9.50492,122.831,CANDIDATE
597.01,146208651,FP,6.5197781,2.63,1290.149756,8.5555002,846.0,85.1668,4951.7,3.55,2.65,133.457963,-48.81268,9.796,253.619,FALSE POSITIVE
5971.01,160432093,PC,3.9914012,4.2579634,8891.5603147,17.0087765,1634.7344157,1687.7566393,6528.05,4.0799,1.75165,322.75454,30.003448,10.9852,427.467,CANDIDATE
5973.01,154353849,PC,3.1643744,2.506,3842.0,6.79941,1403.0,643.751,6238.0,4.33794,1.23,342.559971,43.659987,12.4884,552.989,CANDIDATE
5974.01,354173595,PC,1.7266943,0.9051433,1037.7815799,1.2127014,662.7454689,45.5940395,3487.0,4.85306,0.371684,349.765951,7.915601,10.8221,25.6553,CANDIDATE
5975.01,376847633,PC,373.0381637,15.3281375,2858.622379,8.4472776,577.1642659,26.2251959,6508.0,4.18652,1.54352,275.339308,69.370707,10.6338,349.787,CANDIDATE
5976.01,348054109,FP,0.4378024,1.5315811,1462.5517623,1.4551234,972.9866029,211.8109673,3256.0,4.85874,0.365717,281.676903,21.828321,12.0575,,FALSE POSITIVE
5977.01,12938488,APC,0.4317124,0.8674164,19454.2065361,8.4942819,1115.4360389,365.8471618,3180.0,4.66041,0.58914,298.542574,26.878936,14.6343,236.385,CANDIDATE
5978.01,266023807,PC,0.7394818,1.247372,153.5319003,1.3097748,1941.9263461,3360.8723448,5632.0,4.45734,0.977079,314.409442,22.192647,9.64057,110.828,CANDIDATE
598.01,81429971,FP,3.0432421,3.192,1622.0,11.9045,2160.0,3620.18,8000.0,,3.59,123.178216,-42.93501,10.1356,869.555,FALSE POSITIVE
5981.01,120045750,PC,7.0142458,2.6555328,1867.3179922,2.3954787,499.5920759,14.7225544,3721.0,4.703,0.539525,283.967767,39.062238,11.8086,70.6891,CANDIDATE
5983.01,356871098,PC,1.0271879,0.9889992,863.0912024,1.375524,787.0157613,90.6681431,3406.0,4.82682,0.399822,276.053314,66.935559,12.7949,66.0022,CANDIDATE
5985.01,272782368,PC,2.4157665,2.1700812,242.4992335,1.5356382,1041.6319451,278.2134769,4837.0,4.55481,0.774575,238.153554,66.873296,10.6894,106.05,CANDIDATE
5987.01,284900292,PC,48.7130843,4.8155571,1609.7433089,2.4883067,291.8663524,1.7149724,3943.0,4.6329,0.621798,260.979452,57.469309,12.3932,122.896,CANDIDATE
5989.01,154437244,PC,6.8669657,3.8812584,796.5543815,3.5242338,1035.3989982,271.6138825,6173.0,4.44273,1.07955,126.102246,79.559644,11.0644,272.599,CANDIDATE
599.01,145982812,FP,0.82967,1.755,4744.55,20.1053,4448.0,65023.4,6991.1,3.83,2.65,133.145204,-50.008798,10.4708,618.602,FALSE POSITIVE
5990.01,29385858,PC,700.9622566,6.2194192,456.5698347,2.2203819,522.1793937,17.5711392,5626.0,5.47131,1.00018,238.915233,40.137034,9.43301,102.798,CANDIDATE
5991.01,230064711,PC,7.0893162,3.3795425,127.6112321,1.6279088,1077.1479991,318.1431068,5983.0,4.29138,1.24177,230.205817,67.167478,8.77912,105.85,CANDIDATE
5996.01,293880523,PC,109.0502946,7.3613043,3819.91221,12.6721874,715.7032239,62.0087384,8953.0,4.22329,1.92506,296.106671,58.375608,10.2403,547.169,CANDIDATE
5997.01,39516274,PC,5.655018,1.7818546,356.813695,1.5874236,730.2379204,67.2014321,4674.0,4.61121,0.704768,263.152578,33.570556,9.2576,46.521,CANDIDATE
5998.01,370907864,PC,9.3380252,2.8573107,1771.5047592,3.093161,557.8740267,22.8910424,4066.0,4.52539,0.723481,292.576514,18.394928,11.5118,95.6465,CANDIDATE
600.01,134396419,FP,4.3652608,1.976,1362.0,,1583.0,1044.26,9156.5,,,122.272933,-37.06186,10.2681,829.726,FALSE POSITIVE
6000.01,259233660,CP,0.4489589,0.7637477,674.8277016,1.015263,1022.913907,258.7481981,3419.0,4.84756,0.377509,292.606298,68.154592,13.1638,75.7664,CONFIRMED
6002.01,102734241,CP,10.9048392,1.5530648,4030.7760993,1.5489482,296.3966212,1.8239545,3272.0,4.99712,0.242121,299.614252,32.28717,12.6396,32.0266,CONFIRMED
6007.01,279922257,PC,949.7905952,4.2222063,3029.1585847,2.8632815,106.5435861,0.030453,3500.0,4.80448,0.424371,39.176567,78.652241,11.8288,48.3609,CANDIDATE
6008.01,286201103,CP,0.8573727,0.5478598,2045.7091221,1.2465478,649.3272227,42.012202,3098.0,5.00721,0.235048,310.448734,49.646899,12.2936,23.1008,CONFIRMED
6009.01,128558444,PC,1.5500607,1.225,2550.0,11.5208,2594.0,7523.43,8552.3,4.18,2.04,339.230939,37.675516,10.4403,597.281,CANDIDATE
601.01,141363913,PC,3.477756,1.999,1177.0,11.3342,1229.0,379.541,6221.0,3.53,3.1,129.462346,-43.042017,9.9223,409.766,CANDIDATE
6010.01,199949052,PC,0.5868508,0.494,1005.0,6.12033,1658.0,1255.21,5842.0,4.17,1.48,336.737635,45.971999,10.4963,274.738,CANDIDATE
6011.01,414019147,PC,2.3179699,1.496,12009.0,14.5204,1010.0,172.957,5770.0,4.438,1.33,336.690787,57.434161,12.598,374.145,CANDIDATE
6012.01,432280671,PC,16.2117629,5.3495584,3669.0022778,7.2826036,809.6830845,101.5736987,6119.0,4.35436,1.18343,355.02941,32.015761,10.5418,226.572,CANDIDATE
6016.01,327369524,CP,4.0236805,3.71,8925.0,14.9702,1382.0,606.797,5807.0,4.06406,1.57,4.52396,59.766198,11.3864,364.715,CONFIRMED
6018.01,67881560,PC,2.3322524,1.4407556,571.3138896,1.902342,1031.2997377,267.3379607,4983.53,4.65066,0.708945,9.347123,40.905168,10.3337,88.1971,CANDIDATE
6019.01,125520907,PC,14.5478626,5.4881637,3222.8170072,12.189719,1013.8009423,249.6501113,5559.5,3.84,1.9794101,355.09135,35.94084,10.0651,260.342,CANDIDATE
602.01,175176327,APC,11.0998745,2.1987363,4867.1256349,27.7781976,2010.4751747,3861.142775,10633.0,4.08,2.5065,115.825326,-36.496714,10.0465,613.411,CANDIDATE
6020.01,334597566,FP,9.1099373,9.51,8817.0,13.5278,,1223.52,6511.0,4.438,1.48,331.313408,64.098143,12.0471,507.236,FALSE POSITIVE
6022.01,455947620,PC,1.9281092,1.41745,107974.2359543,17.7947707,597.0685598,30.0343207,3264.0,4.8548,0.369847,340.001249,60.8235,13.7057,86.9388,CANDIDATE
6022.02,455947620,PC,1.5454492,2.7821528,4280.7714918,2.4829303,642.7614652,40.3385544,3264.0,4.8548,0.369847,340.001249,60.8235,13.7057,86.9388,CANDIDATE
6023.01,341444900,FP,9.0330414,5.965,227.0,7.35267,2001.0,2661.86,7527.0,,5.64,325.228645,55.06675,8.629,475.345,FALSE POSITIVE
6024.01,56231866,FP,2.7218347,1.663,560.0,14.1545,1388.0,616.895,4758.0,,5.53,356.038387,26.42567,9.3185,365.845,FALSE POSITIVE
6025.01,439942982,PC,1.0222806,2.071,1280.0,8.97675,3126.0,15853.1,8448.0,3.98,2.46,1.074045,42.5736,9.645701,486.144,CANDIDATE
6026.01,396234347,PC,1.2757761,1.313,230.0,1.28307,1211.0,357.418,4540.4,4.5,0.79,0.223191,35.752445,8.9553,42.0564,CANDIDATE
6027.01,368678195,PC,2.8406462,2.7440612,57872.8336091,24.2892126,1055.5743901,293.4109933,4389.0,4.24954,1.02903,12.740739,68.185903,13.8504,416.463,CANDIDATE
6029.01,419523962,CP,5.7998626,5.684,2387.0,11.022,1484.0,806.794,5852.0,3.64892,2.55,8.386256,61.860766,11.6593,603.119,CONFIRMED
603.01,262746281,CP,16.1798603,6.495,2249.0,7.89958,942.0,131.122,5900.8,4.04,1.63,141.107854,5.766056,9.74179,205.924,CONFIRMED
6032.01,285466025,PC,7.3723906,7.8217079,347.7876879,4.8405988,1540.7755679,1331.9212095,6083.0,3.68069,2.5524099,36.784679,32.876956,7.98475,153.525,CANDIDATE
6033.01,67711670,PC,18.0401494,6.0379226,5645.2975375,11.1154985,882.4917606,143.3387586,6345.0,4.21827,1.4445699,43.372328,39.260148,10.6492,309.804,CANDIDATE
6034.01,388076422,CP,2.5761796,1.5879379,49904.2528728,12.1450869,661.8718403,45.3541068,3628.0,4.73924,0.497905,317.900139,68.402076,13.2297,117.992,CONFIRMED
6035.01,323194443,PC,3.9074188,2.5052202,15476.6369436,,1157.2097975,423.8082529,5780.0,4.438,,332.646204,69.774239,13.859,,CANDIDATE
6036.01,129756316,APC,6.5234669,5.814,7191.0,17.8406,1524.0,897.345,6409.0,3.93,2.04,34.836888,40.993944,9.74061,300.063,CANDIDATE
6037.01,352924930,FP,4.0158188,6.257,560.0,4.59761,2243.0,4207.93,6950.0,3.78,2.64,21.805455,67.966855,10.3755,480.772,FALSE POSITIVE
6038.01,194736418,CP,5.826731,4.571,1068.0,4.71778,1617.0,1135.31,6305.0,4.11,1.62,51.657269,40.81727,9.3229,179.147,CONFIRMED
6039.01,272050287,FP,8.503614,1.203,1590.0,10.2441,669.0,33.4398,6255.0,3.88,2.31,355.433763,63.018844,10.244,425.467,FALSE POSITIVE
604.01,145027461,FP,1.07242,1.996,632.189,22.0397,1841.0,1909.78,5001.6,,7.97,122.257466,-30.787939,10.4029,1006.54,FALSE POSITIVE
6040.01,250839071,PC,3.4926045,4.379,7071.0,15.6608,1813.0,1793.79,6558.7,,1.8,34.445951,53.807582,9.8781,,CANDIDATE
6041.01,192415680,PC,1094.062167,3.534,2352.0,4.39378,566.0,17.1449,5359.0,4.55,0.85,46.061033,43.557667,9.2063,72.4731,CANDIDATE
6042.01,374919956,PC,7.7966237,1.461,2000.0,18.0417,1048.0,200.285,9434.0,3.66,3.78,32.085966,56.409783,10.0201,897.633,CANDIDATE
6044.01,356916207,PC,2.2538642,1.5107491,383.7274369,2.1962137,1482.7274023,1142.2633882,5957.0,4.39105,1.10261,273.377336,55.206926,9.97967,161.482,CANDIDATE
6045.01,467649533,PC,7.4826325,6.5647136,2569.9421713,11.8138164,1458.8996447,1070.588751,6128.0,3.7824,2.2911999,60.640787,34.004137,10.5547,398.105,CANDIDATE
6046.01,66296167,PC,3.413702,2.9160091,15800.4739836,12.9118144,1223.7992852,530.104856,5845.0,4.44554,1.01592,72.096663,62.06265,13.7471,653.446,CANDIDATE
6047.01,115451738,PC,2.0814345,6.7307424,16749.4607119,14.7083576,1360.0729581,808.6671936,5583.0,4.46043,0.9697,83.73088,31.076493,14.1279,690.466,CANDIDATE
6048.01,280024247,PC,5.4928246,3.4008546,1006.1582134,5.5323212,1410.9076511,936.5163332,6235.0,4.05522,1.70647,53.357584,59.988799,10.3971,280.271,CANDIDATE
605.01,181304295,PC,3.3840629,1.578,6449.0,16.52,,1009.39,8265.0,,2.12,130.919589,-36.656997,10.4349,508.905,CANDIDATE
6050.01,339207264,PC,5.4823596,4.955098,6502.5514222,15.2816665,1475.0069316,1118.657778,6243.0,3.98185,1.85996,84.398599,64.981529,11.2873,462.414,CANDIDATE
6051.01,353960022,PC,3.9200919,4.1169544,22430.0040626,22.5941886,1513.8331768,1241.1751658,6574.32,4.23875,1.47238,62.377542,47.556648,13.4593,915.507,CANDIDATE
6053.01,66091052,APC,2.2118281,2.5738654,2215.4831814,10.3424055,2460.5462963,8662.5781435,7690.0,4.03855,2.12813,70.979903,61.859336,9.89943,359.465,CANDIDATE
6054.01,392681545,CP,7.4903271,5.800713,225.5988767,2.5277726,1221.8268955,526.6956422,6111.67,4.08398,1.61211,56.337007,60.350917,7.4961,79.407,CONFIRMED
6054.02,392681545,CP,12.5759948,6.529918,284.6855263,2.7981797,1028.0064164,263.9394474,6111.67,4.08398,1.61211,56.337007,60.350917,7.4961,79.407,CONFIRMED
6055.01,355640518,PC,0.8497194,1.3521675,69488.1410322,19.5460599,1092.8518572,337.1057655,3493.0,4.432,0.679269,79.929125,48.135896,14.4907,229.367,CANDIDATE
6056.01,102808276,PC,3.1420495,2.6691319,18253.753966,12.6079161,1039.1796205,275.6027117,4996.0,4.47095,0.877202,63.241059,67.675548,14.6332,515.161,CANDIDATE
6057.01,104734832,PC,10.327438,8.8021114,1239.1563644,8.6575486,1379.8484358,856.7350684,6402.35,3.78349,2.4084699,64.056257,50.409606,9.51295,305.581,CANDIDATE
6058.01,144006874,PC,2.3673691,1.474,592.0,3.89751,1626.0,1161.29,4403.0,4.58,0.71,81.402245,37.118266,9.5951,47.6869,CANDIDATE
6059.01,321578632,PC,6.3667329,2.628,778.0,2.19947,920.0,118.939,5413.7,4.55,0.85,83.380008,55.128812,10.2596,118.685,CANDIDATE
606.01,122262940,FP,2.0034063,2.661,3372.0,30.4003,3091.0,15162.9,6514.0,4.03,2.27,133.238613,-57.940623,10.2688,431.861,FALSE POSITIVE
6060.01,428867906,PC,3.3906311,2.344,720.0,8.3102,1624.0,1156.25,7373.8,3.56,3.54,57.561241,50.620837,9.86105,384.79,CANDIDATE
6061.01,239823606,PC,8.1309123,3.313,313.0,1.51687,966.0,144.968,5639.0,4.46,0.97,87.169462,35.034111,8.895701,79.384,CANDIDATE
6062.01,122629761,PC,8.2125318,3.203,898.0,2.68623,950.0,135.613,5936.0,4.47,1.0,77.169833,36.416746,9.47632,115.362,CANDIDATE
6063.01,67031480,PC,2.1142179,1.655,949.0,17.3594,2327.0,4869.36,10207.0,,5.54,83.006941,36.588677,10.4246,1476.12,CANDIDATE
6064.01,428767018,PC,15.3058859,3.463,6498.0,13.4962,807.0,70.5288,6803.6,4.12,1.75,57.248111,49.111008,10.409,347.587,CANDIDATE
6065.01,172033454,PC,8.2065998,3.785,417.0,4.6173,2135.0,3451.52,6061.0,4.21,1.38,97.619224,31.880556,9.4526,162.125,CANDIDATE
6066.01,219697927,PC,1.8330979,2.742,168.0,1.87367,2049.0,2928.12,6335.0,4.1,1.65,135.451718,67.674993,8.85042,157.64,CANDIDATE
6067.01,198458010,PC,87.2129046,2.986,659.0,2.89746,299.0,1.3372,6236.0,4.35,1.22,261.817314,54.84798,9.76711,173.577,CANDIDATE
6068.01,400093502,PC,10.66839,2.717,460.0,2.81276,872.0,96.346,6718.0,4.32,1.37,88.202883,70.6741,9.67596,200.447,CANDIDATE
6069.01,259099556,FA,1.6290926,4.6315189,411.7525108,3.94559,1857.8209989,2815.3764354,5658.0,4.08591,1.5037,291.148444,67.527964,8.92071,122.51,FALSE POSITIVE
607.01,153651591,FP,2.1456324,2.1680096,1438.6746953,11.0288578,3322.8508101,28811.4006979,9389.0,3.92,2.80165,121.009264,-26.165676,10.5259,921.917,FALSE POSITIVE
6070.01,29106627,PC,9.5128916,3.1254171,1191.6067436,2.7531721,672.3725733,48.3015382,4998.0,4.58615,0.767312,118.325326,44.025016,11.1878,140.442,CANDIDATE
6071.01,440624788,PC,5.3664457,2.2975955,8748.7436413,10.9418064,1013.0874521,248.9480604,5358.0,4.34315,1.07573,93.042393,43.120288,12.9311,478.189,CANDIDATE
6074.01,99896567,PC,12.1324506,1.5751733,171.2764262,1.5690907,803.406097,98.4603771,5865.0,4.44965,1.0159301,310.421968,35.54592,6.8456,34.5797,CANDIDATE
6075.01,424388628,PC,832.9236254,8.6876381,594.2376069,1.7373781,203.5682958,0.4058463,4193.0,4.53686,0.725064,281.037793,75.99159,9.4287,39.889,CANDIDATE
6076.01,308301091,PC,720.5742399,6.6602076,1456.9031847,5.3917254,259.5261864,1.0721258,6665.4,4.31,1.37318,267.86727,24.811367,9.82897,221.682,CANDIDATE
6077.01,196066560,PC,2.2111104,2.1060279,1956.0116833,2.9944585,796.3320731,95.0381191,3761.0,4.60411,0.656735,314.913879,40.706012,12.3475,124.484,CANDIDATE
6078.01,119973835,PC,9.6703611,2.037,684.0,2.23934,677.0,35.0646,5212.0,4.51487,0.86,243.216051,16.305882,9.1641,68.6994,CANDIDATE
6078.02,119973835,PC,25.0882806,3.769,705.0,3.89809,949.0,135.17,5212.0,4.51487,0.86,243.216051,16.305882,9.1641,68.6994,CANDIDATE
6079.01,272670038,PC,104.2892798,5.8731029,2021.5793679,7.5126605,496.9023128,14.4080456,6501.0,4.25028,1.43159,233.497291,69.350285,10.5083,306.839,CANDIDATE
608.01,186547153,APC,1.1908287,1.834,2040.0,14.221,,52597.1,7471.9,4.09,2.14,132.838846,-34.431856,10.1978,500.647,CANDIDATE
6080.01,116048097,PC,8.0555716,3.5853172,913.8621738,3.3778836,919.3282171,168.8120184,5680.0,4.38997,1.06221,266.604423,38.078708,10.5912,188.183,CANDIDATE
6082.01,199712572,PC,3.5941651,1.882,100.0,1.31196,1048.0,200.507,5694.0,4.95801,1.39,253.892198,57.227908,8.793181,103.741,CANDIDATE
6084.01,294283951,FP,4.3724063,1.4148388,1642.1950326,10.7278887,1806.1549461,2515.0175544,8096.0,4.28307,1.67777,301.752501,50.34803,11.7056,819.949,FALSE POSITIVE
6085.01,160223936,PC,,14.1230558,317.9766458,1.4099651,148.7311702,0.1156456,5106.0,4.62161,0.750716,261.281796,85.115518,8.7475,47.3174,CANDIDATE
6086.01,18318288,CP,1.3888584,0.8267002,1372.5136834,0.9650619,604.3465776,31.5257386,3300.0,4.97775,0.256456,265.370424,30.303776,12.4106,31.4566,CONFIRMED
609.01,134404603,APC,4.9699991,1.363,12601.0,21.4073,908.0,112.974,5759.0,4.3,1.19,122.339812,-39.164589,9.836,144.623,CANDIDATE
6091.01,336255880,PC,5.1855507,1.9734133,1496.7919264,2.4406793,605.8924433,31.8495386,3921.0,4.648,0.603804,281.46145,37.235891,11.9323,94.6679,CANDIDATE
6092.01,339591840,FP,,4.6672536,12855.6961211,5.1306856,231.1714878,0.674929,3476.0,4.81846,0.408956,284.022658,14.12202,12.9805,76.6119,FALSE POSITIVE
6093.01,97165413,PC,1.2710408,1.113,1115.0,7.85938,2380.0,5327.83,6004.0,4.13,1.5,106.00101,-35.181497,10.0452,219.78,CANDIDATE
6094.01,35883621,FP,3.0519843,2.868,892.0,12.1856,2839.0,10790.5,6251.1,3.79,2.33,117.671104,-6.494944,9.65609,310.559,FALSE POSITIVE
6095.01,157081737,PC,2.1613171,1.289,529.0,1.86733,1187.0,329.608,5260.0,4.59,0.8,100.766731,-44.251859,10.0956,99.172,CANDIDATE
6096.01,262781201,FP,1.3154261,2.121,285.0,2.42354,2871.0,11290.9,6613.8,4.28,1.42,141.403549,3.661936,9.34567,181.94,FALSE POSITIVE
6097.01,293743169,PC,1.1256838,1.773,3620.0,10.2362,,5124.79,7433.0,,1.85,119.496736,-21.013365,10.4284,452.889,CANDIDATE
6098.01,269341832,PC,2.7297541,1.439,362.0,2.11652,1048.0,200.856,5599.3,4.37,1.08,118.936795,-48.041772,8.7699,82.2325,CANDIDATE
6099.01,118914286,PC,5.2887576,2.284,598.0,1.80945,785.0,63.339,4610.0,4.55,0.75,135.335989,-20.97341,9.4499,52.5883,CANDIDATE
610.01,80275202,FP,3.6649528,3.245,3865.0,16.4945,3009.0,13611.8,7889.0,4.53,1.61,121.526219,-44.375085,10.4989,437.969,FALSE POSITIVE
6100.01,170434745,PC,1.2280156,1.0677974,1316.7462021,3.2034237,1447.8874391,1038.6284238,5223.0,4.53,0.852493,103.516164,-46.659703,11.9433,235.778,CANDIDATE
6101.01,19342878,CP,1.3328252,2.0496174,19240.1766706,15.3206915,1689.3374258,1924.8044588,5595.4,4.4,1.0670201,124.073681,-8.686581,10.8042,211.73,CONFIRMED
6102.01,55849732,PC,5.3708293,2.9133817,14601.0562246,12.0561316,1040.908324,277.4411832,5878.0,4.47546,0.986176,75.745949,-59.970953,13.5803,733.926,CANDIDATE
6103.01,92590258,PC,3.2422424,3.1662519,10616.2597804,13.8082328,1596.416451,1534.9908103,7069.0,4.40124,1.30309,128.717977,-49.932522,10.6664,295.408,CANDIDATE
6104.01,265010875,PC,6.4095555,8.4737438,2845.1432466,17.4517774,1844.7784392,2737.1453387,6316.0,3.53,3.18048,126.585367,5.2584,10.4146,614.477,CANDIDATE
6105.01,182405015,PC,3.1122458,2.4986472,14146.4724409,14.4173412,1516.5077563,1249.9698719,6176.8,4.5,1.1207401,123.656967,-41.156136,10.8235,266.809,CANDIDATE
6106.01,258234731,APC,6.4240944,4.0307342,19637.6137844,14.8362261,973.5018496,212.2599833,5618.0,4.39959,1.04006,127.019217,-24.166962,11.646,294.59,CANDIDATE
6107.01,152245179,PC,3.7899018,3.9779406,7609.2687873,23.926255,2670.8488477,12025.9181554,7810.0,4.08,2.64206,119.888415,-32.706065,11.8338,1311.48,CANDIDATE
6108.01,255780160,PC,3.8783341,3.6211626,7843.4867323,12.5321785,1330.1277094,739.7659967,5748.0,4.19506,1.34253,99.683837,-49.572407,13.7453,1013.74,CANDIDATE
6109.01,384984325,PC,8.5386633,2.337,1730.0,4.04578,786.0,63.3913,5416.1,4.49,0.95,50.131921,42.606956,10.3622,151.738,CANDIDATE
6109.02,384984325,PC,5.6952223,1.107,1470.0,3.92346,700.0,39.9451,5416.1,4.49,0.95,50.131921,42.606956,10.3622,151.738,CANDIDATE
611.01,154459165,PC,3.1471655,3.402,1440.0,5.30134,2207.0,3942.66,4869.0,4.54,0.79,122.034347,-28.066189,10.4259,97.3234,CANDIDATE
6110.01,7439480,PC,1.2541235,1.105,23010.0,8.66923,829.0,78.6048,3642.0,4.7,0.54,212.929098,-29.97494,13.0739,122.281,CANDIDATE
6111.01,189322727,APC,5.8340292,1.289,11944.0,12.1719,711.0,42.4777,5698.0,4.4,1.06,309.708254,44.791967,11.6894,302.326,CANDIDATE
6112.01,258741560,PC,1.8859353,1.373,2197.0,7.26339,1444.0,721.952,6556.9,4.18,1.57,332.453393,22.566069,11.2223,471.571,CANDIDATE
6113.01,116631353,PC,4.9218915,6.715,6245.0,20.0897,1817.0,1810.88,6178.0,3.65,2.7,318.523748,35.079027,12.307,1174.24,CANDIDATE
6114.01,419840740,PC,8.9539287,2.618,5133.0,8.74683,831.0,79.5224,5943.0,4.34,1.17,337.147478,6.924225,12.4185,486.122,CANDIDATE
6115.01,120115768,PC,3.5529033,1.722,17309.0,17.9469,1092.0,236.183,6389.0,4.24,1.41,334.862835,40.676148,13.3897,1056.92,CANDIDATE
6116.01,364408162,FP,3.1256662,2.903,4065.0,,1714.0,1434.05,4940.2,,,310.577995,51.186495,11.785,,FALSE POSITIVE
6117.01,436508469,PC,9.866312,5.285,5737.0,11.5656,1143.0,283.77,6209.0,4.08,1.64,348.099929,22.34547,11.5989,483.576,CANDIDATE
6118.01,125367522,PC,4.6474314,8.452,2652.0,16.1625,2204.0,3924.24,6455.0,3.48,3.44,320.895178,38.313832,11.8495,1242.07,CANDIDATE
6119.01,322498101,PC,4.2070367,2.712,13290.0,16.5857,1316.0,498.042,6437.0,4.15,1.59,309.204322,49.609904,13.2225,920.216,CANDIDATE
612.01,284738182,PC,0.9136081,1.099,1368.0,5.5813,2409.0,5597.87,7126.0,4.29,1.5,110.881841,-37.835468,10.1939,292.623,CANDIDATE
6120.01,435851868,PC,2.1350899,1.997,22574.0,12.6797,1140.0,280.388,4894.0,4.53,0.8,343.883119,22.563967,12.3983,240.498,CANDIDATE
6121.01,165682741,PC,4.2916798,3.088,9377.0,13.1247,1420.0,675.152,6725.0,4.32,1.37,316.927293,40.450561,11.5823,441.015,CANDIDATE
6122.01,352442207,PC,4.6107024,5.626,5689.0,15.7213,1777.0,1656.67,6391.0,3.87,2.18,297.503626,54.153548,11.6925,765.772,CANDIDATE
6123.01,91101364,PC,4.0833335,4.406,15664.0,19.554,1597.0,1082.21,6298.6,4.14,1.58,349.786653,25.985949,13.1618,1040.95,CANDIDATE
6124.01,269488987,PC,2.8474853,2.303,22441.0,12.7345,1119.0,260.51,5149.0,4.53,0.84,315.220171,39.39179,12.3101,271.974,CANDIDATE
6125.01,404516402,PC,2.3107907,1.963,18595.0,12.0547,1064.0,213.379,4767.0,4.46,0.86,334.899052,12.356411,12.8119,291.92,CANDIDATE
6126.01,129004637,PC,7.1603723,4.672,9174.0,14.5353,1163.0,304.256,5767.0,4.07,1.54,341.019058,38.516276,12.2601,565.492,CANDIDATE
6127.01,313975346,PC,6.9191027,4.908,4926.0,11.0925,1281.0,448.269,5922.0,4.0,1.72,318.620542,57.322991,13.0551,713.987,CANDIDATE
6128.01,100769500,PC,4.5016419,1.897,2992.0,10.3672,1094.0,237.971,5713.2,3.89,1.89,341.709295,31.561025,12.2652,726.371,CANDIDATE
6129.01,115739057,PC,5.0310168,3.334,18296.0,17.1637,1121.0,262.966,5656.1,4.2,1.32,339.655529,34.80462,13.261,762.451,CANDIDATE
613.01,77527511,PC,0.7784962,0.856,1670.0,9.22083,1336.0,529.373,4949.2,,2.19,142.262995,-5.375669,9.94921,221.016,CANDIDATE
6130.01,210083929,CP,2.3927114,1.806,13405.0,14.5439,1351.0,553.561,5967.0,4.34,1.17,339.205083,16.827194,10.5581,220.882,CONFIRMED
6131.01,357872559,PC,2.5530138,3.109,6564.0,13.9066,1745.0,1540.79,6286.0,4.01,1.81,316.98304,48.582298,12.5948,692.772,CANDIDATE
6132.01,188800346,PC,18.8155978,4.153,18261.0,14.443,681.0,35.8015,5641.0,4.32,1.14,308.802933,47.911668,13.4411,643.588,CANDIDATE
6133.01,129107501,FP,3.6534344,3.519,24705.0,20.7632,1512.0,869.445,6364.0,4.3,1.32,341.854293,37.691036,11.5102,402.816,FALSE POSITIVE
6134.01,199721945,PC,4.679209,4.261,9667.0,14.7013,1619.0,1141.48,6600.0,4.13,1.67,335.753912,43.797709,12.8813,1004.18,CANDIDATE
6135.01,100909102,PC,3.1106751,3.129,10899.0,13.4185,1522.0,891.85,5660.5,4.27,1.22,347.979723,33.047612,12.0052,399.63,CANDIDATE
6136.01,468692991,PC,3.9779111,1.843,19441.0,12.2764,914.0,116.092,5494.0,4.52,0.89,331.617901,42.082181,12.8196,375.401,CANDIDATE
6137.01,44295981,PC,0.520403,0.995,143020.0,21.8226,984.0,155.949,3112.0,4.83,0.4,343.651105,24.096972,14.5158,128.661,CANDIDATE
6138.01,352892371,PC,9.7824078,3.889,3218.0,5.19023,930.0,124.326,5749.0,4.47,0.98,321.547268,40.432339,12.2562,362.283,CANDIDATE
6139.01,468765355,PC,10.3299557,3.666,7172.0,16.2977,1007.0,170.744,6486.0,3.97,1.97,332.049344,46.894849,13.1008,1305.91,CANDIDATE
614.01,118021229,FP,0.88501,1.622,820.279,6.77007,1865.0,2010.85,5362.0,3.75,2.15,128.475094,-20.940646,9.947331,255.901,FALSE POSITIVE
6140.01,456783397,PC,3.4742682,2.577,9883.0,12.8496,1328.0,517.706,6121.0,4.25,1.34,332.211802,15.096991,13.2907,925.873,CANDIDATE
6141.01,217980791,PC,2.6607389,1.538,16613.0,16.2086,1173.0,315.217,6090.2,4.28,1.27,347.050009,12.432919,12.4789,560.429,CANDIDATE
6142.01,129108133,PC,4.9564809,1.617,8884.0,10.077,810.0,71.7847,5511.0,4.46,0.96,341.759459,38.391139,13.2516,518.031,CANDIDATE
6143.01,423903685,FP,4.0938735,4.537,16964.0,20.6029,1430.0,695.416,5489.0,4.04,1.55,329.69363,22.952813,12.266,546.747,FALSE POSITIVE
6144.01,115683877,PC,6.3765906,5.303,4465.0,10.9141,1273.0,436.742,5433.0,3.91,1.8,339.176485,34.699434,13.1564,923.907,CANDIDATE
6145.01,404488903,PC,3.9921399,3.299,9866.0,11.9626,1347.0,547.02,5885.0,4.19,1.38,334.444999,15.725631,13.3616,912.432,CANDIDATE
6146.01,372178596,PC,4.5803096,4.962,6130.0,14.6817,1541.0,937.58,5770.0,3.81,2.1,324.679182,38.853986,13.1289,1121.67,CANDIDATE
6147.01,402740809,FA,1.5801759,0.645,6187.0,9.31686,763.0,56.4235,4547.0,4.31,0.98,352.024332,23.749185,12.95,320.803,FALSE POSITIVE
6148.01,371573539,PC,8.3753156,2.687,3994.0,11.1765,1109.0,251.431,6134.6,4.01,1.76,332.035863,19.506473,11.351,501.221,CANDIDATE
6149.01,195606729,PC,13.3562254,7.214,5815.0,8.52588,1136.0,277.264,6122.0,4.3,1.27,310.270042,42.217648,12.4814,567.759,CANDIDATE
615.01,190496853,CP,4.6616079,4.007,11972.0,19.1536,1682.0,1329.63,7437.0,4.21,1.7,133.408689,-40.543701,10.3015,360.408,CONFIRMED
6150.01,434186655,PC,1.3094686,1.108,18418.0,13.7943,1067.0,215.564,3818.0,4.6,0.66,340.992089,22.288893,13.5156,209.656,CANDIDATE
6151.01,312289279,PC,1.4354814,2.174,698.0,7.06395,1942.0,2365.6,6008.0,3.77,2.27,313.319222,48.087011,11.5561,590.69,CANDIDATE
6152.01,117068362,FP,4.2005957,2.587,4448.0,11.3204,1571.0,1013.24,7803.0,4.26,1.67,319.267299,33.138041,12.1566,950.289,FALSE POSITIVE
6153.01,411343008,PC,3.6720231,3.064,15619.0,14.495,1376.0,595.319,6158.0,4.32,1.23,337.28967,20.53513,12.9172,723.473,CANDIDATE
6154.01,301986302,PC,2.301919,1.614,22440.0,12.3642,940.0,129.797,4654.0,4.51,0.79,356.545953,17.020672,12.8213,258.643,CANDIDATE
6155.01,120051913,PC,1.6029811,0.955,5502.0,11.6345,1373.0,591.525,6049.0,4.13,1.52,334.550873,38.578982,11.8355,504.806,CANDIDATE
6156.01,117072799,APC,12.6885127,1.507,12512.0,16.2893,662.0,32.0654,7710.0,4.37,1.45,319.292752,34.91756,12.5126,938.702,CANDIDATE
6157.01,86005116,FP,0.4916402,0.453,29113.0,11.7778,901.0,109.834,3522.0,4.77,0.46,327.043547,23.112359,14.9131,221.034,FALSE POSITIVE
6158.01,404456775,PC,3.0444485,0.916,30036.0,9.04276,453.0,7.01479,3413.0,4.77,0.47,333.894406,16.285392,14.5372,180.96,CANDIDATE
6159.01,422037524,PC,4.1846077,1.805,10662.0,11.2001,964.0,143.488,5714.9,4.35,1.12,341.304467,5.918846,13.2906,650.131,CANDIDATE
616.01,145879095,PC,2.8056739,2.299,3350.0,,,,,,,132.873965,-51.328222,9.9794,862.802,CANDIDATE
6160.01,294904059,PC,40.7401072,2.833,21776.0,14.5988,388.0,3.77501,5081.0,4.48,0.88,302.555645,53.578624,12.4261,286.532,CANDIDATE
6161.01,188001223,PC,5.7415661,1.414,5879.0,11.2346,788.0,64.1962,6051.0,4.19,1.42,307.688232,45.279137,12.8566,716.394,CANDIDATE
6162.01,164260243,PC,1.8478843,2.809,11766.0,18.4423,2187.0,3803.45,7218.8,4.21,1.65,336.085732,34.158724,10.9837,499.081,CANDIDATE
6163.01,422457210,PC,9.9754699,3.465,26035.0,15.8848,777.0,60.6571,5472.0,4.42,1.0,351.133548,4.604684,12.7912,442.143,CANDIDATE
6164.01,239542854,PC,3.6948038,1.203,17237.0,10.2565,610.0,22.9867,4376.0,4.52,0.75,341.795489,26.939935,12.6951,203.52,CANDIDATE
6165.01,287863314,PC,4.3172876,2.178,23720.0,9.68709,648.0,29.3516,3744.0,4.63,0.63,327.406693,35.41531,14.2349,262.682,CANDIDATE
6166.01,190822775,PC,1.8021196,2.407,15426.0,13.3235,1696.0,1374.91,6012.0,4.4,1.1,325.981963,46.57116,12.128,413.383,CANDIDATE
6167.01,330665027,PC,6.7080688,4.67,4622.0,10.6429,1316.0,498.329,6174.0,4.0,1.79,329.301045,45.822138,11.5534,534.326,CANDIDATE
6168.01,10593553,PC,5.0809743,4.08,5709.0,14.7894,1519.0,884.118,6071.2,3.9,1.97,340.309424,30.327893,11.9966,735.685,CANDIDATE
6169.01,193979250,PC,17.9661374,3.791,3183.0,11.3217,858.0,90.3305,6891.0,3.93,2.2,306.77037,46.518426,11.5337,688.605,CANDIDATE
617.01,141227133,FP,2.42232,2.873,5696.52,,1044.0,197.858,2838.0,,,129.315369,-47.38349,10.251,6149.76,FALSE POSITIVE
6170.01,51637609,CP,2.709631,3.282,10819.0,14.9972,1582.0,1041.16,5838.0,4.12,1.47,336.464302,15.856639,12.1088,535.689,CONFIRMED
6171.01,67478724,PC,3.7473877,4.812,3898.0,12.686,1680.0,1322.91,5876.0,3.79,2.18,349.6554,32.301651,11.0537,492.525,CANDIDATE
6172.01,26583436,FP,6.1429164,4.475,3871.0,7.50153,1374.0,592.787,6291.9,4.25,1.38,292.031505,49.388635,13.0091,869.253,FALSE POSITIVE
6173.01,416486384,PC,3.8753785,4.275,4016.0,18.0963,1230.0,380.113,4637.0,,2.98,309.85366,48.172079,13.0745,786.433,CANDIDATE
6174.01,164280385,PC,3.5257269,3.457,4435.0,7.44411,1490.0,819.047,5638.1,4.26,1.23,336.400015,32.524536,13.2513,718.342,CANDIDATE
6175.01,258738570,PC,4.1877227,1.891,16840.0,13.6598,918.0,118.196,5543.0,4.39,1.05,332.479847,19.828871,12.1384,363.425,CANDIDATE
6176.01,298776943,PC,9.6422713,2.946,28921.0,12.931,636.0,27.248,4799.0,4.58,0.75,325.850355,24.226309,13.3976,341.972,CANDIDATE
6177.01,331456189,PC,3.89989,1.888,10637.0,14.6814,1062.0,211.573,6076.0,4.2,1.41,330.320065,45.496557,12.7145,635.864,CANDIDATE
6178.01,314649737,PC,5.8878118,1.815,9767.0,12.1166,825.0,77.0112,5925.0,4.41,1.08,324.957244,35.683969,12.6685,502.874,CANDIDATE
6179.01,257056367,PC,19.2445211,5.3,17453.0,20.2585,1010.0,173.181,6203.0,4.32,1.25,329.879069,39.046295,13.2368,809.109,CANDIDATE
618.01,173640199,PC,7.7614672,4.156,3110.0,7.85756,1250.0,405.393,6515.0,4.25,1.43,112.570665,-39.33963,10.1277,234.072,CANDIDATE
6180.01,452743735,PC,2.7432173,2.595,25316.0,20.2394,1424.0,682.635,6087.0,4.29,1.27,331.350863,27.053115,13.0636,761.754,CANDIDATE
6181.01,199162630,FP,2.7649802,1.659,3575.0,10.4307,1611.0,1119.71,7776.0,4.2,1.78,333.847555,46.302271,11.8563,873.578,FALSE POSITIVE
6182.01,97249514,PC,4.7783263,5.374,5107.0,13.2499,1737.0,1511.43,5622.0,3.84,2.0,348.757303,13.665258,12.8026,922.871,CANDIDATE
6183.01,351864831,PC,8.7311119,4.4,4827.0,11.1752,1091.0,235.614,6047.0,4.03,1.69,305.049617,53.962591,12.9591,912.735,CANDIDATE
6184.01,257207557,PC,3.6153701,2.714,14305.0,13.6892,1205.0,350.5,5516.0,4.32,1.13,342.638433,9.443405,11.8836,334.216,CANDIDATE
6185.01,346077232,PC,6.3720834,1.322,5659.0,12.1724,771.0,58.7935,6390.0,4.19,1.5,356.894089,56.070682,12.7875,774.276,CANDIDATE
6186.01,345333936,FP,1.4252334,1.673,6901.0,10.7664,1661.0,1265.88,6033.0,4.23,1.35,355.780987,56.810046,12.4033,543.454,FALSE POSITIVE
6187.01,251894891,PC,5.5133822,3.601,7833.0,12.462,1216.0,363.901,5785.0,4.13,1.46,351.921174,57.397022,13.4144,758.848,CANDIDATE
6188.01,469702377,PC,4.7061119,3.03,2559.0,4.75935,1189.0,331.92,5660.0,4.44,1.0,329.568097,55.805578,12.1075,300.589,CANDIDATE
6189.01,63844530,PC,5.5867425,2.46,15688.0,13.0389,888.0,103.299,5444.0,4.4,1.02,320.802718,53.141253,13.2903,497.836,CANDIDATE
619.01,267527924,FP,1.8080364,2.892,1264.0,,2960.0,12760.9,5354.5,,,114.050732,-48.063487,10.1853,,FALSE POSITIVE
6190.01,440636649,PC,3.5595352,1.027,3006.0,5.24582,777.0,60.7503,5669.0,4.5,0.94,6.756339,29.487271,11.6283,261.749,CANDIDATE
6191.01,197743152,PC,3.7752321,1.465,7352.0,10.759,874.0,96.9264,5585.0,4.26,1.22,337.043134,49.57365,11.4105,303.581,CANDIDATE
6192.01,194234471,PC,3.563037,1.66,4185.0,7.13684,1035.0,190.511,4490.0,4.43,0.85,1.612331,37.855275,12.545,217.319,CANDIDATE
6193.01,387933822,PC,2.8953095,4.137,5366.0,12.6737,1974.0,2522.62,6526.0,3.97,1.98,325.466208,50.502238,12.6449,932.053,CANDIDATE
6194.01,176861415,PC,8.6738593,2.582,5327.0,12.6434,899.0,108.749,6446.0,4.09,1.72,354.917734,44.262228,12.863,1013.07,CANDIDATE
6195.01,155258153,PC,3.1989808,0.785,1860.0,7.20813,947.0,133.516,6442.9,4.18,1.54,359.665284,33.820508,10.5489,330.476,CANDIDATE
6196.01,330944099,PC,3.6119975,4.013,11983.0,10.1678,1588.0,1057.47,5979.0,4.46,1.03,334.179666,58.213671,13.4836,578.849,CANDIDATE
6197.01,196261799,PC,3.7294859,3.315,7112.0,9.77695,1351.0,553.409,5719.9,4.26,1.24,13.638808,43.848313,12.5814,549.225,CANDIDATE
6198.01,202514659,PC,3.6166109,2.711,7012.0,14.0162,1801.0,1746.66,8143.0,4.2,1.85,6.521798,49.599174,11.7644,937.243,CANDIDATE
6199.01,302201081,PC,3.8311803,1.892,1170.0,5.75003,1592.0,1067.42,5366.0,4.5,0.9,9.199556,16.097112,10.6336,146.254,CANDIDATE
620.01,296739893,CP,5.0988038,1.0252822,2925.8222433,3.0503381,538.1908458,19.827421,3633.0,4.80423,0.547453,142.173446,-12.167165,10.2139,33.0231,CONFIRMED
6200.01,44621795,PC,3.1923193,1.548,5162.0,13.949,1056.0,206.861,6003.0,3.96,1.83,22.108031,32.136961,11.6166,554.658,CANDIDATE
6201.01,455727012,PC,2.9172231,1.243,8434.0,,785.0,63.1506,4843.0,,,356.713162,36.026661,12.12,,CANDIDATE
6202.01,422223456,PC,2.8979408,2.932,4503.0,12.4152,,2931.18,7767.0,,1.97,335.852574,55.075529,11.4737,569.89,CANDIDATE
6203.01,437756191,PC,25.1745344,4.865,2786.0,6.78671,654.0,30.5175,5776.9,4.16,1.41,5.599869,24.866985,10.5505,245.424,CANDIDATE
6204.01,325410269,PC,4.0673088,2.623,10855.0,13.1156,1259.0,417.756,6333.0,4.35,1.24,330.888658,50.567867,12.8643,685.554,CANDIDATE
6205.01,154351773,PC,3.9089363,4.636,7390.0,15.0353,1579.0,1032.67,5800.0,3.91,1.87,342.532851,45.253782,13.1349,923.266,CANDIDATE
6206.01,154576989,PC,13.1471808,4.471,7691.0,9.63171,832.0,79.8277,5670.0,4.3,1.18,343.516055,44.912913,12.8939,544.396,CANDIDATE
6207.01,432422552,FP,9.7712443,3.956,34227.0,15.2558,891.0,104.782,5294.0,4.61,0.79,355.540075,31.793315,12.1134,243.593,FALSE POSITIVE
6208.01,326475995,PC,5.2266285,5.412,6662.0,15.6275,1584.0,1046.27,6205.0,3.91,2.0,331.838189,53.519585,11.9806,696.374,CANDIDATE
6209.01,200606486,APC,0.747693,0.684,3434.0,6.17927,1256.0,414.266,4825.0,4.47,0.86,339.463592,45.159958,12.9672,314.979,CANDIDATE
621.01,30828562,APC,3.1123343,2.388,6080.0,22.1621,2556.0,7091.97,7850.0,4.08695,1.92,134.718341,-43.452796,8.1327,184.125,CANDIDATE
6210.01,326116570,APC,7.8580085,6.999,4378.0,21.4783,1529.0,908.368,6406.0,3.46,3.5,331.562453,52.26862,11.707,1093.37,CANDIDATE
6211.01,25758870,PC,10.3473602,2.365,7695.0,10.117,694.0,38.6952,5672.0,4.33,1.14,10.011395,24.379676,12.6474,510.917,CANDIDATE
6212.01,173671381,PC,3.6444426,3.296,6276.0,19.0899,1832.0,1872.26,5407.0,3.86,1.88,349.05622,45.012568,13.0803,849.122,CANDIDATE
6213.01,430751891,PC,2.3921761,2.792,8040.0,12.2947,1587.0,1055.22,5817.0,4.04,1.63,333.73428,48.876577,12.3642,628.024,CANDIDATE
6214.01,314088020,PC,7.0346299,2.565,3746.0,17.638,1338.0,533.148,8294.0,3.97,2.44,318.857399,56.119827,12.4954,1183.88,CANDIDATE
6215.01,431114892,PC,2.0323202,2.786,8896.0,15.3325,2345.0,5028.16,8011.0,4.27,1.68,335.039505,51.55615,13.0454,1459.35,CANDIDATE
6216.01,428317266,PC,29.5406035,3.382,13065.0,10.9471,523.0,12.4858,6315.0,4.58,0.94,344.620982,57.4528,12.0152,322.084,CANDIDATE
6217.01,375116172,PC,3.0365848,3.089,8184.0,17.0668,1504.0,850.609,5928.0,3.84,2.06,315.223413,54.962464,13.1013,837.654,CANDIDATE
6218.01,202283090,PC,5.1570194,2.42,16586.0,12.0548,743.0,50.6137,4476.1,4.38,0.89,5.111293,48.767772,11.702,159.96,CANDIDATE
6219.01,252585354,PC,2.4784193,1.687,3910.0,12.5391,1313.0,493.403,6115.0,4.04,1.69,345.655117,50.104928,13.2805,1093.22,CANDIDATE
622.01,83092282,CP,6.4025295,3.9233956,3814.9508945,9.3002413,1274.2263616,623.0276834,7056.0,4.33435,1.4072,125.305054,-46.484296,8.5615,123.297,CONFIRMED
6220.01,325653071,PC,19.6518502,2.525,3125.0,8.79457,635.0,27.0742,6359.0,4.15,1.56,331.110391,49.687144,10.7981,358.734,CANDIDATE
6221.01,456910600,PC,9.8326403,4.827,2767.0,6.80252,1084.0,229.607,5966.4,4.18,1.41,26.657289,22.743059,12.5316,606.891,CANDIDATE
6222.01,150907983,PC,9.4321076,3.852,7052.0,11.0911,1077.0,223.365,6704.0,4.28,1.43,4.699535,22.354492,12.0861,615.666,CANDIDATE
6223.01,288144647,CP,3.8553342,1.895,6624.0,4.94518,708.0,41.8646,3909.0,4.65,0.6,355.950598,33.067236,12.6758,133.122,CONFIRMED
6224.01,66726479,PC,1.5554236,1.916,18149.0,13.1166,1438.0,711.089,5318.0,4.39,1.01,341.866559,52.395133,13.2049,498.044,CANDIDATE
6225.01,352147273,PC,8.555965,1.865,12373.0,5.09342,394.0,4.00885,3376.0,4.79,0.44,0.485039,35.997774,13.104,83.7373,CANDIDATE
6226.01,176789447,PC,3.8857292,1.928,6215.0,13.8034,1106.0,248.774,6084.0,3.99,1.79,354.340737,47.288669,13.0145,1027.44,CANDIDATE
6227.01,53874375,PC,3.0922512,1.936,44139.0,15.731,790.0,64.8463,3661.0,4.59,0.68,14.531835,29.985566,14.3279,313.996,CANDIDATE
6228.01,66788350,PC,3.3338016,2.902,5100.0,15.1293,1926.0,2284.74,7894.0,4.04,2.17,342.040487,48.548498,11.6181,960.874,CANDIDATE
6229.01,437736517,PC,4.6071277,2.266,17579.0,10.6145,851.0,87.2497,4928.0,4.52,0.82,2.417089,28.243677,12.9192,314.824,CANDIDATE
623.01,101395259,FP,7.574675,3.0847866,6208.0649305,13.4069567,1216.0774804,516.8517446,6422.0,4.20608,1.4885499,148.720293,-23.332118,10.1913,275.377,FALSE POSITIVE
6230.01,252610172,PC,4.3518774,3.284,6682.0,12.0164,1419.0,673.068,6496.3,4.15,1.61,345.943472,49.366393,12.6848,891.159,CANDIDATE
6231.01,406783172,PC,24.8366994,4.793,10898.0,8.57154,700.0,40.0666,6334.0,4.63,0.89,325.354929,61.441916,12.735,391.594,CANDIDATE
6232.01,202087931,PC,9.8538051,4.048,14768.0,13.3007,887.0,102.929,5634.0,4.35,1.11,4.066146,49.186384,13.0754,581.095,CANDIDATE
6233.01,431660224,PC,3.7069545,2.38,7766.0,12.7103,1328.0,517.456,6643.0,4.23,1.49,358.489622,52.533524,11.1585,377.069,CANDIDATE
6234.01,202282233,PC,6.6283182,4.344,5378.0,9.65916,1133.0,273.774,5528.0,4.16,1.35,5.069168,49.465936,12.8741,631.946,CANDIDATE
6235.01,150902766,APC,7.8209807,1.183,15145.0,14.2139,717.0,43.9112,5917.0,4.76,0.71,4.219134,20.432785,12.8967,374.957,CANDIDATE
6236.01,405532603,APC,3.3045926,1.322,8637.0,12.7666,967.0,145.508,6102.0,4.22,1.38,359.188611,28.610076,11.4715,403.61,CANDIDATE
6237.01,430431091,PC,4.1533998,3.857,6043.0,15.5058,1661.0,1266.49,6866.0,3.96,2.11,332.675965,48.652765,13.2587,1556.04,CANDIDATE
6238.01,125489084,PC,5.7419523,2.08,7850.0,9.81505,839.0,82.5797,5396.0,4.21,1.26,355.002821,40.682684,13.3351,676.128,CANDIDATE
6239.01,319294834,PC,6.0749198,2.728,6328.0,10.0564,968.0,146.106,5643.0,4.13,1.43,350.434421,54.112156,12.483,563.864,CANDIDATE
624.01,399870368,CP,2.7443216,3.42,10071.0,20.1852,2388.0,5405.6,8730.0,4.19,1.97,74.552333,9.997979,9.3371,330.739,CONFIRMED
6240.01,249776059,PC,1.1797412,3.391,7122.0,11.867,2713.0,8997.74,6393.0,4.16,1.55,339.623242,50.524911,12.9847,960.615,CANDIDATE
6241.01,15654898,PC,3.7812464,2.13,2521.0,4.97462,1001.0,167.006,5209.0,4.4,0.99,17.082679,25.652576,12.0227,278.827,CANDIDATE
6242.01,437740083,FP,5.6020298,1.893,6146.0,11.3612,857.0,89.7874,5750.6,4.14,1.44,2.950371,27.442815,11.0999,328.625,FALSE POSITIVE
6243.01,276250096,PC,3.5653226,1.7,902.0,2.88847,1028.0,185.407,5715.0,4.45,1.0,329.089206,54.466274,10.7106,181.395,CANDIDATE
6244.01,431216437,APC,2.5553078,2.332,12879.0,15.4336,1349.0,551.23,5739.2,4.22,1.3,343.553201,52.383764,10.5508,230.559,CANDIDATE
6245.01,446157122,PC,3.2149937,0.7022664,1438.82974,0.9044272,419.7777463,7.3383538,3106.0,5.00517,0.236457,88.699253,80.094614,12.133,22.1852,CANDIDATE
6246.01,388505345,PC,6.7786403,1.8963943,1146.3653641,13.8147158,1865.9861388,2865.1981035,7665.0,3.86,2.5943999,356.621626,81.378061,7.7085,187.612,CANDIDATE
6247.01,418301643,PC,24.091624,4.759,521.0,2.87574,810.0,72.6894,6675.0,4.24,1.49,323.582256,72.757634,9.62005,216.838,CANDIDATE
6248.01,154304816,PC,3.8528933,2.2041562,8132.2415444,18.8912058,1424.9944393,974.4816829,6306.0,4.267,1.35595,342.410629,46.349983,12.7841,701.295,CANDIDATE
6249.01,456260074,PC,1092.002299,5.604929,1689.5997267,3.1384101,133.1248776,0.0742263,4813.0,4.57884,0.751037,101.492034,66.890644,9.0449,47.9491,CANDIDATE
6249.02,456260074,PC,15.5739143,2.4269262,779.9193691,2.5864246,548.952136,21.461443,4813.0,4.57884,0.751037,101.492034,66.890644,9.0449,47.9491,CANDIDATE
625.01,379929661,CP,4.786958,4.936,8390.0,18.0112,1933.0,2320.18,7668.6,4.13,1.91,130.505638,3.710566,9.6129,341.263,CONFIRMED
6250.01,455737331,PC,1076.6094165,6.7803831,626.6130191,2.7512261,185.93669,0.2824759,5848.0,4.38886,1.08752,357.351836,36.900456,9.51477,121.523,CANDIDATE
6251.01,52005579,CP,12.7614706,1.0497761,1215.2495801,0.9705763,299.5067987,1.9017251,3376.0,4.9613,0.269427,3.957914,13.557617,10.1769,12.21,CONFIRMED
6252.01,307734818,PC,2.1077445,1.779,33127.0,12.0414,871.0,95.8765,3954.0,4.61,0.65,171.596707,28.058028,13.7607,244.588,CANDIDATE
6253.01,287152495,PC,9.2347348,0.9619972,354.6074958,1.3883495,830.9542977,112.6755159,4902.0,4.59853,0.744485,253.697283,60.702797,11.6807,163.316,CANDIDATE
6254.01,432758245,PC,1.5361137,1.1370302,543.7767369,2.4339573,1387.7681435,876.5741465,5317.0,4.50528,0.885814,14.322777,37.02898,10.4564,131.686,CANDIDATE
6255.01,261135533,CP,0.2381823,0.4763536,493.9763957,0.9617386,1256.4567156,588.9943508,3423.0,4.85554,0.369077,331.503161,39.298828,10.4458,20.3167,CONFIRMED
6256.01,373017793,PC,7.9945503,4.7645363,484.9830269,3.4801634,1071.8303891,311.9071042,6088.0,4.27,1.30233,359.933006,77.803731,10.2602,218.299,CANDIDATE
6257.01,237204346,PC,6.5452014,4.1931124,356.0286213,2.5553163,1183.0274647,462.9139946,6353.0,4.29887,1.31864,293.323467,76.921694,10.6713,287.03,CANDIDATE
6258.01,435878153,PC,0.5570869,0.9916975,995.2172114,1.2151478,946.4067108,189.5973427,3392.0,4.84507,0.380156,13.085379,20.938876,12.0398,44.0959,CANDIDATE
6259.01,294497466,PC,3.2376482,2.038,698.0,5.6488,2052.0,2947.16,10023.0,4.17,2.19,140.115658,-51.660455,10.2279,606.267,CANDIDATE
626.01,65412605,CP,4.4010465,4.757,6903.0,19.7441,2177.0,3731.9,8489.0,4.03,2.32,108.123114,-24.95356,9.50712,437.215,CONFIRMED
6260.01,60984804,PC,2.3898191,2.766,210.0,2.32849,2181.0,3762.79,7707.0,4.11,1.96,140.595793,-6.060635,7.11719,113.102,CANDIDATE
6261.01,181748381,PC,5.4920894,2.934,3962.0,8.83359,1124.0,265.101,6090.0,4.12,1.53,132.055241,-39.686292,10.4441,267.542,CANDIDATE
6262.01,180575165,PC,1.4945947,2.71,280.0,2.79068,3377.0,21608.7,9532.0,4.34,1.75,129.158047,-36.523174,9.9551,441.135,CANDIDATE
6263.01,293547742,PC,3.0178746,2.679,193.0,0.930891,1162.0,303.499,4717.0,4.61,0.71,139.199747,-49.300844,9.1348,46.2588,CANDIDATE
6264.01,291471222,PC,5.6928845,4.261,291.0,3.80626,1529.0,908.509,6610.0,3.79,2.47,111.523899,-52.4632,10.1972,437.146,CANDIDATE
6265.01,344927749,PC,5.7935723,3.395,133.0,1.50725,1278.0,444.131,6387.1,4.27,1.37,151.627588,3.474358,7.4829,71.8401,CANDIDATE
6265.02,344927749,PC,4.1793325,3.012,102.0,1.20236,1431.0,697.716,6387.1,4.27,1.37,151.627588,3.474358,7.4829,71.8401,CANDIDATE
6266.01,193023697,PC,2.7895524,1.969,262.0,0.986147,1227.0,376.853,5039.0,4.62,0.74,155.597851,-28.847487,8.5953,42.6435,CANDIDATE
6267.01,296737508,PC,733.9910938,4.719,1675.0,4.8141,660.0,31.6587,5699.6,4.24,1.27,142.17927,-14.686449,9.19706,118.021,CANDIDATE
6268.01,434477274,PC,2.8959153,1.7993552,7042.9351957,13.8781874,1590.3293135,1511.7126877,6249.0,4.22232,1.4101501,156.121019,-23.004169,12.2659,629.506,CANDIDATE
627.01,365781372,FP,1.13889,2.154,5368.19,22.4869,3157.0,16504.7,7852.8,4.08,2.79,81.92358,7.918525,10.0267,629.834,FALSE POSITIVE
6270.01,192976435,PC,4.2275389,4.4305716,8677.549547,14.8654685,1438.7795714,1012.7402087,6001.0,4.09439,1.56496,155.032187,-29.276109,12.8122,819.375,CANDIDATE
6271.01,134528212,PC,1.604607,2.2761218,16676.380058,,1556.8706441,1388.4528008,5780.0,4.438,,122.413793,-37.371099,13.7025,705.238,CANDIDATE
6272.01,33303538,APC,2.5141406,2.5419014,3574.8850313,17.7772903,2016.7718944,3909.7422133,6880.0,4.08875,1.82496,149.91844,-6.906064,10.7852,476.194,CANDIDATE
6274.01,465933345,PC,1.1109316,1.9803068,2227.4346262,12.8052345,2914.7025766,17056.8166564,6498.6,3.67,2.3323801,164.76388,-60.082938,10.4819,502.979,CANDIDATE
6275.01,49043968,CP,6.2462252,4.2508361,13270.5292659,13.4614756,1094.4656337,339.10135,6132.0,4.38741,1.1417201,164.34914,-29.997123,11.6337,362.087,CONFIRMED
6276.01,397362481,CP,6.2031608,1.5987379,210.8404349,1.0214599,664.0808611,45.9626286,4633.87,4.70763,0.630715,175.256304,-44.404149,6.7213,12.7781,CONFIRMED
6276.02,397362481,CP,4.466068,1.6847832,210.7032691,0.9794583,740.9408412,71.2287197,4633.87,4.70763,0.630715,175.256304,-44.404149,6.7213,12.7781,CONFIRMED
6276.03,397362481,PC,7.8708661,1.6355898,190.7947353,1.0314874,613.4104018,33.4599699,4633.87,4.70763,0.630715,175.256304,-44.404149,6.7213,12.7781,CANDIDATE
6277.01,462206806,PC,3.3733921,2.8544595,16371.2496269,14.5810502,1252.9258952,582.4015776,5704.0,4.36494,1.09866,150.46383,-55.660373,11.9905,362.374,CANDIDATE
6279.01,449951606,FP,5.1681189,3.736,1759.0,13.3663,1850.0,1947.87,8254.0,3.67,3.44,168.212865,-58.942432,10.3879,860.379,FALSE POSITIVE
628.01,281408474,CP,3.4076,3.69,7500.0,12.1343,1586.0,1052.9,6174.0,4.23,1.38,99.263061,1.76755,9.65646,178.68,CONFIRMED
6280.01,370877263,FP,15.9865412,1.636,1451.0,7.52088,761.0,55.7095,6429.0,4.34,1.28,145.174365,-66.65449,9.927,199.531,FALSE POSITIVE
6281.01,152569268,PC,1.0542548,1.271,423.0,2.77385,2240.0,4181.02,4160.1,4.37,0.87,172.378524,-40.609425,9.9542,57.7451,CANDIDATE
6282.01,370009806,PC,12.4751631,3.937,236.0,1.56473,1010.0,172.89,6055.0,4.41,1.09,47.031443,-70.110459,9.1848,113.881,CANDIDATE
6283.01,361218772,PC,51.6708185,3.449,4697.0,12.8776,466.0,7.89484,7115.0,4.07,1.91,143.84218,-65.216181,9.3478,262.942,CANDIDATE
6284.01,286763141,PC,3.4475935,1.731,320.0,0.830466,659.0,31.3617,3548.0,4.77,0.47,150.350107,-38.841039,9.72334,21.0197,CANDIDATE
6285.01,308778563,PC,6.8581311,5.186,2790.0,10.9703,1459.0,753.001,6605.0,3.92,2.12,24.21772,51.631573,10.6006,432.725,CANDIDATE
6286.01,354285962,FP,5.6289226,9.272,1850.0,8.93102,2289.0,4560.18,6683.0,3.72,2.72,346.44125,72.410554,12.4721,1111.47,FALSE POSITIVE
6287.01,22712134,PC,1.640758,1.326,2129.0,8.61251,1456.0,747.202,6262.0,4.16,1.52,37.963775,28.96601,12.6502,779.009,CANDIDATE
6288.01,240714633,PC,18.0370154,2.356,8355.0,7.85944,491.0,9.70594,5400.0,4.55,0.85,10.159796,52.654408,12.383,307.157,CANDIDATE
6289.01,292469572,PC,3.7077543,2.662,9913.0,11.5364,1175.0,317.476,5620.2,4.4,1.04,32.619714,43.97503,13.2644,608.995,CANDIDATE
629.01,293853437,CP,8.7179665,6.143,2420.0,12.3121,1937.0,2341.09,9165.0,4.05,2.38,95.827908,0.883347,8.69437,333.379,CONFIRMED
6290.01,256576519,PC,17.6037996,3.574,882.0,2.74615,614.0,23.7402,5265.0,4.43,0.96,327.341524,67.029549,10.6382,151.713,CANDIDATE
6291.01,26390980,PC,5.2556421,3.434,4390.0,15.1084,1035.0,191.054,5061.0,,2.26,56.31536,32.136803,13.0735,449.608,CANDIDATE
6292.01,238751619,PC,0.8236066,1.71,1090.0,5.5335,2331.0,4901.54,6202.0,4.06,1.69,44.089561,43.092213,11.627,522.859,CANDIDATE
6293.01,34977731,PC,13.3673993,3.63,10278.0,9.61997,623.0,25.0292,4831.0,4.4,0.93,48.022366,28.46468,13.1745,322.06,CANDIDATE
6293.02,34977731,FA,405.0756576,5.339,15337.0,9.31573,137.0,0.0601025,4831.0,4.4,0.93,48.022366,28.46468,13.1745,322.06,FALSE POSITIVE
6294.01,434813314,PC,9.288704,3.019,14044.0,9.62284,673.0,34.2291,4753.0,4.57,0.75,345.824668,60.311149,12.4533,217.443,CANDIDATE
6295.01,456171328,PC,1106.220834,3.759,6252.0,14.786,119.0,0.0333828,6199.0,4.07,1.67,52.225799,46.443043,11.4381,420.683,CANDIDATE
6296.01,373894336,PC,4.2234273,4.384,7945.0,14.4033,1717.0,1446.04,6696.0,4.04,1.88,28.291856,60.223815,12.7859,853.919,CANDIDATE
6297.01,369907772,PC,4.2771464,3.867,6104.0,13.316,1622.0,1149.87,6707.0,4.03,1.91,20.561956,56.778196,12.0782,773.628,CANDIDATE
6298.01,285233023,FP,2.8577028,2.264,2695.0,7.78724,1468.0,771.67,6240.0,4.2,1.45,12.471055,60.946038,12.4487,594.839,FALSE POSITIVE
6299.01,285505979,PC,4.7089027,0.942,2426.0,6.86414,577.0,18.4286,4351.7,4.41,0.85,28.003018,50.920939,10.9907,102.382,CANDIDATE
630.01,123898871,APC,4.9091704,4.042,13100.0,20.5266,1668.0,1286.54,7210.5,4.11,1.7,90.916011,-19.04084,9.84786,309.705,CANDIDATE
6300.01,271747067,PC,2.8976822,1.973,7602.0,20.1303,1448.0,731.624,7006.0,4.01,2.03,354.657826,60.267245,13.1987,947.643,CANDIDATE
6301.01,326809267,PC,7.1436336,5.668,5205.0,11.4874,1498.0,837.098,6604.0,4.01,1.92,22.406592,46.759351,12.8355,1175.42,CANDIDATE
6302.01,177712122,PC,2.8465714,1.419,16671.0,12.8225,881.0,100.235,4802.0,4.5,0.83,47.27712,37.076087,13.2402,340.92,CANDIDATE
6303.01,186810676,PC,9.4852479,2.713,32417.0,12.3024,488.0,9.45481,3848.0,4.63,0.63,46.78065,40.147174,12.9386,152.219,CANDIDATE
6304.01,186989177,PC,3.645356,4.787,4942.0,12.1687,1567.0,1002.22,5421.0,3.95,1.7,34.397563,36.837055,12.9385,802.343,CANDIDATE
6305.01,320505267,PC,6.6245939,2.751,3526.0,8.74267,962.0,142.438,5874.0,4.24,1.29,8.097282,54.21074,12.8245,623.493,CANDIDATE
6306.01,445370101,PC,3.662222,4.253,4017.0,13.3765,1588.0,1055.67,5826.0,3.82,2.08,14.39173,56.978183,12.3693,771.08,CANDIDATE
6307.01,202869426,PC,2.4589458,1.553,31394.0,12.6341,728.0,46.8448,3810.0,4.63,0.62,36.45054,42.154578,14.6617,323.375,CANDIDATE
6308.01,301414902,PC,1.7555108,1.355,13415.0,10.7893,916.0,117.332,4249.0,4.48,0.78,36.235853,52.415794,13.3683,263.166,CANDIDATE
6309.01,412887082,PC,28.8005547,3.773,7292.0,12.6164,566.0,17.1246,6051.0,4.18,1.44,329.700784,63.055112,12.6134,604.936,CANDIDATE
631.01,97158538,FP,2.5950747,0.7921274,665.2502774,5.9382555,2204.616037,5582.8100399,6852.0,3.91,2.24201,105.945472,-30.726357,8.783341,233.697,FALSE POSITIVE
6310.01,353893493,PC,3.3528597,2.08,1762.0,3.27543,836.0,81.3622,3896.8,4.51,0.71,37.761117,25.41329,11.8443,96.6459,CANDIDATE
6311.01,52260140,PC,6.2808216,3.366,7787.0,10.0476,1029.0,186.513,5602.0,4.31,1.15,16.048838,60.302633,12.9697,502.268,CANDIDATE
6312.01,470724594,PC,16.8498547,3.778,3933.0,15.5178,937.0,128.166,7823.0,4.05,2.14,357.612316,65.815495,12.1827,760.641,CANDIDATE
6313.01,192487723,PC,4.9570983,6.687,4860.0,15.9349,2417.0,5671.62,8120.6,3.9,2.62,46.504292,47.461389,13.4257,2579.15,CANDIDATE
6314.01,272218608,PC,3.1777383,3.922,8754.0,19.2706,1993.0,2620.94,7233.0,4.02,2.06,355.682379,62.468362,13.3085,980.327,CANDIDATE
6315.01,354742440,PC,4.4532909,6.572,2866.0,13.8211,1736.0,1510.03,5613.0,3.49,2.97,6.18687,58.468546,12.0193,751.084,CANDIDATE
6316.01,444753130,PC,3.0057526,3.594,12169.0,17.9698,2049.0,2928.62,7581.0,4.2,1.74,25.177088,61.00972,12.6927,943.154,CANDIDATE
6317.01,85281192,PC,4.244335,1.969,18385.0,7.13409,585.0,19.463,3518.0,4.74,0.5,26.193227,34.244089,14.1332,170.038,CANDIDATE
6318.01,292852583,PC,5.8310296,0.682,2116.0,7.23053,501.0,10.4888,5617.5,4.48,0.95,34.270304,44.586989,10.8357,184.682,CANDIDATE
6319.01,12980264,PC,3.2964006,3.959,5999.0,16.9987,1597.0,1080.06,5883.0,3.83,2.09,34.500986,62.763401,11.5706,517.51,CANDIDATE
632.01,349790953,FP,1.5521101,2.699,5430.0,208.489,2376.0,5297.55,4997.1,2.36,12.23,113.454773,-61.292453,10.3357,1278.41,FALSE POSITIVE
6320.01,196474344,PC,3.6360128,4.088,14704.0,18.9197,1641.0,1204.47,6358.0,4.19,1.49,15.527657,46.387227,13.022,911.335,CANDIDATE
6321.01,301991463,PC,2.9086778,2.887,10323.0,12.2888,1340.0,536.747,5401.0,4.27,1.18,40.539435,53.555802,13.0057,472.785,CANDIDATE
6322.01,270132709,PC,4.2807899,3.9,5943.0,11.9706,1511.0,865.407,6274.0,4.09,1.65,351.297539,60.094591,12.8545,811.05,CANDIDATE
6323.01,63586213,PC,4.071096,2.988,5872.0,13.9361,1288.0,456.955,6008.0,4.03,1.68,32.555,32.983439,12.6167,773.844,CANDIDATE
6324.01,372207328,CP,0.2792211,0.409,779.0,1.05678,1143.0,284.211,3358.0,4.93,0.3,330.844543,67.498677,10.97,20.5488,CONFIRMED
6325.01,200775844,PC,3.7307609,1.587,12648.0,6.78569,851.0,87.4596,5273.1,4.96,0.52,53.673187,37.694688,13.3415,310.892,CANDIDATE
6326.01,307201632,PC,2.3556749,3.351,9377.0,16.7502,1971.0,2508.24,6708.0,4.1,1.75,14.976875,49.034174,12.1684,796.313,CANDIDATE
6327.01,196973090,PC,10.4612769,3.208,9238.0,9.72119,716.0,43.6657,5208.2,4.5,0.88,20.689977,43.994453,12.6978,345.666,CANDIDATE
6328.01,249884767,PC,16.672227,2.703,3851.0,11.748,715.0,43.5589,7025.0,4.18,1.68,38.399932,49.169461,11.0888,478.34,CANDIDATE
6329.01,283845022,PC,15.2334037,1.947,3624.0,13.7686,521.0,12.2874,5675.0,4.1,1.48,8.484783,60.084331,12.6447,585.094,CANDIDATE
633.01,348755723,FP,4.503645,1.973292,12525.725237,11.197034,623.8430401,35.7949977,3267.0,4.438,1.0,134.088088,-12.934871,13.9036,116.496,FALSE POSITIVE
6330.01,308120029,PC,6.8498533,1.525,33133.0,10.4676,392.0,3.94674,3522.0,4.76,0.48,22.167982,53.686078,13.7853,139.042,CANDIDATE
6331.01,415875608,PC,5.4454541,3.41,5731.0,7.92255,1148.0,289.299,5684.0,4.4,1.05,27.889954,43.666558,13.228,617.88,CANDIDATE
6332.01,101133275,PC,1.6630135,3.133,5964.0,16.7474,2294.0,4598.31,6690.3,3.97,2.04,54.977131,34.459515,13.3773,1274.18,CANDIDATE
6333.01,5724439,PC,2.7205913,2.321,905.0,3.02214,1416.0,668.663,5784.6,4.49,0.96,33.346292,26.544538,11.5517,263.454,CANDIDATE
6334.01,63718617,PC,3.8363055,7.175,3861.0,18.8534,2762.0,9673.97,5982.0,3.65,2.6,33.870091,35.357237,11.4808,729.418,CANDIDATE
6335.01,407156755,PC,4.7924038,6.012,2562.0,11.263,1785.0,1688.16,6176.0,3.63,2.75,5.886949,67.775723,12.0066,680.868,CANDIDATE
6336.01,327126871,PC,39.810528,3.576,3102.0,12.8908,713.0,43.1032,8796.0,4.04,2.34,3.403959,56.184657,11.5821,1002.36,CANDIDATE
6337.01,381591826,PC,6.8793455,1.299,16480.0,9.84834,468.0,7.99212,3993.0,4.58,0.69,30.509108,37.891483,13.4209,228.091,CANDIDATE
6338.01,186715217,APC,1.4491171,1.051,23384.0,10.794,736.0,48.8379,3581.0,4.65,0.6,45.959667,40.324556,14.2955,249.517,CANDIDATE
6339.01,332496784,PC,2.5938771,2.706,974.0,4.93408,1642.0,1208.93,6110.0,4.12,1.55,19.790736,59.099961,10.8179,304.522,CANDIDATE
634.01,344926234,FA,0.49359,1.545897,246.702105,1.733849,2352.530056,7238.7191072,5872.0,4.43995,1.02918,151.55755,3.946493,9.1299,92.8368,FALSE POSITIVE
6340.01,376765646,PC,8.2686298,4.906,3650.0,15.9425,1212.0,359.275,6275.0,3.77,2.38,340.83699,70.336784,12.2164,785.17,CANDIDATE
6341.01,285328782,PC,2.7182588,1.682,12333.0,20.77,1248.0,402.801,6433.0,4.15,1.59,12.644164,61.046232,13.2013,980.978,CANDIDATE
6342.01,184739529,PC,9.3568116,1.117,28673.0,13.6687,481.0,8.92217,5866.0,4.89,0.61,33.348951,36.521995,12.7058,299.126,CANDIDATE
6343.01,256349966,FP,14.5877856,3.517,3374.0,10.1617,840.0,82.7417,6544.0,4.13,1.66,322.717404,68.495293,12.0913,655.707,FALSE POSITIVE
6344.01,327093061,PC,3.5297965,3.283,11120.0,15.5125,1393.0,625.677,5846.0,4.12,1.48,23.775141,47.751006,13.0366,789.069,CANDIDATE
6345.01,241062925,PC,6.2378654,3.174,1802.0,4.55893,974.0,149.586,5301.0,4.41,0.99,21.908515,51.710954,11.6424,244.686,CANDIDATE
6346.01,260040728,PC,6.3111727,3.039,14495.0,14.8439,941.0,130.71,5531.0,4.31,1.14,62.78581,56.194956,13.4352,508.418,CANDIDATE
6347.01,467690903,PC,3.9332583,4.438,5042.0,14.1242,1779.0,1666.08,6699.9,4.04,1.89,61.169664,34.186114,11.2367,547.43,CANDIDATE
6348.01,321258259,PC,3.6894234,2.085,5484.0,16.5011,1103.0,246.061,5776.0,4.03,1.63,82.298002,57.656327,13.3256,720.125,CANDIDATE
6349.01,470450936,PC,2.7934699,2.8,2479.0,5.70537,1456.0,746.786,5635.0,4.27,1.21,66.202403,53.128211,12.2124,350.759,CANDIDATE
635.01,286132427,FA,0.493379,1.5,194.341058,1.503946,2338.3980084,7066.3432823,5914.0,4.46485,1.00635,146.72453,-4.29824,8.1075,58.7453,FALSE POSITIVE
6350.01,266609407,PC,2.4766677,2.457,9727.0,11.4749,1578.0,1029.38,6197.6,4.4,1.14,61.411126,50.053394,13.3199,602.08,CANDIDATE
6351.01,392674549,PC,6.7510278,4.011,6350.0,13.8093,973.0,149.336,5024.0,,1.67,56.411132,63.964967,12.982,575.503,CANDIDATE
6352.01,459102737,APC,7.4562671,1.682,3106.0,6.40887,760.0,55.5163,5822.0,4.51,0.95,61.460788,64.254302,11.0529,213.45,CANDIDATE
6353.01,259810421,PC,2.5048108,3.434,6195.0,12.5335,1789.0,1701.78,6080.0,4.07,1.62,63.193935,46.761464,12.5755,615.476,CANDIDATE
6354.01,355418639,PC,18.7541398,3.925,6338.0,11.641,773.0,59.4985,6681.2,4.31,1.37,78.043429,53.706778,12.0763,512.561,CANDIDATE
6355.01,98613492,FP,1.0617107,1.067,2369.0,5.85456,1533.0,916.847,5589.0,4.38,1.06,79.724105,47.54723,11.8275,317.292,FALSE POSITIVE
6356.01,9136777,PC,3.7799201,3.493,16559.0,16.2502,1419.0,674.743,6121.6,4.38,1.14,67.605011,56.394465,11.8848,374.605,CANDIDATE
6357.01,122881136,PC,5.1941869,1.581,5955.0,10.8037,846.0,85.2496,6085.6,4.43,1.08,77.588903,39.673657,13.2012,621.191,CANDIDATE
6358.01,259708416,PC,5.3802465,3.538,3829.0,13.5242,1342.0,538.751,6476.4,3.97,1.98,62.800827,43.600898,12.566,858.675,CANDIDATE
6359.01,267617257,PC,2.4398136,3.751,4363.0,11.128,2587.0,7439.71,8184.6,4.29,1.67,63.165074,50.15895,13.0074,1055.41,CANDIDATE
636.01,146463781,FP,0.417921,1.843947,41644.893112,5.657227,906.2084598,159.3798634,3278.0,4.97806,0.275,123.885413,-31.556521,14.7034,158.67,FALSE POSITIVE
6360.01,458987621,PC,1.9765848,1.347,3430.0,8.95604,1419.0,674.183,6799.0,4.41,1.25,59.368818,64.321242,11.6033,346.061,CANDIDATE
6361.01,450308346,PC,5.9419732,2.361,21804.0,12.3895,798.0,67.643,5206.0,4.56,0.81,71.453407,57.272036,13.4852,364.939,CANDIDATE
6362.01,148514918,PC,6.0602101,3.036,8917.0,11.0384,1110.0,252.333,6252.0,4.35,1.22,77.761817,62.67788,13.3133,755.957,CANDIDATE
6363.01,311284709,PC,6.583694,4.635,4902.0,19.1169,1385.0,611.047,6600.9,3.8,2.45,86.155099,50.377688,11.6603,809.782,CANDIDATE
6364.01,407517154,PC,25.8866192,3.737,13915.0,11.2641,544.0,14.5766,5326.0,4.6,0.8,2.732086,78.899729,13.2114,390.021,CANDIDATE
6365.01,272994016,PC,3.0496565,3.455,6761.0,13.7764,1489.0,817.877,5568.0,4.08,1.5,67.575991,48.320207,13.4756,617.476,CANDIDATE
6366.01,279851358,APC,18.893475,3.457,6252.0,,,2296.08,13896.0,,,53.29481,61.342927,10.9113,612.388,CANDIDATE
6367.01,259502942,PC,2.1653281,2.732,18747.0,7.31275,970.0,146.971,3510.0,4.71,0.54,75.559559,48.741856,14.4594,216.77,CANDIDATE
6368.01,274002141,FP,1.6197991,0.95,31095.0,11.4253,661.0,31.7825,3192.0,4.92,0.31,86.975303,41.942327,14.5853,100.741,FALSE POSITIVE
6369.01,274472658,PC,13.2329062,6.245,3001.0,7.5049,1155.0,295.457,6461.3,4.11,1.67,69.250535,49.614861,11.4974,445.311,CANDIDATE
637.01,133334108,PC,2.8579169,3.818,529.0,,1284.3663569,643.0972992,5637.0,4.52053,,120.787418,-38.74201,8.9454,64.5529,CANDIDATE
6370.01,251705938,PC,2.9124991,4.175,7343.0,16.4233,1792.0,1711.93,6051.0,3.94,1.89,46.542182,57.075669,12.0907,534.894,CANDIDATE
6371.01,279725262,PC,1.8597817,1.156,5579.0,13.3278,1119.0,260.966,5751.0,4.19,1.35,52.613744,61.635772,12.0402,431.523,CANDIDATE
6372.01,115899725,PC,6.5587386,2.196,1396.0,2.56709,653.0,30.3163,4337.0,4.63,0.66,84.480806,35.294717,11.3035,93.6289,CANDIDATE
6373.01,286951368,PC,4.9613647,4.318,6047.0,14.2376,1532.0,916.634,6592.0,4.1,1.72,82.782624,60.386769,12.5799,767.899,CANDIDATE
6374.01,468501184,PC,4.5944948,3.482,10846.0,14.2928,1264.0,424.183,5890.0,4.24,1.3,13.872298,73.464164,12.7022,515.735,CANDIDATE
6375.01,390410937,PC,3.0679061,2.645,7144.0,15.0074,1534.0,921.092,6632.0,4.12,1.7,43.041829,63.639521,13.1429,913.0,CANDIDATE
6376.01,9441591,PC,4.7185893,5.576,3868.0,12.5103,1664.0,1274.32,6039.7,3.86,2.06,68.709655,55.889117,12.7346,823.754,CANDIDATE
6377.01,187532854,FP,1.6513066,0.82,1751.0,9.54979,1086.0,231.366,5887.6,4.13,1.47,77.869302,37.923226,12.2059,536.017,FALSE POSITIVE
6378.01,251594291,PC,12.9589981,3.683,16753.0,11.9733,775.0,60.044,5925.0,4.52,0.94,45.819803,59.308616,13.4948,489.542,CANDIDATE
6379.01,450308271,PC,1.5057127,0.244,5373.0,12.1483,482.0,9.00759,4335.0,4.65,0.64,71.496006,57.313785,12.8552,173.849,CANDIDATE
638.01,78154865,FA,0.493826,1.162615,310.570859,1.940277,2459.534554,8648.339203,6030.0,4.41585,1.08524,147.86736,-4.123323,8.9225,96.6355,FALSE POSITIVE
6380.01,458890024,PC,5.1404883,1.988,2896.0,5.66149,824.0,76.7777,5155.0,4.44,0.93,48.459307,65.26786,11.8123,240.108,CANDIDATE
6381.01,470653603,PC,8.9270275,2.409,2360.0,4.54883,765.0,56.8769,5492.0,4.56,0.85,85.719553,44.670005,10.7233,149.566,CANDIDATE
6382.01,367522211,PC,35.3712924,1.907,4376.0,13.0539,391.0,3.89814,6702.0,4.35,1.32,78.499921,33.283238,12.6924,708.125,CANDIDATE
6383.01,328513434,CP,1.7904917,1.223,47315.0,11.4109,660.0,31.6712,3425.0,4.78,0.46,60.424695,60.891368,14.4506,171.319,CONFIRMED
6384.01,16550540,PC,2.4810218,1.541,24673.0,8.87122,715.0,43.5124,3691.0,4.65,0.6,102.684596,40.872865,14.394,259.341,CANDIDATE
6385.01,16552586,PC,2.8895991,3.647,13586.0,18.732,1767.0,1619.54,6451.9,4.19,1.51,105.777773,39.551429,13.4358,1216.71,CANDIDATE
6386.01,138344895,PC,6.2663565,1.359,5720.0,12.2751,749.0,52.4199,6316.0,4.36,1.22,85.392323,79.503765,13.0817,776.855,CANDIDATE
6387.01,459982699,PC,1.1669652,0.562,28171.0,12.7459,601.0,21.7929,3452.0,4.76,0.48,256.321784,64.930099,14.9787,240.373,CANDIDATE
6388.01,16776356,PC,1.3940614,0.925,9143.0,20.0134,1373.0,591.468,5402.0,4.43,0.98,122.978937,38.346134,13.3476,557.187,CANDIDATE
6389.01,239159011,PC,15.8034785,1.648,7000.0,14.6849,527.0,12.8934,6039.2,4.14,1.49,113.185675,33.556826,12.7613,791.689,CANDIDATE
639.01,82362447,FP,2.819817,6.611278,183631.033642,22.75573,605.8873038,31.848458,3601.0,4.81887,0.441,124.250133,-47.651954,15.2474,160.84,FALSE POSITIVE
6390.01,318071201,PC,5.2434358,2.19,8157.0,15.7628,997.0,164.202,6174.0,4.24,1.37,108.713692,51.045549,13.032,836.498,CANDIDATE
6391.01,171922657,PC,5.01345,3.437,7627.0,9.1986,1138.0,278.509,5505.9,4.36,1.07,97.09113,35.741333,12.9713,513.641,CANDIDATE
6392.01,88460991,PC,6.9603975,3.734,6218.0,11.906,1161.0,302.518,5837.0,4.2,1.36,105.523795,65.286684,12.7094,658.966,CANDIDATE
6393.01,147821208,PC,9.5315703,2.695,1095.0,2.62547,696.0,39.0679,5022.0,4.59,0.77,141.243692,68.788313,11.7801,186.229,CANDIDATE
6394.01,309512152,PC,13.026976,5.16,10320.0,16.5308,903.0,110.559,5817.2,4.13,1.46,99.132997,40.369807,12.5085,606.491,CANDIDATE
6395.01,191998744,PC,2.8140328,4.309,5247.0,12.904,2356.0,5118.7,7487.8,3.98,2.22,103.802923,45.324206,11.475,896.944,CANDIDATE
6396.01,73244652,FP,8.2100724,1.37,4190.0,15.5396,893.0,105.793,6427.0,3.97,1.96,122.519401,63.826237,11.8431,720.484,FALSE POSITIVE
6397.01,359629653,PC,1.6707289,0.707,2758.0,17.2506,1149.0,289.366,5041.0,4.43,0.93,280.06484,58.987508,13.1766,430.356,CANDIDATE
6398.01,353586703,FP,3.0043128,0.714,6000.0,12.1874,781.0,61.8402,6405.0,4.41,1.17,96.518294,39.794575,12.1953,502.17,FALSE POSITIVE
6399.01,287207371,PC,12.6427441,7.917,7747.0,10.8159,1128.0,269.47,5605.0,3.94,1.76,110.774836,65.472407,13.1843,958.967,CANDIDATE
640.01,147977348,CP,5.0037758,3.439,7390.0,19.7788,1622.0,1150.12,6442.0,3.91,2.09,99.734594,-36.64613,10.0367,341.997,CONFIRMED
6400.01,88999533,PC,5.0358501,6.391,3956.0,15.0966,2127.0,3403.81,7455.0,3.85,2.57,123.192189,-4.247711,12.349,1533.65,CANDIDATE
6401.01,150470555,PC,3.0199448,2.129,11319.0,,,,,,,117.623101,-33.508259,12.6839,848.343,CANDIDATE
6402.01,265076459,PC,3.4053234,1.794,4804.0,12.264,1431.0,696.43,6111.0,4.26,1.32,127.162836,2.71044,12.23,552.846,CANDIDATE
6403.01,94405787,PC,742.682809,5.052,11798.0,9.50064,119.0,0.0343651,5931.0,4.49,0.98,115.527073,-13.460841,12.9298,517.363,CANDIDATE
6404.01,141395223,PC,3.7442969,1.378,6943.0,8.95062,771.0,58.7809,5114.0,4.45,0.92,117.137486,-22.469651,12.4628,312.797,CANDIDATE
6405.01,142908390,PC,6.7392054,0.839,5180.0,8.73795,405.0,4.48575,4557.0,4.52,0.77,119.257496,-20.463623,12.2657,190.315,CANDIDATE
6406.01,31605271,PC,2.2314165,1.255,17612.0,11.7385,895.0,106.977,4956.1,4.59,0.75,127.890276,-0.535341,13.0461,322.174,CANDIDATE
6407.01,97925605,PC,8.9913818,6.905,3320.0,10.912,1295.0,467.293,5863.0,3.92,1.88,107.848439,-33.070587,12.1158,671.665,CANDIDATE
6408.01,452867348,PC,8.0924283,2.047,21701.0,11.0971,469.0,8.0575,3821.0,4.58,0.69,120.576416,2.504711,13.9983,268.499,CANDIDATE
6409.01,97279971,PC,1.5304279,2.951,9499.0,19.1928,2220.0,4037.72,6476.0,4.09,1.72,106.450137,-35.256137,12.2411,734.456,CANDIDATE
641.01,49079670,APC,1.8930707,1.339,630.0,3.11788,1333.0,524.289,5646.0,4.4,1.04,101.0717,-23.819187,9.90377,134.043,CANDIDATE
6410.01,142916753,PC,5.1491091,4.667,8719.0,12.8079,1606.0,1104.38,6648.0,4.25,1.46,119.337294,-18.758919,12.6159,839.513,CANDIDATE
6411.01,106829921,PC,8.2165446,3.438,5304.0,7.33005,1010.0,172.843,6114.0,4.43,1.09,110.275132,-26.799545,13.075,653.557,CANDIDATE
6412.01,176082442,PC,3.9802888,1.382,4073.0,11.6985,895.0,106.678,5991.0,4.12,1.52,121.488687,-18.383274,13.1167,934.231,CANDIDATE
6413.01,170466784,PC,10.8310228,1.516,7728.0,11.3849,518.0,12.0417,5524.8,4.44,0.98,122.54919,-6.802751,12.9494,490.336,CANDIDATE
6414.01,169191182,PC,17.7607727,4.474,1391.0,4.52589,808.0,71.0596,6180.8,4.28,1.31,127.289101,-2.11667,10.3377,238.113,CANDIDATE
6415.01,157050713,PC,20.8380576,3.561,10875.0,10.4977,689.0,37.6029,6165.0,4.48,1.03,104.75678,-36.361061,13.4164,662.479,CANDIDATE
6416.01,106626059,PC,8.2330943,3.172,29859.0,,,,,,,110.165271,-27.661236,13.097,824.51,CANDIDATE
6417.01,95191643,PC,3.3458255,3.821,6065.0,14.8231,1611.0,1120.52,6089.0,4.01,1.75,115.848264,-8.523214,11.7024,577.753,CANDIDATE
6418.01,36022284,PC,4.6478092,3.454,9297.0,11.76,1171.0,312.405,5510.0,4.28,1.19,118.004125,-11.412431,12.5598,474.94,CANDIDATE
6419.01,144037593,PC,4.160454,2.572,10349.0,10.705,1173.0,315.01,5963.0,4.34,1.16,126.602788,-23.890808,12.9149,649.613,CANDIDATE
642.01,79292541,PC,2.2786049,1.924,1050.0,12.6809,2849.0,10942.1,8550.0,3.93,2.63,104.055775,-20.052499,9.4247,472.224,CANDIDATE
6420.01,143526233,PC,6.9615164,2.403,6492.0,10.6573,895.0,106.619,5994.0,4.2,1.37,125.544304,-19.124285,12.4877,634.712,CANDIDATE
6421.01,107617930,PC,3.750778,3.127,13942.0,17.4249,1527.0,903.749,6751.0,4.22,1.54,111.153147,-25.071762,13.2808,1182.83,CANDIDATE
6422.01,140740440,PC,3.7521603,2.1,5473.0,9.01204,1121.0,262.822,5917.0,4.32,1.19,116.266841,-22.178797,12.6968,577.888,CANDIDATE
6423.01,141458054,PC,1.364829,1.25,4664.0,15.8394,1549.0,957.887,6392.0,4.01,1.85,117.257761,-19.23198,13.3579,1370.47,CANDIDATE
6424.01,98159959,PC,2.0396825,2.473,4429.0,7.50494,1863.0,2000.39,6559.0,4.4,1.22,108.199941,-32.520061,13.2535,873.87,CANDIDATE
6425.01,107776260,PC,12.1422411,3.453,4584.0,11.7961,903.0,110.449,6716.0,4.07,1.83,111.502316,-25.491586,11.9634,792.402,CANDIDATE
6426.01,142420436,PC,3.8801586,3.656,8142.0,12.7189,1560.0,983.22,6371.0,4.23,1.43,118.60995,-19.656981,13.1896,996.119,CANDIDATE
6427.01,22972676,PC,18.372561,4.807,4311.0,8.40725,764.0,56.6794,5822.0,4.09,1.53,109.442564,-40.886052,12.4642,601.941,CANDIDATE
6428.01,238914510,PC,1.6763835,1.509,13272.0,17.7371,1463.0,760.788,6087.0,4.13,1.52,93.990574,-52.480213,13.1815,972.897,CANDIDATE
6429.01,348501452,PC,2.4257176,2.581,1855.0,8.37058,1783.0,1677.9,6658.0,4.05,1.85,113.673153,-19.367018,12.3056,873.301,CANDIDATE
643.01,432008938,FP,9.653456,4.00937,43088.5649,7.281973,339.1460758,3.1265702,3359.0,4.93457,0.315,120.69393,-23.696727,13.7006,87.7731,FALSE POSITIVE
6430.01,50211272,PC,3.6024986,2.055,20792.0,9.87637,732.0,47.7872,3967.0,4.59,0.67,112.169668,-14.991169,14.329,333.252,CANDIDATE
6431.01,54141697,PC,3.5423487,1.35,3496.0,8.42588,977.0,151.261,6195.0,4.39,1.15,118.138621,-12.108254,13.1583,735.252,CANDIDATE
6432.01,141933255,PC,3.356169,1.434,7442.0,11.0376,965.0,144.158,5941.0,4.41,1.08,117.89849,-21.388003,12.7819,552.368,CANDIDATE
6433.01,266486214,PC,9.6355,3.178,4365.0,9.70279,97.0,0.0147618,5589.0,3.99,1.68,118.827577,4.77938,11.3461,409.7,CANDIDATE
6434.01,32296259,PC,2.7775786,1.9,4270.0,4.50048,832.0,79.8073,3982.0,4.6,0.66,117.328732,-11.242347,12.2757,128.006,CANDIDATE
6435.01,60189629,PC,6.1161423,1.424,3588.0,6.70408,754.0,53.9292,5858.0,4.23,1.31,111.563656,-44.595121,11.0464,288.377,CANDIDATE
6436.01,290415036,PC,6.1879019,2.432,9168.0,12.4998,918.0,118.339,5925.5,4.33,1.17,128.387144,1.706901,12.6738,568.421,CANDIDATE
6437.01,139707575,PC,8.31001,7.754,5667.0,18.2639,1603.0,1097.56,6649.0,3.79,2.48,112.07656,-23.270042,11.6147,854.485,CANDIDATE
6438.01,332383229,PC,16.1268294,2.019,974.0,2.9287,455.0,7.15343,4833.0,4.56,0.77,120.784102,-12.39842,10.4099,93.0359,CANDIDATE
6439.01,122981686,APC,2.9896663,2.168,13951.0,19.5222,1401.0,640.322,6689.6,4.15,1.67,118.154066,-4.335076,12.2879,840.511,CANDIDATE
644.01,63303499,FP,1.9271328,4.5530077,585.8978628,2.3659,1464.6646895,1087.6116431,5952.0,,1.25,104.922683,-24.883877,10.194,203.532,FALSE POSITIVE
6440.01,348297468,PC,3.8190051,1.199,1907.0,10.8225,1039.0,193.673,6379.0,4.13,1.61,121.017966,-17.459226,11.5876,546.411,CANDIDATE
6441.01,422031406,PC,4.5579065,2.621,15309.0,11.1283,915.0,116.63,4977.0,4.54,0.81,122.322337,-16.737405,12.5605,273.991,CANDIDATE
6442.01,97921547,CP,2.8279716,2.237,14846.0,18.5153,1611.0,1118.3,6707.0,4.1,1.48,107.833335,-35.850518,11.1007,437.855,CONFIRMED
6443.01,125563127,PC,9.9872075,2.861,2884.0,10.2877,893.0,105.868,6453.0,4.07,1.75,114.904386,-25.465447,11.8052,644.794,CANDIDATE
6444.01,97588014,PC,12.2925281,5.394,10299.0,14.0235,991.0,160.207,6019.0,4.14,1.49,107.032361,-30.595669,13.3362,991.268,CANDIDATE
6445.01,323569398,PC,26.3926606,1.812,3447.0,8.33825,365.0,2.97563,5543.0,4.44,0.99,136.007911,8.73414,12.2099,345.036,CANDIDATE
6446.01,122798633,PC,4.2240015,1.605,35494.0,11.5236,550.0,15.196,3724.0,4.66,0.59,117.693204,-2.077809,14.1224,230.066,CANDIDATE
6447.01,347442932,FP,0.6646521,1.272,7197.0,9.44803,2159.0,3611.53,6256.0,4.55,0.97,133.25514,-13.050699,13.346,707.586,FALSE POSITIVE
6448.01,320411045,PC,14.8442674,2.748,7245.0,7.05099,641.0,28.1152,5920.0,4.51,0.96,110.170411,-33.922329,12.3239,386.879,CANDIDATE
6449.01,168936945,PC,2.4404127,1.354,67496.0,12.1385,584.0,19.4163,3356.0,4.78,0.45,125.930455,-5.189496,14.9728,215.005,CANDIDATE
645.01,157568289,FP,1.8361503,4.12,2470.0,22.5152,3780.0,33906.8,5710.5,3.6,2.43,106.767434,-36.770799,10.4091,414.522,FALSE POSITIVE
6450.01,47244580,PC,3.6092665,2.376,6975.0,6.6756,981.0,153.851,4823.0,4.53,0.79,134.608621,-6.313801,12.9007,296.583,CANDIDATE
6451.01,150559728,PC,5.495078,2.962,5504.0,10.0782,1296.0,469.613,6852.0,4.26,1.5,117.624526,-31.73015,13.3935,1011.08,CANDIDATE
6452.01,7562528,PC,5.2477739,3.138,6694.0,8.53362,1095.0,239.402,5647.0,4.36,1.1,114.324959,-11.73732,12.8743,538.47,CANDIDATE
6453.01,66242670,PC,6.8688474,5.418,4404.0,12.8155,1506.0,854.65,6621.0,3.99,1.98,109.27399,-24.136717,13.0537,1344.25,CANDIDATE
6454.01,146413471,PC,22.5012924,4.055,3758.0,5.01721,606.0,22.423,5443.0,4.51,0.9,123.912955,-29.971955,11.0427,182.45,CANDIDATE
6454.02,146413471,PC,10.9835772,3.26,2290.0,3.69154,786.0,63.5296,5443.0,4.51,0.9,123.912955,-29.971955,11.0427,182.45,CANDIDATE
6455.01,255588086,PC,0.8970559,1.7688635,2702.7874118,15.8462774,2622.3198236,11175.4143383,5811.0,3.78,1.84758,96.861635,-52.297808,10.9421,409.393,CANDIDATE
6456.01,270456887,APC,2.2685932,2.4612308,8092.8523533,19.7806144,1717.8781799,2058.2136559,6763.0,4.23,1.33734,135.139704,1.390137,11.8895,530.397,CANDIDATE
6457.01,328502522,PC,41.4186335,8.1171335,5598.932235,10.7342874,299.3897282,1.8987535,6080.7,4.19,1.4143,108.561708,33.070363,10.4475,263.807,CANDIDATE
6458.01,2507547,PC,9.7831931,3.5873151,141.843959,2.5360369,1284.3656943,643.0959721,6200.93,3.87276,2.0913501,80.003079,32.785433,6.4843,66.5884,CANDIDATE
6459.01,238317637,PC,5.1494363,3.67,737.0,2.76723,1302.0,478.295,5588.0,4.27,1.13,120.405795,-48.821603,10.3823,186.742,CANDIDATE
646.01,238197709,FP,13.7252522,3.1694157,4945.7679342,20.3352568,1072.2931079,312.4460654,6104.0,3.96,1.86397,57.265805,-72.947299,10.3001,316.643,FALSE POSITIVE
6460.01,93862917,PC,4.4044418,2.581,1649.0,4.13545,1162.0,302.886,5754.0,4.41,1.04,114.921063,-8.918969,11.601,299.878,CANDIDATE
6461.01,123133954,PC,4.064628,1.304,3114.0,,,214.521,6876.0,4.15,,118.67718,-4.342149,11.139,631.411,CANDIDATE
6462.01,453009027,PC,3.8720204,3.999,7202.0,14.8477,1668.0,1287.54,6976.0,4.1,1.83,123.016335,2.78237,11.9319,761.889,CANDIDATE
6463.01,180989820,PC,9.8738839,8.5309023,4750.3264569,10.7705056,949.2436684,191.8809402,6543.5,4.17,1.5187401,130.256986,-40.584789,11.2854,476.611,CANDIDATE
6464.01,190643105,PC,9.6742544,6.594,2923.0,11.7179,1459.0,753.131,6803.0,3.75,2.66,133.47703,-38.997112,11.4749,803.422,CANDIDATE
6465.01,184801054,PC,0.6593681,0.395,20252.0,13.8937,706.0,41.406,3421.0,4.69,0.55,127.981981,-37.462652,14.2084,200.8,CANDIDATE
6466.01,186707229,PC,1.4571902,0.568,6297.0,8.18389,906.0,112.285,5712.0,4.62,0.82,133.233364,-31.998124,13.2722,458.026,CANDIDATE
6467.01,385157401,PC,11.9964056,5.207,4821.0,10.8162,1052.0,203.513,6311.0,4.1,1.64,153.890617,-14.708566,12.7401,885.89,CANDIDATE
6468.01,180931993,PC,12.1228168,4.577,6029.0,10.5524,1051.0,202.591,6799.0,4.28,1.45,129.997215,-36.181786,11.9468,601.947,CANDIDATE
6469.01,4598935,PC,24.7104662,5.259,3534.0,6.84115,693.0,38.4335,5876.0,4.32,1.18,141.219902,-39.030976,11.4274,310.479,CANDIDATE
647.01,92992033,PC,4.90765,3.753,810.0,13.2707,1119.0,260.337,4900.0,,5.01,83.955484,-18.649591,10.2339,553.626,CANDIDATE
6470.01,12061971,PC,13.7333847,1.641,4741.0,9.42304,567.0,17.2584,6415.0,4.26,1.4,146.716359,-35.206501,12.1958,592.196,CANDIDATE
6471.01,410901394,PC,3.0758364,2.567,2346.0,5.09878,1354.0,558.588,5745.0,4.33,1.15,107.190811,-49.821826,13.1352,634.454,CANDIDATE
6472.01,140706833,PC,2.6808268,4.872,6451.0,14.3489,2525.0,6752.98,7349.0,4.06,2.0,128.464035,-43.784395,13.2967,1056.18,CANDIDATE
6473.01,410303247,PC,1.0992893,1.044,6570.0,7.47037,1442.0,719.668,5636.0,4.56,0.87,149.970848,-22.922585,13.4379,558.189,CANDIDATE
6474.01,189097100,PC,1.6069363,2.609,4618.0,,2827.0,10608.2,8753.0,,,140.422164,-29.108079,12.198,1373.8,CANDIDATE
6475.01,132314633,PC,26.5988575,9.151,8222.0,15.707,1093.0,237.562,6685.0,4.17,1.62,119.451527,-40.736441,12.3164,624.824,CANDIDATE
6476.01,380528770,PC,8.1168658,5.237,7595.0,10.8668,1299.0,473.148,6381.0,4.29,1.33,140.199949,-18.66747,12.5776,696.339,CANDIDATE
6477.01,11927677,PC,3.6860654,3.531,6642.0,12.7501,1527.0,902.856,6206.0,4.02,1.76,146.15031,-30.104754,12.6602,883.135,CANDIDATE
6478.01,332657786,PC,1462.2115148,3.105,34206.0,4.5351,37.0,0.0003419,3275.0,5.01,0.23,149.991806,-16.159794,13.0041,38.6057,CANDIDATE
6479.01,181208298,PC,2.9193825,1.507,11876.0,12.0124,1065.0,213.872,6037.0,4.43,1.06,130.732165,-37.634354,12.3987,455.749,CANDIDATE
648.01,78672342,FP,2.97638,3.212,795.842,11.0372,2007.0,2695.88,6492.5,3.57,3.56,103.00276,-18.95443,10.1347,637.257,FALSE POSITIVE
6480.01,81089255,PC,750.2395535,3.922,6713.0,9.68778,135.0,0.0560777,7459.0,4.36,1.43,122.694102,-43.853401,11.8409,564.158,CANDIDATE
6481.01,101225566,PC,6.2796518,2.26,4992.0,6.38573,810.0,71.742,5159.0,4.47,0.9,155.555983,-14.052149,12.5284,318.741,CANDIDATE
6482.01,189300053,PC,1483.5175058,5.424,11723.0,17.4711,105.0,0.020302,5782.0,4.06,1.58,141.929638,-24.965029,13.1388,910.154,CANDIDATE
6483.01,355449539,PC,5.2076995,0.887,4315.0,6.02778,570.0,17.5447,4961.0,4.57,0.78,110.301146,-49.134858,12.4716,242.223,CANDIDATE
6484.01,294394558,PC,18.2457829,3.64,3157.0,3.87217,579.0,18.6783,5057.0,4.58,0.78,109.322945,-54.117193,12.0808,212.659,CANDIDATE
6485.01,281286325,PC,17.0180939,4.558,13730.0,14.5502,737.0,49.0598,5782.0,4.26,1.26,150.95699,-19.2825,13.4446,843.379,CANDIDATE
6486.01,46772529,FP,10.6332248,3.436,36558.0,15.9854,632.0,26.5909,4678.0,4.5,0.81,141.722816,-7.579251,12.8397,271.71,FALSE POSITIVE
6487.01,37754672,PC,14.13519,2.273,3863.0,9.82212,791.0,65.1514,6466.0,4.18,1.54,135.766676,-29.28071,12.1185,633.364,CANDIDATE
6488.01,238124845,PC,8.0850515,2.817,1521.0,3.89202,864.0,92.8495,5560.0,4.41,1.02,105.597221,-50.87235,11.8187,298.567,CANDIDATE
6489.01,423445163,PC,2.917882,1.483,1937.0,3.08813,837.0,81.6812,4593.4,4.65,0.67,157.820359,-18.808544,12.5035,186.872,CANDIDATE
649.01,35582553,PC,0.9370901,1.312,1560.0,9.49947,2079.0,3103.07,6779.0,3.83,2.43,102.22267,-13.527269,10.0461,430.622,CANDIDATE
6490.01,118754987,PC,7.842208,4.914,7095.0,12.3266,1335.0,527.439,6428.0,4.18,1.53,134.581948,-22.700934,13.1011,965.524,CANDIDATE
6491.01,25212199,PC,7.5520411,4.338,3881.0,8.43121,1165.0,306.311,5936.0,4.07,1.58,143.525469,-34.03832,12.3727,641.243,CANDIDATE
6492.01,47143972,PC,731.8319734,2.747,46413.0,12.4424,55.0,0.0015866,3556.0,4.7,0.54,145.012087,-10.977168,14.2991,214.326,CANDIDATE
6493.01,445522339,APC,3.0667073,1.486,3497.0,3.39378,687.0,37.0044,3808.0,4.68,0.57,112.981285,-49.134121,12.4802,104.516,CANDIDATE
6494.01,438376091,PC,3.5327892,2.093,4509.0,,1706.0,1406.91,8706.0,,,142.372527,-54.433148,12.2137,1136.24,CANDIDATE
6495.01,36808091,PC,3.7781679,4.416,5635.0,11.6911,1678.0,1317.34,6118.0,4.0,1.77,150.719276,-46.374718,12.973,966.05,CANDIDATE
6496.01,374741750,PC,0.9942215,2.554,7298.0,,,,,,,151.048914,-60.126229,13.1263,1713.43,CANDIDATE
6497.01,303426966,PC,2.1439841,1.793,13382.0,16.8452,1554.0,968.251,6788.0,4.29,1.44,164.141735,-57.704427,13.1074,957.246,CANDIDATE
6498.01,371596277,PC,22.5095172,4.509,26199.0,12.0156,542.0,14.3836,4952.0,4.5,0.84,147.885334,-67.113047,13.0303,332.357,CANDIDATE
6499.01,45881495,PC,9.0441543,1.196,25006.0,10.2153,319.0,1.72908,3642.0,4.68,0.57,149.637654,-37.707584,14.6334,260.803,CANDIDATE
650.01,349373192,FP,0.76983,2.774,160.192,,4149.0,49237.6,8658.0,3.92,,110.261044,-60.155475,9.7839,402.762,FALSE POSITIVE
6500.01,72806004,PC,4.4156851,1.091,3166.0,7.75741,964.0,143.363,5599.0,4.35,1.1,152.56752,-40.64736,11.9865,343.112,CANDIDATE
6501.01,35973654,PC,4.4581792,3.561,5095.0,9.08219,1378.0,599.933,5973.0,4.17,1.43,149.365272,-42.861181,12.834,709.759,CANDIDATE
6502.01,75580659,PC,5.0711656,6.032,5325.0,15.3998,2019.0,2760.2,7304.0,3.88,2.43,139.172161,-44.584808,12.9544,1355.12,CANDIDATE
6503.01,358838026,PC,3.9535041,3.684,6493.0,13.6119,1497.0,835.02,6166.0,3.91,1.98,151.611142,-47.02428,12.9435,1079.16,CANDIDATE
6504.01,177257073,PC,6.8328077,5.311,4454.0,9.18199,1253.0,410.019,5657.0,4.11,1.45,102.292945,-76.245719,13.2222,789.385,CANDIDATE
6505.01,376800517,PC,15.8951857,3.711,40821.0,11.9336,443.0,6.40691,3792.0,4.67,0.57,153.470526,-63.490143,14.1994,231.356,CANDIDATE
6506.01,469008497,PC,13.0795854,4.918,12002.0,9.66071,843.0,83.886,5555.0,4.5,0.92,144.065386,-49.245674,13.0582,435.115,CANDIDATE
6507.01,54145416,PC,5.267165,1.743,5142.0,6.02919,734.0,48.3829,4930.0,4.54,0.8,160.602735,-30.249932,12.9845,322.179,CANDIDATE
6508.01,142277868,CP,18.9926881,1.506,223710.0,10.231,179.0,0.172006,3003.0,5.05,0.21,180.764269,-33.6655,14.3088,48.4666,CONFIRMED
6509.01,358164738,PC,5.6022404,6.027,4365.0,16.2862,1617.0,1136.7,6237.0,3.73,2.49,139.106048,-63.641065,12.0622,900.01,CANDIDATE
651.01,72090501,PC,1.0697877,1.979,3990.0,,4428.0,63832.9,8576.7,,,92.105662,-11.147333,9.0185,74.834,CANDIDATE
6510.01,361154154,PC,37.98781,4.309,7798.0,10.1109,505.0,10.8495,5983.0,4.26,1.29,143.692557,-63.735512,12.2544,501.914,CANDIDATE
6511.01,303030789,PC,21.5962209,4.511,9216.0,9.42089,689.0,37.4782,6012.0,4.41,1.09,155.164204,-69.488366,12.7121,539.43,CANDIDATE
6512.01,72542944,PC,2.5011016,1.366,4644.0,15.7428,1220.0,368.009,6421.0,3.84,2.25,151.587915,-39.092019,13.1724,1515.49,CANDIDATE
6513.01,29780740,PC,2.4214702,1.395,20899.0,9.94252,670.0,33.5202,3642.0,4.62,0.64,64.961341,-69.854207,14.8212,340.166,CANDIDATE
6514.01,439618305,PC,4.0236761,5.03,6216.0,16.953,2733.0,9268.26,9833.0,4.18,2.14,143.52393,-54.905421,11.9783,965.229,CANDIDATE
6515.01,101961987,PC,3.8149372,4.366,6444.0,13.2182,1552.0,963.383,5709.0,3.89,1.89,153.714224,-43.515162,13.3092,1093.34,CANDIDATE
6516.01,446524637,PC,18.8392786,4.036,6440.0,10.5098,727.0,46.6035,5972.0,4.18,1.42,155.886327,-52.953355,13.1386,762.45,CANDIDATE
6517.01,5709314,PC,2.6185048,1.096,3523.0,6.08823,1091.0,235.909,6478.0,4.53,1.04,143.595647,-41.525772,12.3947,461.438,CANDIDATE
6518.01,139314045,PC,2.1978944,1.619,3203.0,15.7016,1151.0,292.313,5147.0,,2.61,151.834712,-53.343307,12.5611,802.838,CANDIDATE
6519.01,188128470,PC,10.397262,9.97,3143.0,13.8002,1222.0,371.029,4953.5,,2.47,162.168812,-24.719427,11.5447,521.207,CANDIDATE
652.01,22221375,CP,3.9846589,2.146,445.0,2.12827,1405.0,647.901,5903.0,4.44653,1.03,149.123515,-24.099186,7.3635,45.683,CONFIRMED
6520.01,382688257,PC,7.6016156,2.116,2969.0,19.3547,719.0,44.5994,5200.0,,3.38,137.2905,-51.073956,12.7216,1261.35,CANDIDATE
6521.01,382187347,PC,3.581253,1.874,41493.0,12.2522,661.0,31.7588,3873.0,4.66,0.58,81.237585,-57.035477,14.9198,358.254,CANDIDATE
6522.01,71674064,PC,4.7383479,1.935,1843.0,4.7507,1285.0,453.403,5109.0,4.48,0.89,156.403066,-32.592827,11.3742,182.154,CANDIDATE
6523.01,167720788,PC,7.809463,4.133,11239.0,14.0451,1065.0,214.334,5816.0,4.32,1.33,103.402787,-64.437403,12.8603,708.281,CANDIDATE
6524.01,356921678,PC,0.8515408,0.648,51018.0,16.072,689.0,37.4851,3254.0,4.7,0.54,135.557036,-62.647058,14.478,200.435,CANDIDATE
6525.01,147193084,PC,731.3548427,3.429,19143.0,15.334,102.0,0.0186537,5794.0,4.36,1.12,162.271012,-45.085546,13.463,703.497,CANDIDATE
6526.01,57694405,PC,14.7478214,2.355,6095.0,7.68311,559.0,16.3125,5167.0,4.41,0.96,174.125644,-31.535144,12.6161,355.397,CANDIDATE
6527.01,437774844,PC,5.389491,2.0,49190.0,14.3807,505.0,10.8749,3493.0,4.6,0.67,141.611472,-59.673478,14.7698,336.274,CANDIDATE
6528.01,363417404,PC,1484.1934287,3.05,13469.0,8.94439,61.0,0.002443,5602.0,4.63,0.8,164.296604,-27.523698,13.2466,449.808,CANDIDATE
6529.01,54238138,PC,7.4476397,2.266,1021.0,2.1911,664.0,32.4591,4526.0,4.56,0.73,160.949007,-33.155027,10.8273,92.6712,CANDIDATE
653.01,33153766,FP,0.68831,1.365,3983.64,21.715,3364.0,21261.5,6054.0,3.47323,3.13,144.77363,-45.426185,8.5234,213.947,FALSE POSITIVE
6530.01,49066806,PC,5.332805,2.142,1795.0,2.92256,764.0,56.7571,4189.0,4.57,0.7,164.676291,-35.341072,11.213,86.8636,CANDIDATE
6531.01,297853363,PC,4.416076,4.677,7620.0,16.839,1341.0,537.53,5186.0,,2.32,142.493224,-50.725186,13.2786,1111.68,CANDIDATE
6532.01,72542131,PC,5.4736892,2.699,14590.0,18.8155,1069.0,217.531,6229.4,4.17,1.5,151.681083,-39.710775,12.4974,682.391,CANDIDATE
6533.01,464544047,PC,2.8656356,3.523,5530.0,11.1837,2478.0,6267.38,8849.0,4.4,1.56,156.617346,-56.545537,13.2022,1350.5,CANDIDATE
6534.01,459604398,PC,3.4542618,3.93,5344.0,,,,,,,163.090977,-56.263899,12.4454,1102.52,CANDIDATE
6535.01,46104747,PC,20.8359197,3.321,2451.0,7.56184,704.0,40.967,6838.0,4.14,1.71,132.023404,-58.758544,11.7347,637.497,CANDIDATE
6536.01,280647591,PC,4.2380294,3.699,4699.0,6.48085,1430.0,695.384,6030.0,4.5,0.99,144.357907,-48.275231,13.4696,643.227,CANDIDATE
6537.01,80384677,PC,3.6477926,2.667,1747.0,3.9626,1110.0,252.255,5005.4,,0.98,165.14022,-49.077328,12.131,428.196,CANDIDATE
6538.01,306248357,PC,5.7180689,5.215,2864.0,9.5585,1508.0,860.489,6219.0,3.99,1.83,166.557921,-54.573252,11.9319,666.515,CANDIDATE
6539.01,310497279,PC,2.3645949,2.442,5263.0,14.3865,2067.0,3031.27,7743.0,4.09,2.02,152.680945,-48.27263,13.2487,1724.86,CANDIDATE
654.01,35009898,CP,1.5275639,1.3727055,2892.4227936,2.6103318,707.9554489,59.3669472,3433.0,4.89676,0.427953,164.724551,-5.547545,12.2255,57.7553,CONFIRMED
6540.01,142171554,PC,4.5127799,3.11,7453.0,10.6956,1174.0,316.305,5643.0,4.25,1.25,179.97778,-30.221599,13.4905,796.484,CANDIDATE
6541.01,457337619,PC,5.8991458,4.815,275.0,1.10037,1282.0,449.719,5419.4,4.65,0.76,157.243507,-58.794138,9.1069,64.4175,CANDIDATE
6542.01,255851356,FP,2.4018591,3.471,655.0,10.1612,3531.0,25813.2,6071.0,3.95,1.86,198.58223,-59.692251,9.9747,260.511,FALSE POSITIVE
6543.01,390151888,PC,15.5523703,5.554,723.0,3.54892,1509.0,861.828,5759.0,4.31,1.18,183.61147,-58.058789,9.2889,115.665,CANDIDATE
6544.01,161738745,PC,3.6249482,2.294,748.0,5.1321,1189.0,332.475,4935.7,,1.94,190.158097,-48.140748,9.6235,,CANDIDATE
6545.01,72504017,PC,5.6177467,2.307,670.0,5.60938,1089.0,233.759,6315.0,3.74,2.48,187.651542,-43.953561,9.74,346.576,CANDIDATE
6548.01,302212110,PC,8.5473,3.5451032,2857.1912379,10.3970349,1331.5426262,742.9187125,6619.0,4.02,1.89911,132.767883,-69.344177,12.4715,971.803,CANDIDATE
6549.01,290777444,PC,6.1079575,5.1261164,14668.3220679,19.1369245,1222.2403125,527.4088544,5681.0,4.0558,1.56062,84.858988,-52.933311,12.2311,575.271,CANDIDATE
6550.01,133850380,PC,6.9153868,6.156,5765.0,15.9616,1965.0,2475.48,6649.3,4.37,2.05,121.454664,-41.135631,10.8597,553.272,CANDIDATE
6552.01,220460087,PC,3.2706204,4.0101943,7558.7070106,13.5836554,1550.7890331,1366.8847119,5933.0,4.31,1.53146,74.756626,-56.715996,12.4338,698.403,CANDIDATE
6553.01,324422520,PC,3.6342494,3.683,380.0,4.36152,1556.0,973.329,5829.0,3.73,2.31,209.162375,-61.182993,9.5605,227.014,CANDIDATE
6554.01,94483093,PC,2.6141047,2.639,695.0,3.60255,1475.0,787.265,5650.0,4.11,1.46,241.922414,-33.249367,10.37,220.877,CANDIDATE
6555.01,259606227,PC,10.1298877,4.796,634.0,3.76774,1223.0,371.461,6802.0,4.05,1.9,223.62771,-68.384542,9.4738,261.077,CANDIDATE
6556.01,179739873,PC,12.9623248,3.564,2427.0,5.94559,804.0,69.6232,5996.0,4.2,1.39,213.667189,-41.559703,10.1115,212.894,CANDIDATE
6557.01,141074654,PC,12.5383316,3.084,846.0,3.44886,777.0,60.8025,6018.0,4.3,1.23,228.503044,-45.012267,9.8987,168.977,CANDIDATE
6558.01,420529106,PC,9.5327064,2.55,1177.0,2.39108,605.0,22.3356,4504.0,4.58,0.72,216.133991,-52.831718,10.3012,70.5122,CANDIDATE
6559.01,313671132,PC,733.3796728,4.101,2996.0,6.17234,628.0,25.9335,5878.0,4.29,1.22,202.157881,-62.169938,10.0778,177.911,CANDIDATE
6560.01,47667,APC,17.2051468,1.464,1975.0,8.17561,575.0,18.2667,6470.6,4.13,1.63,220.409244,-26.790781,9.17446,176.365,CANDIDATE
6561.01,3728481,PC,3.1739329,1.192,1590.0,15.5264,800.0,68.2123,4999.0,,3.95,245.224446,-38.690224,10.1676,360.452,CANDIDATE
6562.01,368713985,PC,4.0947485,5.1910541,5981.4894009,17.3607607,1776.737668,2355.1265087,5983.0,4.27,2.1987801,220.299751,-32.363352,11.7584,758.968,CANDIDATE
6563.01,210441429,PC,2.4053036,3.3515613,11063.0791519,19.9376761,1763.1481335,2283.8953939,5476.0,3.88771,1.84636,212.200442,-55.712303,11.5744,441.968,CANDIDATE
6564.01,453668803,PC,3.9854465,4.5181131,8800.6144816,16.4220671,1518.7645545,1257.4270919,5904.0,4.0,1.71105,205.817879,-56.156449,9.5687,191.372,CANDIDATE
6565.01,392914193,PC,0.8778729,1.008516,1704.0444879,6.173706,2403.1290748,7881.8722822,6210.0,4.18301,1.46319,218.729436,-34.057153,11.5643,457.078,CANDIDATE
6566.01,121560868,PC,7.5837846,2.0598226,3059.0689425,10.7098887,1363.7968578,817.5602045,6457.0,4.0,1.89487,225.706366,-40.167615,12.0824,793.88,CANDIDATE
6567.01,366316586,PC,4.9486116,1.3297363,6987.092161,10.6945832,981.3368862,219.1762514,5524.0,4.5045,0.912363,219.042483,-34.496057,11.7803,260.813,CANDIDATE
6568.01,253126207,PC,17.4368079,4.3786259,15418.7232538,18.6840757,901.0603895,155.7889305,6332.0,4.19731,1.47515,194.684003,-58.476742,11.1102,366.686,CANDIDATE
6569.01,22560356,PC,5.9337178,1.089,36149.0,19.9345,385.0,3.66917,3322.0,4.71,0.53,184.800928,-46.780305,14.9074,233.338,CANDIDATE
657.01,48103627,CP,4.5696698,3.9536171,9861.079392,13.0582928,1270.6807784,616.12218,6122.0,4.283,1.28306,147.4067,-33.218503,12.4399,562.256,CONFIRMED
6570.01,73310180,PC,10.9799801,3.39,4626.0,8.3173,812.0,72.3255,5754.2,4.2,1.34,190.438688,-45.743629,12.4071,533.016,CANDIDATE
6571.01,243550555,PC,11.5379235,3.661,1405.0,3.827,859.0,90.3933,5835.0,4.45,1.01,206.394609,-42.826302,10.9535,218.468,CANDIDATE
6572.01,124617560,PC,3.6462287,3.662,6153.0,14.2198,1443.0,721.653,5707.0,3.92,1.84,200.007062,-34.634937,13.2336,1077.53,CANDIDATE
6573.01,419503191,PC,8.1618477,2.17,4647.0,11.849,976.0,150.654,7238.0,4.25,1.59,191.300944,-55.318965,12.5489,825.215,CANDIDATE
6574.01,464542805,PC,13.0953097,1.925,3028.0,8.3339,599.0,21.487,6103.0,4.13,1.54,156.512015,-56.329798,12.0407,537.819,CANDIDATE
6575.01,272251987,PC,3.3047459,3.735,1724.0,4.70927,1851.0,1949.35,6636.0,4.35,1.3,187.583215,-59.413143,12.351,578.91,CANDIDATE
6576.01,304363215,PC,19.3111424,3.92,18500.0,9.91342,653.0,30.3232,5850.0,4.54,0.92,164.927622,-58.659028,13.0093,466.577,CANDIDATE
6577.01,144321743,PC,729.9391752,1.515,10806.0,15.2287,456.0,7.21802,5136.9,4.61,0.77,189.630031,-41.47389,12.0263,214.986,CANDIDATE
6578.01,144077896,PC,2.7543175,1.471,1368.0,2.11364,686.0,36.9545,3573.0,4.7,0.54,188.132336,-37.073844,12.0438,75.4617,CANDIDATE
6579.01,308010949,PC,3.4732477,2.541,6428.0,13.0505,1540.0,935.315,7081.0,4.21,1.63,167.212209,-54.315121,13.3562,1207.19,CANDIDATE
658.01,48476907,FP,4.7192734,1.301,1557.0,7.15211,985.0,156.343,6521.0,4.22041,1.6,150.152654,-34.681865,9.5359,212.005,FALSE POSITIVE
6580.01,170627138,PC,10.9600975,6.171,4111.0,9.91407,1067.0,215.895,5586.7,3.82,2.04,185.624262,-32.33691,11.7921,580.95,CANDIDATE
6581.01,94012094,PC,4.9156665,2.561,2218.0,5.59825,1044.0,197.609,5656.0,4.28,1.2,176.397049,-50.56653,11.4291,303.927,CANDIDATE
6582.01,438629686,PC,19.6500878,2.277,2605.0,14.4539,788.0,64.2887,8968.0,3.88,2.85,201.899291,-46.386792,11.0608,1116.12,CANDIDATE
6583.01,377771417,PC,7.447404,1.479,6142.0,13.1669,894.0,106.276,7936.0,4.26,1.7,154.698501,-62.793024,11.3329,639.815,CANDIDATE
6584.01,374155286,PC,3.6850751,1.859,4456.0,10.2036,1066.0,214.472,5860.0,4.07,1.57,149.911356,-62.975497,12.3896,612.225,CANDIDATE
6585.01,162729620,FP,13.4364908,5.375,4735.0,9.8672,1428.0,690.534,6229.0,4.28,1.31,170.889648,-45.647015,12.3613,590.249,FALSE POSITIVE
6586.01,363259409,PC,5.0953453,5.025,5956.0,12.0431,1571.0,1011.51,6269.0,3.79,2.34,147.396642,-63.494029,12.1162,883.252,CANDIDATE
6587.01,131312528,PC,17.0116833,3.129,9188.0,8.55494,616.0,23.9943,5668.0,4.53,0.91,191.679388,-35.418044,12.2657,338.067,CANDIDATE
6588.01,289389326,PC,1.7988855,1.415,38230.0,13.2509,734.0,48.1876,3458.0,4.63,0.62,202.23874,-56.782537,14.9692,315.113,CANDIDATE
6589.01,91794828,PC,3.0589547,3.696,12864.0,17.6594,1855.0,1967.9,6821.0,4.11,1.78,171.473891,-53.310061,13.3831,1325.9,CANDIDATE
659.01,48476908,PC,4.7192771,1.594,2856.0,9.68968,1327.0,515.984,5990.0,4.00966,1.42,150.153861,-34.681446,10.245,245.318,CANDIDATE
6590.01,72123144,PC,7.0911739,5.635,8187.0,14.5208,1741.0,1526.19,5924.0,4.2,1.37,186.345676,-44.04327,13.4995,949.219,CANDIDATE
6591.01,463868678,PC,5.7881587,6.879,1372.0,11.6578,1629.0,1170.98,5668.0,,3.74,154.896239,-57.071089,11.983,1245.89,CANDIDATE
6592.01,398945279,PC,9.5098954,1.448,6596.0,16.5009,743.0,50.8044,5478.0,4.31,1.14,190.637818,-34.090596,12.8316,511.237,CANDIDATE
6593.01,241297273,PC,8.4325164,1.731,8796.0,9.45527,630.0,26.3135,5300.0,4.41,0.98,203.604407,-49.291192,12.925,431.429,CANDIDATE
6594.01,49411575,PC,2.67581,2.288,9116.0,15.7041,1437.0,709.373,6171.0,4.07,1.66,205.607979,-29.800642,12.9822,1006.66,CANDIDATE
6595.01,361344753,PC,7.5138657,2.121,1104.0,3.23033,711.0,42.4479,5139.0,4.48,0.89,143.94571,-60.083478,10.9743,151.511,CANDIDATE
6596.01,306249066,PC,26.1622122,3.631,6329.0,10.1227,721.0,44.9857,6139.0,4.39,1.14,166.728463,-54.738876,10.5353,221.906,CANDIDATE
6597.01,131195882,PC,0.9097915,1.044,3698.0,6.92737,1599.0,1085.74,5822.0,4.39,1.09,190.978266,-33.265959,12.9505,571.796,CANDIDATE
6598.01,22452837,PC,10.8089555,2.71,6392.0,11.7906,871.0,95.8499,6876.0,4.27,1.49,184.349287,-46.173632,12.9661,992.387,CANDIDATE
6599.01,166145361,PC,2.2059167,0.9395169,2594.7383621,1.0369208,449.4361398,9.6425737,3087.0,5.07767,0.202097,205.923928,-40.041874,11.9686,16.9227,CANDIDATE
6600.01,325647810,PC,3.8030207,2.537,2103.0,4.18884,1075.0,221.979,5035.0,4.35,1.01,187.441996,-69.651839,11.0686,174.42,CANDIDATE
6601.01,167573692,PC,32.5444769,1.661,101822.0,11.9952,167.0,0.130568,3230.0,4.84,0.38,101.568127,-62.347402,14.6483,168.1966,CANDIDATE
6602.01,392027961,PC,1.5840089,1.134,1137.0,5.90757,1156.0,296.761,5188.0,3.91,1.72,174.171991,-71.183844,12.0139,447.901,CANDIDATE
6603.01,90048949,PC,5.015806,5.154,4470.0,14.6529,1955.0,2429.4,7155.0,3.89,2.37,204.212654,-55.270452,12.9595,1310.99,CANDIDATE
6604.01,56884,PC,3.917482,2.619,8397.0,13.4773,1324.0,511.088,6466.0,4.18,1.54,220.652699,-25.55393,12.1967,662.96,CANDIDATE
6605.01,263207857,PC,12.2981251,3.98,14968.0,9.70951,871.0,95.5652,5614.0,4.55,0.87,230.389105,-66.264426,13.4442,536.703,CANDIDATE
6606.01,242532142,PC,2.5354002,1.744,11001.0,15.299,1336.0,529.415,5526.0,4.17,1.34,215.116596,-44.354316,13.2738,723.354,CANDIDATE
6607.01,400968492,PC,11.1860909,5.989,4416.0,10.3662,1208.0,353.841,6520.0,4.11,1.69,167.584824,-69.344992,12.2525,741.795,CANDIDATE
6608.01,366315051,PC,7.3144752,1.481,19146.0,13.336,571.0,17.6496,5137.0,4.39,0.99,218.944637,-32.719293,12.8314,390.235,CANDIDATE
6609.01,291668351,PC,12.9414603,3.75,13164.0,10.6791,771.0,58.6863,5832.0,4.45,1.01,217.985495,-54.400652,13.2079,514.266,CANDIDATE
6610.01,289076007,PC,3.1651539,3.416,8746.0,14.2867,1647.0,1222.01,6396.0,4.15,1.57,224.571478,-49.275979,11.1708,407.645,CANDIDATE
6611.01,403368444,PC,6.5568726,2.755,8511.0,12.6672,991.0,160.545,6139.0,4.23,1.36,229.883712,-73.522601,12.1404,534.334,CANDIDATE
6612.01,76706043,PC,2.3207203,1.797,12787.0,14.0426,950.0,135.481,4390.0,4.12,1.2,229.294897,-33.969293,11.7332,180.958,CANDIDATE
6613.01,426904354,PC,2.5001306,1.61,16650.0,17.7461,1361.0,570.926,6158.0,4.2,1.42,237.006147,-66.810824,13.4146,1002.32,CANDIDATE
6614.01,149179763,PC,25.0709977,2.379,12286.0,11.9941,532.0,13.367,5624.0,4.49,0.94,81.700204,-65.289713,12.5738,388.523,CANDIDATE
6615.01,145804834,PC,3.5911377,1.623,13850.0,11.6235,1027.0,184.928,6094.0,4.5,0.99,230.134223,-45.54122,12.0846,358.155,CANDIDATE
6616.01,349503728,PC,1.1235117,1.039,48991.0,12.5587,796.0,66.6916,3505.0,4.67,0.58,220.664082,-79.454095,14.9482,,CANDIDATE
6617.01,439381274,PC,4.315664,6.135,3530.0,8.30372,2032.0,2834.56,6707.0,4.2,1.56,195.799598,-64.822103,12.0669,580.371,CANDIDATE
6618.01,350432166,PC,35.7890963,8.6915413,2255.7900517,9.2051754,796.2998086,95.0227177,6218.9,3.96,1.90288,84.885928,-59.005736,11.2822,511.417,CANDIDATE
6619.01,399195246,PC,1.6930171,2.759,10940.0,16.2172,1882.0,2086.88,6010.0,4.05,1.64,163.506946,-70.892253,12.6705,755.87,CANDIDATE
662.01,54085154,FP,1.0014437,1.28,416.0,4.71785,3627.0,28733.4,6380.0,4.438,1.18,160.180141,-31.927233,8.2046,87.2682,FALSE POSITIVE
6620.01,241592217,PC,3.8647617,4.038,7591.0,13.7097,1660.0,1263.12,6119.0,3.98,1.83,207.195682,-53.575927,13.2261,950.963,CANDIDATE
6621.01,374908396,PC,4.2807848,2.073,2031.0,2.8386,778.0,60.9199,4354.0,4.59,0.69,88.963569,-65.507496,12.8143,193.932,CANDIDATE
6622.01,260539542,PC,37.8575614,7.424,5180.0,7.35774,664.0,32.4592,5980.0,4.34,1.17,96.949049,-54.279518,13.3296,750.839,CANDIDATE
6623.01,207937389,PC,3.1791661,2.844,16245.0,12.9563,1636.0,1190.1,6452.0,4.43,1.16,207.421621,-57.150013,13.0339,651.466,CANDIDATE
6624.01,443199889,PC,10.3031578,3.44,3072.0,11.0446,946.0,132.955,6387.0,3.94,2.01,198.888298,-61.443076,10.8833,398.406,CANDIDATE
6625.01,258409964,PC,5.4863844,4.339,8862.0,14.247,1442.0,719.754,6498.0,4.15,1.61,221.805701,-68.521148,12.9268,954.945,CANDIDATE
6626.01,148691985,PC,1.2864856,1.328,104433.0,14.0003,728.0,46.706,3172.0,4.79,0.45,231.025033,-39.909393,14.6186,158.097,CANDIDATE
6627.01,411463659,PC,4.8934688,3.157,9659.0,15.84,1557.0,975.759,6332.0,4.15,1.56,179.587735,-68.716999,12.8709,853.667,CANDIDATE
6628.01,75650448,CP,18.184189,3.696,9343.0,9.90639,589.0,20.0861,5265.0,4.32,1.09,225.83705,-35.230579,12.0836,320.527,CONFIRMED
6629.01,160442729,PC,4.3664669,2.004,26747.0,9.52505,592.0,20.3906,3598.0,4.66,0.59,223.135822,-38.861661,14.2251,233.304,CANDIDATE
663.01,54962195,CP,2.5989031,1.6635706,1953.2615465,2.4312854,672.9286739,48.4615319,3719.0,4.76941,0.512361,160.065852,-8.511083,11.7602,64.2308,CONFIRMED
663.02,54962195,CP,4.6955986,2.1638721,1969.101717,2.6626375,552.5039779,22.0222982,3719.0,4.76941,0.512361,160.065852,-8.511083,11.7602,64.2308,CONFIRMED
663.03,54962195,CP,7.1024749,2.7542652,1317.715762,1.9895244,481.3147406,12.6834573,3719.0,4.76941,0.512361,160.065852,-8.511083,11.7602,64.2308,CONFIRMED
6630.01,312612366,PC,7.7103227,4.406,6083.0,8.52513,1253.0,410.215,6617.0,4.42,1.2,210.847138,-51.927424,13.1227,713.493,CANDIDATE
6631.01,457446242,PC,3.4714821,3.245,9502.0,13.2477,1585.0,1049.57,6604.0,4.28,1.41,206.35273,-57.331284,12.716,690.045,CANDIDATE
6632.01,292349703,PC,5.8778295,3.392,1326.0,11.2784,1174.0,316.166,5965.0,3.43,3.34,221.42572,-65.8513,11.5555,854.397,CANDIDATE
6633.01,38584799,PC,6.5479496,2.331,988.0,2.28629,878.0,98.978,4853.5,4.61,0.73,63.937745,-62.725017,12.1821,197.121,CANDIDATE
6634.01,400491269,PC,23.136755,7.179,2514.0,9.05398,1102.0,245.088,7723.0,4.08,2.04,166.596115,-66.703343,11.2405,681.143,CANDIDATE
6635.01,330424797,PC,8.6243051,5.584,9216.0,16.2074,2076.0,3083.68,7944.0,4.39,1.47,211.969321,-60.620203,12.363,700.825,CANDIDATE
6636.01,209054294,PC,3.5171227,2.327,4327.0,14.6605,1343.0,541.267,6386.0,3.88,2.16,209.796777,-54.762928,12.3531,914.054,CANDIDATE
6637.01,256124756,APC,2.231293,1.796,16216.0,15.38,1391.0,621.755,6356.0,4.38,1.19,199.577115,-59.758683,13.4658,782.642,CANDIDATE
6638.01,460316238,PC,4.140097,2.896,40878.0,16.9028,1056.0,206.767,5359.0,4.57,0.82,222.562817,-49.596217,13.4986,453.793,CANDIDATE
6639.01,446918603,PC,8.0136668,4.056,7657.0,11.825,1036.0,191.471,5831.0,4.17,1.4,232.605222,-67.938798,12.4865,597.698,CANDIDATE
6640.01,167654347,PC,16.9356875,3.256,2618.0,3.59731,633.0,26.8131,4758.0,4.62,0.71,102.540676,-63.465599,12.392,201.413,CANDIDATE
6641.01,241525834,PC,1.9647786,1.586,60692.0,15.9566,696.0,39.1755,3314.0,4.62,0.64,206.54904,-53.357187,14.85,297.833,CANDIDATE
6642.01,23111,PC,3.3421583,1.284,14573.0,16.3017,944.0,132.245,6022.0,4.15,1.46,219.53997,-27.418351,13.0934,850.423,CANDIDATE
6643.01,332887363,PC,4.8332515,4.323,5964.0,14.6312,1528.0,907.188,6431.0,3.9,2.11,216.321837,-51.818041,12.7886,1015.39,CANDIDATE
6644.01,149450435,PC,42.7305626,5.591,2711.0,4.03815,499.0,10.2931,5247.0,4.56,0.83,85.08377,-60.917584,12.5687,308.178,CANDIDATE
6645.01,15827263,FP,3.9525732,2.378,857.0,,,,4536.1,,,280.505862,17.310927,10.4263,,FALSE POSITIVE
6646.01,346855283,PC,17.7505864,5.578,1395.0,4.72963,999.0,165.508,6967.0,4.34,1.38,280.882334,20.560674,9.56062,191.472,CANDIDATE
6647.01,439943973,PC,3.9963956,3.878,635.0,3.52475,1451.0,736.757,5684.0,4.08,1.52,1.21215,42.868196,9.65566,174.397,CANDIDATE
6648.01,440150441,PC,20.86399,5.624,1040.0,3.8434,821.0,75.5957,6153.0,4.35,1.2,5.462265,42.77064,9.99685,185.35,CANDIDATE
6649.01,258940847,PC,5.9867942,0.904,1170.0,10.5818,1040.0,194.213,6336.4,4.26,1.37,9.208188,24.267798,9.7664,201.21,CANDIDATE
665.01,73723286,FP,14.066109,3.4744355,16514.0482965,21.5662738,897.0581591,153.0394528,6157.0,4.20407,1.47641,155.637125,-40.516347,9.1116,131.018,FALSE POSITIVE
6650.01,64837857,PC,20.3292125,6.584,10524.0,14.2065,994.0,162.179,6500.6,4.32,1.37,338.805332,54.773557,10.0252,237.169,CANDIDATE
6650.02,64837857,PC,30.5055627,6.967,1773.0,5.65993,1074.0,221.595,6500.6,4.32,1.37,338.805332,54.773557,10.0252,237.169,CANDIDATE
6650.03,64837857,PC,8.9965133,2.842,988.0,4.26079,991.0,160.463,6500.6,4.32,1.37,338.805332,54.773557,10.0252,237.169,CANDIDATE
6650.04,64837857,PC,,6.426,1437.0,5.18833,826.0,77.417,6500.6,4.32,1.37,338.805332,54.773557,10.0252,237.169,CANDIDATE
6651.01,174328045,CP,5.0569708,3.401,795.0,5.09264,1227.0,376.594,5818.9,3.95,1.8,15.78859,35.389041,9.60892,212.128,CONFIRMED
6652.01,283884522,PC,3.8388774,2.391,350.0,1.94873,1222.0,370.484,5745.0,4.44,1.01,2.214012,33.878756,9.1993,97.8683,CANDIDATE
6653.01,150901009,PC,,2.623,1000.0,2.4364,775.0,60.1386,4859.0,4.59,0.75,4.182463,20.856765,9.1129,50.2297,CANDIDATE
6654.01,278726770,PC,9.5160627,1.832,487.0,17.807,610.0,23.0984,4481.6,,8.18,99.411971,-57.087293,10.1032,673.028,CANDIDATE
6655.01,304690618,PC,6.8672313,2.858,732.0,2.31017,928.0,123.542,5564.0,4.51,0.91,278.028578,-67.664501,10.1763,127.16,CANDIDATE
6655.02,304690618,PC,12.9587054,3.598,1007.0,2.49711,780.0,61.6019,5564.0,4.51,0.91,278.028578,-67.664501,10.1763,127.16,CANDIDATE
6656.01,262457587,FA,0.8219599,2.147,17968.0,,1519.0,884.027,3866.3,,,228.840425,-70.532562,10.318,,FALSE POSITIVE
6657.01,96475638,PC,4.0610981,1.964,558.0,2.57627,1165.0,306.57,6193.0,4.38,1.16,264.966891,-50.574825,8.5861,96.6949,CANDIDATE
6658.01,292221593,PC,5.6494351,5.214,200.0,3.74551,1448.0,730.055,5764.0,,2.95,278.680624,-65.95319,8.641,280.1428,CANDIDATE
6659.01,272768631,PC,7.3120981,1.428,1655.0,3.45268,771.0,58.7812,5159.0,4.57,0.8,278.41157,-35.348041,10.2443,101.511,CANDIDATE
666.01,82128636,APC,7.4760689,1.5699592,1443.0305627,14.1742091,1628.8901244,1663.7503613,6680.0,4.20036,2.3351099,124.110352,-46.429818,8.8252,237.035,CANDIDATE
6660.01,468178519,PC,2.9852193,3.7760499,12776.05708,17.0487122,1593.8024312,1524.9617185,6116.0,4.15621,1.48347,314.381155,-86.61053,12.0054,522.201,CANDIDATE
6661.01,355895977,PC,10.5789534,2.8444195,1530.5878174,3.0009044,663.5380216,45.8125278,5164.0,4.61221,0.765045,190.769321,61.601738,11.7085,190.991,CANDIDATE
6662.01,418343229,PC,0.2939493,0.5422359,746.4231884,0.9372852,1113.594144,363.4366793,3359.0,4.89202,0.33188,84.856001,74.767411,10.8861,21.182,CANDIDATE
6663.01,415732733,PC,,7.1157207,3065.8159708,5.6562862,292.3683615,1.7268018,6487.0,4.438,1.0,142.031271,78.944752,10.594,393.5746,CANDIDATE
6664.01,147561732,PC,,18.1537085,1602.3801725,9.531746,334.1617606,2.946782,6534.0,3.84827,2.2886801,143.137378,69.729484,8.03278,157.48,CANDIDATE
6665.01,192014454,PC,735.797917,5.9484218,479.47449,2.7674128,229.2824174,0.6531366,5972.63,4.28725,1.24541,103.906879,42.042931,8.89177,109.972,CANDIDATE
6666.01,256429408,PC,,16.657231,789.17357,4.5545799,435.8924938,8.5317587,6477.0,4.16898,1.56674,325.003248,69.086612,8.43041,126.959,CANDIDATE
6667.01,161169240,APC,,6.6621453,5126.8337118,8.6506071,745.2922434,72.9167674,5952.0,4.32279,1.19221,339.35783,-53.31905,12.122,466.165,CANDIDATE
6668.01,206361691,PC,718.652003,14.6548943,479.4666113,3.447372,245.2512392,0.8549995,6002.0,4.1943,1.3949,356.628534,-48.958006,8.3408,98.2118,CANDIDATE
6669.01,333736132,PC,731.9966539,2.892543,16102.9689949,10.6774533,451.7617145,9.8437073,4722.0,4.55866,0.756773,170.276336,-26.066616,12.0742,183.078,CANDIDATE
6670.01,126797048,PC,,22.9026501,2389.5186523,9.3912424,309.0841804,2.1568906,7271.0,4.15114,1.7819099,137.046678,-50.613758,8.8855,187.473,CANDIDATE
6671.01,53843023,PC,,2.4755873,1566.5840348,3.1919762,514.1135268,16.5103821,4713.0,4.49053,0.815268,327.638875,-26.556512,10.3852,92.1219,CANDIDATE
6672.01,331644554,PC,,6.6644694,1352.2809088,6.3590858,296.7016455,1.8314743,8450.0,4.31188,1.67454,330.55306,47.090352,9.61487,323.808,CANDIDATE
6673.01,99989903,PC,19.7468103,7.1658967,276.3656087,2.6201221,853.059369,125.152068,6439.2,4.25521,1.4073499,172.258188,63.573608,7.2861,68.305,CANDIDATE
6674.01,452920657,PC,,5.1715272,12885.3671957,11.6792669,507.4140128,15.6664583,3907.0,4.59828,0.663933,8.334322,59.109923,12.6973,153.244,CANDIDATE
6675.01,141522677,PC,,5.4653921,1323.0928698,6.1245707,284.4204055,1.5465501,6608.0,4.32886,1.3326,101.546921,78.50475,9.40853,175.659,CANDIDATE
6676.01,423360793,PC,22.6957088,5.3266755,309.0178416,2.2731788,735.4942881,69.1573302,5988.0,4.28183,1.2555,14.901911,-1.326372,7.848,70.1908,CANDIDATE
6677.01,62085710,PC,5.4496736,0.203,917.0,8.32098,334.0,2.08998,6760.0,4.21,1.57,290.471912,-46.874959,10.4679,340.52,CANDIDATE
6678.01,253864764,PC,3.4268387,1.288,844.0,2.12571,867.0,94.0962,4794.0,4.55,0.77,283.536275,-36.65686,8.8688,44.8496,CANDIDATE
6679.01,344034178,PC,2.3170053,1.122279,1719.0971731,4.4811227,1330.0450754,739.5821823,5542.0,4.438,1.0432,286.14225,-55.347336,10.7742,186.982,CANDIDATE
668.01,102195674,APC,4.3787302,3.827504,30199.2684097,21.696241,1285.0009455,644.3692254,6159.0,4.37691,1.22606,154.191741,-42.559071,11.3425,344.134,CANDIDATE
6680.01,6898572,PC,4.3816966,5.601621,2801.3182472,10.8739335,1750.8881304,2221.0308758,6875.0,4.01141,1.99491,285.449882,-50.06171,10.6264,477.776,CANDIDATE
6682.01,254141733,PC,4.243624,3.8869543,2634.0168857,5.7584838,1046.3362951,283.2736399,5372.0,4.438,1.0,286.539132,-40.61341,11.3648,336.87,CANDIDATE
6683.01,394126269,PC,3.8568001,2.858704,23589.8587425,12.9539382,957.5698373,198.7022717,5009.0,4.49886,0.849464,2.879651,-70.986935,15.331,1042.3,CANDIDATE
6684.01,273270473,PC,2.7086444,2.1554708,25164.5811952,13.966554,1052.3262047,289.816123,4848.0,4.47567,0.851167,320.826158,-80.766966,13.6702,401.464,CANDIDATE
6685.01,6764171,PC,10.7715898,4.2203793,947.4340655,4.1568836,901.9156818,156.3812767,6055.0,4.38226,1.1335599,285.106706,-50.235512,10.2692,191.447,CANDIDATE
6687.01,396246765,PC,3.4414188,3.0026348,7380.9342568,12.4943419,1468.8442425,1100.0792751,5965.0,4.16451,1.43051,302.038459,-76.13625,12.3872,584.723,CANDIDATE
6688.01,464658144,PC,4.9594992,1.2463603,2778.737264,4.6274347,882.7883176,143.5315288,4900.0,4.45095,0.881258,288.371215,-61.059097,10.6834,122.314,CANDIDATE
6689.01,410119093,PC,4.1287427,2.7601938,12670.8512175,12.0296829,1105.3056703,352.7366563,5377.0,4.34978,1.06754,327.447985,-70.455057,12.7602,463.744,CANDIDATE
669.01,124573851,CP,3.9451359,2.424,841.0,2.51666,1146.0,286.87,5581.9,4.13,0.99,158.900701,-5.181374,10.1755,142.867,CONFIRMED
6690.01,149989864,PC,761.7092276,7.6296016,545.0105734,2.5578976,200.1058511,0.378931,5599.17,4.37676,1.06775,90.445562,-63.050467,10.2969,159.053,CANDIDATE
6690.02,149989864,PC,904.5347981,22.1692458,603.0604952,2.7306626,238.0808322,0.7593093,5599.17,4.37676,1.06775,90.445562,-63.050467,10.2969,159.053,CANDIDATE
6691.01,382258844,PC,,15.1057104,183.6559789,2.9487289,340.3959342,3.1729151,6649.0,3.92964,2.1245999,82.716614,-54.898137,8.6235,194.123,CANDIDATE
6692.01,324609409,PC,,10.7778244,3281.1685561,8.3655782,937.2342699,182.3533064,6047.0,4.21587,1.36681,312.694044,-81.272398,11.1163,312.903,CANDIDATE
6693.01,35377903,FP,2.9932591,4.7371329,3363.9691586,11.8414052,1829.8752178,2649.7622197,6106.0,3.91186,1.9654,315.423021,-10.408225,10.3313,341.393,FALSE POSITIVE
6694.01,27414976,PC,3.9759251,2.4026632,31337.4687251,13.4485221,859.627962,129.0515238,4693.0,4.54081,0.769415,215.094092,41.278673,13.7846,401.307,CANDIDATE
6695.01,118339710,PC,,8.6668849,2315.4424358,7.637469,776.545194,85.9385351,6118.81,4.11275,1.56229,129.572022,-23.550217,10.3541,282.536,CANDIDATE
6696.01,104195270,FP,3.6859958,5.1972226,12982.7214564,23.322957,1829.5172894,2647.6896261,6731.3,3.99257,1.99719,44.114507,48.008994,10.9988,531.121,FALSE POSITIVE
6697.01,441546821,CP,,14.6473924,2626.7704894,8.1052869,949.6742375,192.2293196,6613.0,4.23,1.4927,197.317124,-60.308435,7.7897,95.3906,CONFIRMED
6697.02,441546821,PC,,12.9674227,6318.0730583,12.8973379,268.850026,1.2346997,6613.0,4.23,1.4927,197.317124,-60.308435,7.7897,95.3906,CANDIDATE
6698.01,5966772,PC,,3.6676275,1168.7878058,2.6737151,476.4791808,12.1813864,4677.0,4.56264,0.750312,193.398197,-23.119791,10.4795,87.0611,CANDIDATE
6699.01,341405597,PC,5.322002,3.193,955.0,3.84201,976.0,150.91,4716.0,4.56,0.75,317.069584,-63.2505,10.4012,85.8463,CANDIDATE
670.01,147660201,FP,0.579398,1.64214,1324.07712,5.759676,2093.0810718,4535.9180848,5688.0,4.48774,0.950534,163.9091,-42.84928,11.1557,191.494,FALSE POSITIVE
6700.01,167085203,PC,15.5177539,1.2572404,3717.3165127,9.4825825,942.3827039,186.3932704,6314.93,4.18108,1.49694,95.725639,-66.273142,12.2301,643.451,CANDIDATE
6701.01,349789882,PC,10.018102,2.6562286,1791.2124346,12.3167818,1313.4180191,703.2874741,6697.0,4.21,2.0266299,113.362847,-62.485985,11.3908,619.711,CANDIDATE
6702.01,179442778,PC,2.1874712,6.154356,768.888544,3.3333783,959.6369543,200.423599,4454.0,4.59483,0.698505,80.323733,-66.833206,12.9757,188.499,CANDIDATE
6703.01,255560319,PC,49.6178223,14.0758927,88.0818849,2.4730956,744.9095545,72.767119,5494.7,3.63775,2.46205,96.071638,-53.575693,8.4379,151.189,CANDIDATE
6704.01,342449055,PC,2.8607384,1.8963897,928.4712689,,1283.9537275,642.271264,5780.0,4.438,,123.998559,-59.327035,10.746,,CANDIDATE
6704.02,342449055,PC,6.8275101,3.2903924,1559.4770206,5.0896772,960.7741393,201.3753096,5780.0,4.438,1.0,123.998559,-59.327035,10.746,,CANDIDATE
6705.01,379717270,PC,8.4457042,1.6861879,3848.7179165,21.1100738,1642.5854822,1720.4138176,6392.0,3.5,2.8927801,220.003903,-52.910049,10.2734,478.245,CANDIDATE
6706.01,411731278,PC,7.5757446,1.8699103,3661.6696028,12.6097244,1513.1615068,1238.973852,8044.0,4.17155,1.89254,214.272868,-55.521705,8.239,168.118,CANDIDATE
6707.01,287328202,PC,3.8347282,3.4951108,1112.3388758,5.6648123,1509.4265104,1226.7862371,6088.34,4.09655,1.58202,109.763471,-58.115526,12.3332,641.467,CANDIDATE
6708.01,269849065,PC,4.2290856,1.8943522,2605.430842,1.915198,440.4658878,8.895495,3264.0,4.90343,0.320782,69.144564,-81.292943,12.8676,49.5741,CANDIDATE
6709.01,20375215,PC,2.3477336,1.8624266,182.9434914,1.0903541,977.1934094,215.4979378,4799.0,4.66766,0.678033,167.608218,-29.414302,8.8392,39.7429,CANDIDATE
671.01,151681127,APC,10.1970284,4.694,16111.0,23.8452,1512.0,869.85,7949.0,4.21106,1.82,166.888906,-40.206918,9.1379,279.74,CANDIDATE
6710.01,143842198,PC,2.067123,1.9263234,394.2384169,1.5139896,1127.3682012,381.7544649,5113.3,4.77,0.758633,118.916232,-43.356714,9.7367,75.1812,CANDIDATE
6711.01,303364023,FP,10.3469945,2.5934713,1601.254739,1.0318727,307.2680329,2.106641,3278.0,4.97813,0.256167,138.38301,-69.304692,13.0055,42.3968,FALSE POSITIVE
6712.01,192943720,PC,1.8987896,1.926234,98.2034719,2.2042465,2218.9811995,5729.7476128,6016.28,3.81004,2.17401,154.949388,-28.96236,7.71299,114.978,CANDIDATE
6713.01,428673146,PC,2.1538049,1.6541007,137.9312313,0.8814471,1088.3628347,331.6009868,4944.24,4.58767,0.757603,179.792354,-20.355606,7.0276,20.3632,CANDIDATE
6714.01,261264800,APC,4.7674421,1.321031,4898.6218606,1.0365063,275.0676104,1.3529409,2824.0,5.24293,0.125969,90.934682,-81.457413,14.5913,26.741,CANDIDATE
6715.01,460950389,PC,2.8618782,2.2839791,2450.9899956,3.9033641,982.3534679,220.0858555,4743.0,4.51969,0.793587,159.157968,-64.798231,11.649,150.336,CANDIDATE
6716.01,112115898,PC,4.718569,1.1450785,1734.8673947,1.0102426,374.6080294,4.6540316,3190.0,5.01971,0.226654,111.657082,-30.55218,11.7735,18.8873,CANDIDATE
6717.01,34986694,PC,0.4707476,0.5009607,5060.8335277,1.852907,816.5461157,105.0615662,3254.0,5.0301,0.219973,164.325075,-4.674414,13.9087,53.7293,CANDIDATE
6718.01,405428714,PC,2.9532145,3.9795532,3110.6890792,10.2396383,1674.1745752,1856.624045,5483.2,4.3,1.68056,357.366601,-78.932968,11.529,464.958,CANDIDATE
672.01,151825527,CP,3.6335834,1.8069693,8668.4420489,5.1614854,613.4754434,33.4741636,3765.0,4.75169,0.544068,167.990863,-39.328115,11.6739,66.9071,CONFIRMED
6721.01,253917292,PC,4.6086414,3.5610971,27081.6985753,17.9837961,1121.0482082,373.2657632,5693.0,4.37269,1.08355,337.48912,-31.929085,13.6732,784.252,CANDIDATE
6722.01,220524097,PC,3.9613114,2.5843337,15578.1136873,9.2319785,913.6734375,164.6967384,5221.0,4.64701,0.741696,42.467198,-62.723587,13.6157,449.618,CANDIDATE
6723.01,370010846,PC,3.4852362,3.0318968,14856.89726,12.6093335,1202.4572246,494.0825841,5728.0,4.42477,1.02553,46.987523,-66.111186,13.8564,822.224,CANDIDATE
6724.01,261646133,PC,42.8614655,7.635,908.0,4.13549,619.0,24.431,5703.4,4.04,1.61,19.06757,-79.893899,10.4225,250.491,CANDIDATE
6725.01,150320610,PC,2.1476974,1.669,136.0,,,,,,,95.61935,-63.697716,9.755,51.9242,CANDIDATE
6727.01,47482754,PC,15.3471548,3.703,946.0,2.53444,733.0,48.0518,5791.0,4.53,0.92,342.732459,-29.809107,10.1172,136.505,CANDIDATE
6728.01,287326127,PC,24.9636551,5.444,461.0,4.53167,768.0,58.006,6388.0,3.71291,2.61,109.777497,-55.837843,9.608,337.672,CANDIDATE
6729.01,426032475,PC,7.8374554,4.754,188.0,2.26966,1295.0,467.43,6289.7,3.99,1.86,45.310382,-75.203308,9.0529,186.378,CANDIDATE
6729.02,426032475,PC,3.8638303,2.992,109.0,1.80822,1479.0,795.693,6289.7,3.99,1.86,45.310382,-75.203308,9.0529,186.378,CANDIDATE
673.01,151959065,FP,10.5426254,6.2145259,16789.8076116,22.0104106,1166.233875,437.1833461,6114.0,4.28439,1.65817,168.998428,-36.459406,11.955,677.796,FALSE POSITIVE
6730.01,382521776,PC,4.3934744,3.0547623,11541.7099365,10.511208,1034.6449679,270.8235342,5349.0,4.4,0.977886,12.358885,-53.914944,12.8021,432.935,CANDIDATE
6731.01,9032367,PC,1.631858,1.8201336,17812.0219789,11.400179,1199.4351627,489.1342881,4778.0,4.51281,0.805143,355.911751,-11.272631,14.3604,566.544,CANDIDATE
6732.01,349891396,PC,1.3003394,1.341,38320.0,12.0407,880.0,99.5651,3658.0,4.67,0.58,274.39888,-53.01713,14.2548,234.672,CANDIDATE
6733.01,221566773,PC,3.2529571,4.813,6055.0,15.5894,2067.0,3031.39,6623.0,3.89,2.21,248.404924,-56.556132,12.8086,1196.73,CANDIDATE
6734.01,412666676,PC,4.6068687,3.286,15647.0,12.7334,1229.0,379.623,5917.0,4.4,1.08,262.96928,-48.371167,13.0013,544.063,CANDIDATE
6735.01,76899250,PC,3.3357969,1.39,5024.0,11.1895,1163.0,304.514,6517.0,4.21,1.5,271.142485,-58.014464,12.533,768.537,CANDIDATE
6736.01,324150445,PC,2.9879341,2.501,14088.0,11.6667,1202.0,346.683,5315.0,4.43,0.96,275.653906,-41.476441,13.3991,531.546,CANDIDATE
6737.01,171886633,PC,2.8475582,2.979,12974.0,16.2689,1795.0,1724.51,6372.0,4.28,1.36,255.458652,-56.815904,13.0057,813.685,CANDIDATE
6738.01,89417257,PC,3.6234424,4.383,3332.0,9.13018,1680.0,1323.23,5815.0,3.88,1.95,275.279781,-45.469851,12.0409,684.777,CANDIDATE
6739.01,91324328,PC,4.6588405,1.429,12845.0,10.0709,688.0,37.2212,4768.0,4.49,0.83,278.145792,-44.717706,12.5258,252.074,CANDIDATE
674.01,158588995,CP,1.9771658,1.1104153,13877.3059698,5.2706003,644.2865637,40.7227689,3467.0,4.87946,0.421944,164.586559,-36.858109,11.8764,46.0851,CONFIRMED
6740.01,174070181,PC,3.3505941,3.542,8973.0,11.4279,1445.0,723.955,5579.0,4.17,1.35,258.410562,-55.729405,13.3912,778.277,CANDIDATE
6741.01,263203229,FP,5.0061978,3.521,6438.0,12.4847,1635.0,1188.71,6713.0,4.21,1.55,230.412408,-67.206546,12.792,901.517,FALSE POSITIVE
6742.01,307232923,PC,8.1678648,4.797,4097.0,10.7664,1157.0,297.977,5859.0,3.98,1.74,267.730983,-61.614393,13.2152,1038.26,CANDIDATE
6743.01,361403927,PC,5.9097139,5.732,8420.0,18.7334,1590.0,1061.42,6508.0,3.9,2.14,242.81722,-67.000306,12.2914,997.768,CANDIDATE
6744.01,345056639,PC,0.8674623,1.457,5547.0,12.8076,2131.0,3424.09,6470.0,4.09,1.72,277.412003,-62.201806,13.2719,1172.04,CANDIDATE
6745.01,301247383,PC,5.2452852,5.117,5568.0,11.9863,1478.0,793.304,5928.0,3.9,1.93,255.105601,-69.617872,12.9951,1049.37,CANDIDATE
6746.01,367900542,PC,1.20306,1.028,14933.0,12.8325,1043.0,196.591,4204.0,4.29,0.97,260.693723,-56.817609,13.2738,298.209,CANDIDATE
6747.01,343717397,PC,0.7025922,0.733,1740.0,5.49838,1567.0,1003.46,5875.0,4.27,1.24,273.029327,-72.877347,12.2566,476.693,CANDIDATE
6748.01,421056636,PC,4.5932835,3.185,7417.0,11.9834,1261.0,420.855,5988.0,4.18,1.41,252.568079,-56.083838,13.1351,824.528,CANDIDATE
6749.01,426901646,PC,8.6121286,4.155,4777.0,12.0872,1390.0,620.245,7929.0,4.16,1.89,236.891954,-67.506647,12.0574,1036.48,CANDIDATE
6750.01,299876474,FP,2.5950111,2.524,28870.0,10.8614,943.0,131.825,3875.0,4.62,0.64,244.02137,-60.038009,14.4757,317.495,FALSE POSITIVE
6751.01,381448973,PC,2.9419791,3.363,14460.0,15.3905,1928.0,2295.26,7277.0,4.35,1.42,257.381418,-47.403434,12.6752,722.785,CANDIDATE
6752.01,87422071,PC,11.3648628,4.025,4113.0,9.30846,959.0,140.925,6128.0,4.15,1.51,273.034601,-44.243404,11.1938,384.758,CANDIDATE
6753.01,301248781,PC,1.0169814,2.353,7976.0,12.1981,2153.0,3568.91,5616.0,4.12,1.43,255.225724,-70.53015,13.2441,802.863,CANDIDATE
6754.01,261192051,PC,1.9943104,3.316,10353.0,17.6537,2346.0,5032.19,7247.0,4.19,1.69,259.290405,-48.763415,13.1408,1166.96,CANDIDATE
6755.01,381468938,PC,5.7585993,2.737,13636.0,11.2259,859.0,90.7886,5090.0,4.38,0.99,269.585917,-51.797559,13.0852,423.344,CANDIDATE
6756.01,314193010,PC,4.9354155,4.672,12554.0,16.6116,1560.0,985.669,6500.0,4.14,1.63,278.470062,-40.168552,13.4559,1281.82,CANDIDATE
6757.01,89659632,PC,3.5193417,5.025,6522.0,14.4544,2308.0,4716.78,5620.0,4.08,1.51,275.664375,-44.379884,13.3397,893.78,CANDIDATE
6758.01,383313006,PC,12.6136992,2.533,2172.0,2.58082,440.0,6.2521,3719.0,4.69,0.56,186.289501,-86.887548,11.7958,72.9383,CANDIDATE
6759.01,57011946,PC,1.318678,1.758,11891.0,10.1378,1671.0,1295.34,5764.0,4.46,0.99,274.022452,-37.153165,13.2337,584.561,CANDIDATE
676.01,219187649,PC,2.1503007,1.9774726,9260.8973045,14.1253056,1501.6517354,1201.7050633,5430.0,4.41381,1.23206,171.205976,-18.617278,13.4629,758.199,CANDIDATE
6760.01,361467239,PC,5.2820398,2.762,12532.0,9.84673,977.0,151.287,5415.0,4.37,1.05,243.165316,-67.3391,13.1542,538.6,CANDIDATE
6761.01,234540647,PC,4.3430254,4.425,11142.0,13.5998,1902.0,2176.55,6594.0,4.25,1.47,251.015114,-47.714009,12.3837,590.613,CANDIDATE
6762.01,360224870,PC,5.1778752,1.718,29835.0,11.9282,498.0,10.2294,3599.0,4.6,0.66,262.187918,-57.912799,14.5665,325.609,CANDIDATE
6763.01,96829917,PC,2.4519381,2.834,11446.0,17.3192,1869.0,2027.97,7085.0,4.19,1.67,265.323637,-49.163899,13.2539,1285.43,CANDIDATE
6764.01,148523092,FP,2.8562935,3.785,22525.0,18.1559,1794.0,1721.84,6383.0,4.31,1.32,265.710722,-41.179089,12.9573,724.77,FALSE POSITIVE
6765.01,420369105,PC,2.7967251,1.626,5786.0,19.3726,1445.0,724.258,7566.0,3.85,2.61,251.037059,-58.984634,12.1662,1324.29,CANDIDATE
6766.01,311856080,PC,2.2104947,2.925,7893.0,13.6352,1544.0,944.765,5421.0,4.01,1.58,262.40787,-76.58679,12.6801,556.822,CANDIDATE
6767.01,90156362,PC,2.3519086,1.43,16808.0,18.0511,1146.0,287.189,6026.0,4.22,1.37,276.290046,-43.906257,12.8821,737.776,CANDIDATE
6768.01,365952328,FP,4.8741147,2.049,4613.0,14.8251,992.0,161.07,6085.0,3.84,2.11,276.191236,-60.784523,12.4154,906.007,FALSE POSITIVE
6769.01,304430662,PC,5.6858804,4.185,10855.0,13.193,1162.0,303.245,5492.0,4.12,1.41,259.595573,-62.931814,12.976,673.262,CANDIDATE
677.01,280206394,CP,11.2365977,2.292,9414.0,13.0203,690.0,37.6345,6446.0,4.37882,1.29,144.119359,-50.463093,9.271401,141.812,CONFIRMED
6770.01,375297961,PC,14.6768874,2.617,15152.0,9.65258,539.0,14.0749,5230.0,4.62,0.77,289.721012,-64.249499,13.33,407.089,CANDIDATE
6771.01,61621800,PC,6.8552506,3.525,4540.0,11.7073,1238.0,390.089,6847.0,4.02,1.96,288.737557,-42.702604,11.5315,687.671,CANDIDATE
6772.01,469813927,PC,3.940549,3.78,3700.0,7.73812,1359.0,566.891,5493.0,4.07,1.5,304.820752,-64.974169,12.3102,539.819,CANDIDATE
6773.01,355138852,PC,3.272056,3.3,7709.0,10.5823,1448.0,729.82,5668.0,4.15,1.39,307.11341,-45.96744,13.136,782.336,CANDIDATE
6774.01,79660831,PC,4.5833112,2.275,4988.0,9.62957,1062.0,211.784,5853.0,4.18,1.39,295.743404,-44.759727,12.5912,627.991,CANDIDATE
6775.01,100263315,APC,0.5940157,1.035,4094.0,7.9118,1922.0,2266.94,5663.0,4.31,1.17,306.501073,-48.920419,13.4902,772.86,CANDIDATE
6776.01,344552721,PC,1.9519092,1.056,31413.0,10.4769,633.0,26.7043,3498.0,4.69,0.55,321.814728,-68.739364,14.1345,198.552,CANDIDATE
6777.01,32443914,PC,3.3615701,4.502,6992.0,16.5271,1797.0,1734.68,6258.0,3.97,1.9,290.594959,-31.383219,11.9656,730.364,CANDIDATE
6778.01,421990278,PC,3.9718475,1.09,5487.0,8.29625,814.0,73.227,6064.0,4.39,1.12,300.936671,-55.367879,12.7488,591.27,CANDIDATE
6779.01,467931774,PC,1.3504913,1.586,9835.0,8.65039,1295.0,467.938,4858.0,4.51,0.82,282.205124,-75.431953,12.7308,276.346,CANDIDATE
678.01,294395926,PC,11.3298459,4.4750093,821.128478,3.4134506,807.9481883,100.7059307,5624.0,4.39124,1.057,109.330734,-55.597929,10.9162,205.847,CANDIDATE
6780.01,419738713,PC,13.4570562,4.073,11282.0,10.2486,802.0,68.9842,5771.0,4.3,1.06,324.480301,-66.436672,13.0863,624.732,CANDIDATE
6781.01,411955845,PC,2.7638775,1.559,7451.0,11.9271,1240.0,392.882,6155.0,4.25,1.35,290.671642,-62.022859,13.0965,847.831,CANDIDATE
6782.01,254209017,PC,1.7278017,2.771,17825.0,17.158,1991.0,2610.88,6460.0,4.27,1.38,287.701332,-36.51561,13.2542,900.072,CANDIDATE
6783.01,291013124,PC,6.0368213,1.984,108361.0,13.3128,444.0,6.47065,3445.0,4.82,0.41,309.345795,-38.723632,14.5979,161.561,CANDIDATE
6784.01,253857911,PC,3.1539313,4.023,14772.0,15.5528,1861.0,1995.19,6610.0,4.12,1.7,283.270016,-38.399466,13.1622,1181.26,CANDIDATE
6785.01,219978369,PC,16.2501976,7.487,2930.0,8.04744,1075.0,221.883,6177.0,4.12,1.58,306.530071,-55.540066,11.9955,601.743,CANDIDATE
6786.01,253788533,PC,2.7142282,3.44,23021.0,17.7291,1640.0,1203.77,6063.0,4.37,1.15,282.733386,-37.534617,13.3278,764.325,CANDIDATE
6787.01,201658484,PC,2.9588636,3.438,8605.0,16.201,1699.0,1385.73,6405.0,4.07,1.74,288.702162,-54.242515,11.8193,644.937,CANDIDATE
6788.01,319568755,PC,24.092358,3.907,14405.0,12.4646,532.0,13.3603,5388.0,4.36,1.06,290.972257,-54.149068,13.1004,527.181,CANDIDATE
6789.01,90935909,PC,4.2221583,2.921,7098.0,7.93123,1166.0,307.857,5589.8,4.42,1.02,308.198717,-44.663326,12.6442,447.05,CANDIDATE
679.01,308050066,FP,11.1755425,5.482,7873.0,17.5706,1154.0,294.91,6655.0,3.9,1.91,155.436002,-17.224364,9.99028,320.671,FALSE POSITIVE
6790.01,129458276,PC,6.1030299,3.689,13335.0,16.3974,1156.0,296.944,6057.0,4.2,1.41,304.401827,-47.09656,12.6118,691.423,CANDIDATE
6791.01,101272159,PC,18.8224069,1.76,13388.0,12.5063,441.0,6.33598,5661.0,4.36,1.1,299.543066,-53.872432,12.9998,578.879,CANDIDATE
6792.01,326327260,PC,7.9605908,3.236,6040.0,5.94344,807.0,70.4881,5081.5,4.51,0.85,308.340789,-29.441613,12.3197,267.086,CANDIDATE
6793.01,352438619,PC,6.5516113,0.786,6717.0,7.01051,454.0,7.09349,4841.8,4.6,0.73,323.04039,-77.426902,12.4415,213.236,CANDIDATE
6794.01,408609355,PC,7.3099457,6.439,4484.0,12.4526,1528.0,906.064,6391.0,3.79,2.38,296.355554,-34.534399,12.227,945.78,CANDIDATE
6795.01,269372232,PC,2.1250402,2.897,8318.0,12.6314,1558.0,979.454,5355.0,4.05,1.51,291.688916,-36.831352,13.2392,689.289,CANDIDATE
6796.01,32046665,PC,3.7871416,3.257,6722.0,8.91723,1312.0,491.943,5594.0,4.28,1.19,289.900026,-35.809407,13.1197,614.047,CANDIDATE
6797.01,164249928,APC,0.9898852,1.352,4914.0,11.4457,1583.0,1044.17,5339.0,3.96,1.66,304.395069,-28.821369,13.1505,803.074,CANDIDATE
6798.01,290403522,PC,22.3751134,11.966,6829.0,12.8125,1192.0,335.493,6477.7,4.24,1.47,330.958061,-72.44083,10.2912,290.48,CANDIDATE
6799.01,387295547,PC,0.664786,0.66,1215.0,5.36785,1618.0,1137.76,6333.0,4.28,1.35,312.696269,-58.943302,11.7301,472.318,CANDIDATE
680.01,335499997,APC,0.433569,0.9778227,741.9430791,4.8760213,3259.6904316,26682.4947351,5967.0,3.9495,1.7628,179.163601,-12.377519,8.98207,163.41,CANDIDATE
6800.01,254174907,PC,4.1518071,2.653,1556.0,10.2109,1377.0,596.999,6702.0,3.72,2.71,287.258761,-41.100082,11.6114,916.11,CANDIDATE
6801.01,90935995,PC,1.2245052,1.091,24584.0,19.6011,1162.0,302.765,4337.4,4.58,0.7,308.185081,-44.581239,12.0887,143.347,CANDIDATE
6802.01,262470965,APC,1.1079142,1.106,36019.0,12.7389,1017.0,177.728,3969.0,4.66,0.59,312.131066,-36.432345,14.8107,,CANDIDATE
6803.01,166495921,PC,3.3522572,1.934,6919.0,10.9307,1137.0,277.825,5951.0,4.19,1.39,305.027554,-48.129533,12.3544,594.791,CANDIDATE
6804.01,100264497,PC,3.7724643,2.099,8796.0,13.0104,1137.0,277.764,6170.0,4.23,1.38,306.582801,-48.984798,12.0533,545.522,CANDIDATE
6805.01,112989868,PC,1.040425,0.979,9568.0,11.6289,1448.0,729.867,4750.0,4.45,0.86,292.384076,-34.096927,13.2735,345.714,CANDIDATE
6806.01,144327080,APC,23.2490769,3.914,48641.0,15.7473,476.0,8.55956,4849.0,4.65,0.69,355.545706,-47.913029,11.3272,127.824,CANDIDATE
6807.01,441076258,PC,6.6210878,2.297,13071.0,9.48332,714.0,43.2116,4790.0,4.53,0.79,323.284714,-29.117607,13.3396,353.575,CANDIDATE
6808.01,261680542,PC,3.0449187,2.988,19894.0,20.761,1432.0,699.098,6026.0,4.22,1.36,21.604688,-79.610747,12.3079,564.778,CANDIDATE
6809.01,29821723,PC,2.6855972,1.744,31004.0,11.0734,740.0,49.8683,3822.0,4.64,0.62,316.174214,-26.507097,14.3972,295.344,CANDIDATE
681.01,410450228,PC,15.7784931,3.3857406,6805.627558,18.2872401,1096.9941906,342.2459459,7447.0,3.79,1.6898,117.894946,-60.41239,10.6845,421.349,CANDIDATE
6810.01,214515989,PC,11.3498282,4.564,10625.0,12.2742,936.0,127.543,6009.0,4.34,1.18,340.362308,-38.413111,13.29,805.162,CANDIDATE
6811.01,129711632,PC,1.1602698,0.489,18692.0,18.336,648.0,29.2942,3692.0,4.57,0.7,322.118531,-37.649275,14.3355,338.917,CANDIDATE
6812.01,92443533,PC,12.6357243,3.717,8255.0,13.1329,809.0,71.1152,5951.0,4.17,1.41,314.373719,-35.639977,12.5372,640.607,CANDIDATE
6813.01,364267778,PC,2.3557153,1.866,740.0,1.98374,1150.0,290.953,4851.0,4.62,0.72,114.419661,-58.061848,12.0721,179.829,CANDIDATE
6814.01,211352962,PC,0.7941828,0.905,2393.0,8.86489,2149.0,3545.12,6397.0,4.16,1.55,320.412201,-34.459075,11.417,467.456,CANDIDATE
6815.01,233964924,PC,17.9217736,4.309,44474.0,16.7867,590.0,20.1338,5144.1,4.46,0.76,36.351144,-65.055381,13.169,364.427,CANDIDATE
6816.01,278525028,PC,10.9267866,6.548,9304.0,13.7902,1110.0,252.912,5792.8,4.3,1.46,332.424127,-36.96281,13.0109,823.919,CANDIDATE
6817.01,402027382,PC,3.1998039,1.816,3672.0,6.9761,1037.0,192.578,5430.0,4.3,1.15,353.477124,-47.499264,13.2874,652.946,CANDIDATE
6818.01,281666033,PC,10.1956949,1.526,3293.0,7.45333,603.0,22.0861,5791.0,4.29,1.21,10.135045,-56.549045,11.5508,347.192,CANDIDATE
6819.01,327917279,PC,8.5467163,3.813,2387.0,6.73372,966.0,144.761,5557.6,4.03,1.58,1.99379,-68.226643,11.4741,396.001,CANDIDATE
682.01,429304876,CP,6.8392388,4.176,1213.0,3.74186,1090.0,234.46,5085.0,3.92,1.08,167.88543,-22.07278,9.2231,83.1548,CONFIRMED
6820.01,350821320,PC,2.014214,1.854,971.0,2.55092,1261.0,419.804,5039.0,4.54,0.82,89.516875,-56.346708,12.8958,321.298,CANDIDATE
6822.01,261679541,PC,2.7492112,1.866,26414.0,10.486,747.0,51.9039,3794.0,4.65,0.6,21.823385,-77.941125,14.3703,282.982,CANDIDATE
6823.01,259884973,PC,2.8411187,1.993,1915.0,5.54834,1190.0,333.622,5517.0,4.27,1.19,40.756305,-70.514284,12.3104,435.392,CANDIDATE
6824.01,197642926,PC,5.407469,2.87,13091.0,12.0272,963.0,143.073,5417.0,4.39,1.03,328.529799,-41.845726,12.5602,415.63,CANDIDATE
6825.01,197598125,PC,16.4547455,4.517,2186.0,4.11474,776.0,60.353,5826.0,4.47,0.98,327.237993,-40.086569,11.5321,280.399,CANDIDATE
6826.01,55450156,PC,6.4375108,2.572,730.0,2.10567,879.0,99.2729,5203.0,4.65,0.74,70.371711,-60.407556,12.1851,232.898,CANDIDATE
6827.01,302453291,PC,4.4738444,6.406,2985.0,11.2091,1506.0,854.858,4943.1,,2.53,322.622051,-26.773971,12.1331,684.32,CANDIDATE
6828.01,278666476,PC,3.4894537,2.134,8533.0,11.1177,1092.0,236.353,5415.7,4.4,1.19,334.487496,-38.032716,12.7844,546.355,CANDIDATE
6829.01,469967533,PC,23.842,5.577,12487.0,17.1852,793.0,65.8313,5923.2,,1.45,358.85855,-54.494961,12.714,735.578,CANDIDATE
6830.01,29430403,PC,1.8778647,1.5178899,15157.0212857,13.2226172,1340.5757561,763.2845047,5100.0,4.4,0.927664,313.624861,-29.527891,11.4907,220.491,CANDIDATE
6831.01,380884709,PC,57.1050077,5.271,3388.0,5.93946,530.0,13.1521,5816.0,4.49,0.97,16.276924,8.444581,10.7052,185.272,CANDIDATE
6832.01,8995204,PC,5.1392756,2.426,862.0,2.17365,706.0,41.3052,4014.0,4.53,0.71,355.128863,-11.021495,12.449,139.371,CANDIDATE
6837.01,262584907,PC,0.9494413,1.392,136.0,1.37109,,2124.15,5872.1,,1.19,348.161066,2.685589,7.13,65.74622,CANDIDATE
6839.01,126982911,PC,2.9944742,3.0998781,3499.7547124,8.6826968,1504.13344,1209.668769,5756.0,4.13367,1.44085,24.192615,12.693358,12.5377,620.723,CANDIDATE
684.01,462162948,PC,19.8507621,2.249,1766.0,8.778562,673.1575152,48.5274864,9488.0,4.07548,2.35947,150.433636,-59.850029,9.8532,2228.79,CANDIDATE
6840.01,380886534,PC,8.9000334,1.8542477,22163.2825659,15.1261771,884.085476,144.377004,5854.0,4.45956,1.0044,19.461998,0.341952,13.8694,830.221,CANDIDATE
6841.01,257467784,PC,13.9285074,3.9986123,13364.3594607,9.5784743,627.1693637,36.5645594,5103.41,4.52801,0.836141,0.08468,5.044388,12.8988,344.681,CANDIDATE
6842.01,58858008,PC,5.3920955,4.2434029,15466.3588483,18.2452387,1226.2663506,534.3923671,5752.18,4.14674,1.41933,20.636935,13.352227,11.5955,399.765,CANDIDATE
6843.01,369474541,PC,5.4977872,4.9400249,6357.7268879,14.0381026,1424.9131835,974.2594349,6281.0,4.05316,1.72746,15.45314,9.798544,11.1862,470.668,CANDIDATE
6844.01,311086350,PC,3.8068712,2.2690911,17898.9103154,8.6543461,687.8151709,52.8941941,3913.0,4.6113,0.647921,352.232735,-14.210227,14.1277,293.966,CANDIDATE
6845.01,399571743,PC,4.7443604,1.139,9002.0,7.57257,633.0,26.7153,5420.1,4.5,0.75,341.160439,-18.9358,12.6204,285.596,CANDIDATE
6846.01,254296853,PC,3.334884,2.559,12501.0,10.5691,1241.0,394.819,5771.0,4.51,0.93,354.890085,-27.654129,12.8903,491.962,CANDIDATE
6847.01,150063444,PC,1.3939452,0.922,5131.0,8.87293,1545.0,947.874,6140.0,4.42,1.09,91.200646,-60.194076,13.1315,702.363,CANDIDATE
6848.01,230982415,PC,7.5954765,2.533,45085.0,13.1172,508.0,11.0748,3768.0,4.68,0.57,24.418283,-54.80939,13.6193,181.602,CANDIDATE
6849.01,434100688,FP,1825.048364,3.62,2576.0,12.7111,103.0,0.0187275,6290.0,3.89,2.09,352.949174,-17.448458,9.9309,319.053,FALSE POSITIVE
6850.01,9166136,PC,6.0803777,2.486,1366.0,3.36588,716.0,43.6784,4275.7,4.37,0.89,352.157167,-23.270494,10.508,80.8163,CANDIDATE
6851.01,350861689,PC,12.0101118,2.82,1204.0,2.28751,513.0,11.5571,4073.0,4.59,0.67,90.396537,-58.470732,12.4722,137.666,CANDIDATE
6852.01,166671025,PC,16.7382238,3.529,15139.0,9.09208,511.0,11.3359,4551.0,4.6,0.7,34.403355,-52.867758,12.4031,182.425,CANDIDATE
6853.01,197808753,PC,10.636983,5.378,2913.0,8.16912,1161.0,301.85,6297.0,4.1,1.65,53.776203,-57.621974,12.5478,855.371,CANDIDATE
6854.01,55363630,PC,2.7663479,1.212,2476.0,6.35856,1258.0,416.97,6413.0,4.4,1.19,77.014975,-65.049061,13.1113,790.585,CANDIDATE
6855.01,274017513,PC,26.3333899,2.783,8665.0,9.07333,427.0,5.51975,5309.0,4.46,0.93,33.933641,-49.443527,12.1227,295.36,CANDIDATE
6856.01,254301731,PC,0.6541517,0.823,35193.0,15.3922,989.0,159.123,3657.0,4.58,0.69,355.409997,-28.336727,14.9737,446.864,CANDIDATE
6857.01,281596890,PC,10.0512067,1.763,22227.0,5.57868,353.0,2.59874,3428.0,4.84,0.38,8.810668,-55.889296,14.504,145.095,CANDIDATE
6858.01,201254754,PC,3.3024845,1.465,1241.0,1.73871,631.0,26.3567,3634.0,4.75,0.49,1.512156,-58.935221,11.8272,61.1486,CANDIDATE
6859.01,237909527,PC,9.6804752,3.922,10071.0,11.5702,881.0,100.27,5622.0,4.31,1.16,21.648785,-63.96451,12.6565,520.499,CANDIDATE
686.01,339857675,PC,3.5137609,1.7579691,333.5976712,3.3397496,1634.511587,1686.8366029,6279.8,4.26,1.59007,111.601066,-54.452065,9.9362,255.337,CANDIDATE
6860.01,36646052,PC,0.6183488,0.587,5306.0,10.2266,1341.0,538.344,5272.0,4.23,1.2,342.792364,-6.779791,12.9887,557.124,CANDIDATE
6861.01,293267224,PC,3.7942532,3.769,6913.0,11.3603,1439.0,713.321,5753.6,4.04,1.6,4.043933,3.137181,12.3945,660.159,CANDIDATE
6862.01,408508003,PC,8.2241876,3.501,8621.0,11.9576,916.0,117.339,5669.2,4.21,1.31,3.539406,7.115538,11.8423,383.433,CANDIDATE
6863.01,419957314,PC,7.8407154,2.891,5326.0,9.86579,883.0,100.923,5703.0,4.21,1.31,31.091545,4.33968,13.0613,715.613,CANDIDATE
6864.01,25959926,PC,15.5106583,4.356,5014.0,6.93651,735.0,48.5457,5472.0,4.37,1.06,51.570524,23.000347,12.6092,384.084,CANDIDATE
6865.01,405269313,PC,2.4465664,1.753,2778.0,4.74384,910.0,114.336,4185.5,4.37,0.88,0.935669,11.332234,12.7937,211.088,CANDIDATE
6866.01,344224831,FP,8.0179256,1.018,8684.0,9.29428,480.0,8.84387,5356.0,4.46,0.94,21.602425,4.317341,12.5227,361.951,FALSE POSITIVE
6867.01,405230669,PC,3.6810755,2.49,8544.0,8.85628,1118.0,259.808,5465.0,4.46,0.95,0.318198,12.040073,13.0507,463.319,CANDIDATE
6868.01,408506314,PC,3.4106422,4.174,4984.0,11.8996,1483.0,804.639,5222.0,3.83,1.89,3.276119,7.660267,12.8562,708.514,CANDIDATE
6869.01,28872266,PC,763.9701133,3.659,28404.0,8.20454,60.0,0.0022765,3671.0,4.71,0.53,49.593526,24.277814,14.2212,200.19,CANDIDATE
687.01,74534430,PC,36.2995129,4.4333923,1322.2472746,2.2115007,340.3118696,3.169782,4253.9,4.57,0.617519,137.672815,-45.098845,9.8445,42.4467,CANDIDATE
6870.01,58726656,PC,6.6968572,3.398,589.0,3.89953,1181.0,323.688,6466.5,4.05,1.8,104.11559,20.420768,10.1341,320.806,CANDIDATE
6871.01,426471754,PC,12.4652143,3.635,1127.0,2.51956,797.0,67.0792,5647.1,4.55,0.88,48.936836,18.484536,8.9496,74.1676,CANDIDATE
6873.01,67395329,PC,18.8204255,2.4015591,983.8549658,3.5747237,607.4351032,32.1751474,5450.0,4.5378,0.868947,121.454994,20.803931,8.6781,60.1874,CANDIDATE
6874.01,4426490,FP,2.668957,2.7508738,17029.8720026,16.1018337,1464.5805607,1087.3617796,5983.3,4.3234,1.19683,116.578612,30.776661,12.1616,468.406,FALSE POSITIVE
6875.01,403693870,PC,3.5245689,3.150024,20956.9478296,17.3489851,1354.7002867,795.9648554,6203.0,4.37189,1.17724,105.009764,11.045477,13.1378,753.865,CANDIDATE
6876.01,377024332,FP,15.1771428,4.556,538.0,2.80249,913.0,115.579,6200.0,4.25,1.36,147.221565,8.974037,9.089871,140.69,FALSE POSITIVE
6878.01,262135904,FP,2.0990769,2.343,501.0,4.13797,2423.0,5728.08,8853.0,4.18,2.0,106.486751,11.772439,10.1063,532.485,FALSE POSITIVE
6879.01,364955057,PC,13.5853161,5.271,850.0,3.82513,986.0,156.928,5854.0,4.15,1.43,163.02506,10.794672,10.4398,248.774,CANDIDATE
688.01,339636032,FP,6.8787507,2.599,359.0,3.45801,1125.0,266.78,6636.0,3.99,1.98,110.194274,-55.379531,8.5885,176.054,FALSE POSITIVE
6880.01,4486230,PC,14.9166631,3.709,659.0,1.92053,838.0,81.9483,5434.0,4.6,0.81,117.070656,30.184445,10.2919,115.933,CANDIDATE
6881.01,431899136,PC,1.9769396,3.021,11495.0,15.8982,1976.0,2535.55,6440.5,4.12,1.65,56.22842,45.507976,12.7034,775.775,CANDIDATE
6882.01,293075732,FP,0.5666806,0.722,1530.0,8.04611,1610.0,1116.17,5517.0,3.99,1.65,254.242045,-68.709846,12.7726,733.941,FALSE POSITIVE
6883.01,393818343,CP,,3.9569972,1196.0597801,3.8324012,823.3757159,108.6208553,5657.0,4.35534,1.09993,310.2917,3.638297,8.9797,93.7345,CONFIRMED
6884.01,156514476,PC,14.4217699,2.3406411,2348.45658,9.4489967,1061.4035157,299.9460099,6026.94,3.92106,1.91917,193.008793,26.673951,11.4834,562.376,CANDIDATE
6885.01,154067753,PC,11.6515287,4.1130736,15415.73003,11.0647635,710.3581928,60.177006,5335.0,4.50186,0.891247,207.488369,66.773769,12.4434,329.485,CANDIDATE
6886.01,397053253,PC,4.8003341,1.9999398,6286.5016158,5.5672157,773.4186722,84.5628503,4664.59,4.60279,0.71163,183.608978,5.29803,12.7451,229.607,CANDIDATE
6887.01,39174810,PC,6.5883481,5.3652099,5547.4045934,9.5170822,897.9706432,153.6630881,6186.7,4.31682,1.24901,184.083837,39.149853,12.1938,526.024,CANDIDATE
6888.01,312543349,PC,19.9253903,7.1580751,4510.2840364,10.8355197,882.8924951,143.5992933,6213.0,4.11609,1.58437,12.9724,57.364237,10.6594,324.436,CANDIDATE
6889.01,282794970,PC,10.5465818,3.4172956,26790.7015542,18.8533824,857.6355078,127.8592096,5726.0,4.37006,1.0922101,199.484552,16.418007,13.2247,661.309,CANDIDATE
689.01,445822015,FP,1.66402,3.397,7964.45,7.65443,2694.0,8754.73,4841.3,4.71,0.78,147.005591,-48.320751,10.7014,108.513,FALSE POSITIVE
6890.01,5364106,PC,,8.8064896,1970.1779923,6.5779189,230.5689844,0.6679202,5964.0,4.27302,1.26252,139.231123,-20.676234,11.0866,299.679,CANDIDATE
6891.01,165312726,PC,8.3106603,1.6506686,9717.1934198,8.109016,790.0226507,92.061739,5675.0,4.63371,0.802301,185.205942,53.160817,13.4184,517.159,CANDIDATE
6892.01,253054954,PC,17.8961832,5.8302347,6620.0097774,11.0501866,789.0006014,91.586263,5767.33,4.22267,1.30053,178.369356,47.971471,13.0658,720.54,CANDIDATE
6893.01,272125414,PC,,13.4131846,1002.2730453,8.5614402,1110.1340849,358.9407373,6140.0,3.70561,2.5072899,2.892723,4.767212,8.18933,167.253,CANDIDATE
6894.01,67512645,CP,3.3706303,1.5183944,166589.9107386,9.3830336,409.0887836,6.6189834,3133.0,5.02671,0.222121,173.469142,12.451091,14.9046,73.8131,CONFIRMED
6895.01,252537013,FP,7.0469712,2.551,1020.0,3.77076,,125.316,5940.0,,1.2,344.835029,52.066799,10.4505,203.968,FALSE POSITIVE
6896.01,9707944,PC,19.7357748,4.9695046,1136.7557914,3.5822698,699.2880486,56.5126178,5985.0,4.44957,1.03501,358.005905,-9.349538,10.6939,209.632,CANDIDATE
6897.01,89043973,PC,8.330174,3.776804,8477.6052879,13.52336,1049.1899067,286.3765268,5858.0,4.3,1.3273,339.077592,-46.312801,13.5242,987.789,CANDIDATE
6898.01,441158994,PC,18.1070683,3.4544369,1920.6396242,3.3584758,429.6673243,8.0547175,4024.0,4.5752,0.677805,333.155846,-24.209535,10.5941,57.17,CANDIDATE
6899.01,139879080,PC,2.8625937,2.6639389,150.7007612,1.1780056,1184.8768866,465.8154756,5503.0,4.48743,0.930478,326.381404,-51.564785,9.3703,90.2461,CANDIDATE
690.01,101497191,FP,3.64376,3.38,3632.91,,1887.0,2107.88,5463.2,4.39,,149.225807,-33.799397,10.298,3500.23,FALSE POSITIVE
6900.01,140893722,PC,13.9223368,3.0897341,551.9568212,1.7196615,533.6066406,19.1604588,4468.0,4.54813,0.737084,76.81876,-73.245857,11.5872,121.118,CANDIDATE
6901.01,262928973,PC,3.2727859,1.703415,450.9235482,1.4541092,846.5974227,121.4028186,4550.0,4.62037,0.68788,9.866558,-80.569321,10.61,79.6238,CANDIDATE
6902.01,167656187,PC,36.4358589,9.2522534,384.0441817,2.8743721,704.7212129,58.2895066,6597.0,4.28305,1.40426,102.504272,-60.248678,5.6801,34.0071,CANDIDATE
6903.01,9216075,APC,4.9676784,0.926966,540.7934769,3.8407588,1506.2320337,1216.4339161,6971.2,4.22817,1.57506,352.756421,-19.489929,8.7302,165.652,CANDIDATE
6904.01,387294150,PC,16.8267434,2.4103679,1999.9128429,2.9646311,417.8345932,7.2034173,3944.0,4.62692,0.628984,312.359236,-57.480062,11.4353,80.8057,CANDIDATE
6905.01,354846183,PC,1083.5575987,8.3500813,2930.0714108,13.8558129,287.5311275,1.6153271,6002.0,3.68023,2.52105,300.559621,-39.506572,10.4547,445.903,CANDIDATE
6906.01,195192253,PC,3.4770171,2.5101218,19986.4253524,11.8571021,1017.2589369,253.0737249,5225.91,4.53759,0.84127,129.178395,19.173801,13.6336,514.449,CANDIDATE
6907.01,198185513,PC,3.3795099,2.7055281,18575.2343451,10.862172,998.6004687,235.0109316,5203.0,4.57695,0.799465,245.55467,63.71758,13.8213,531.164,CANDIDATE
6908.01,197039766,PC,3.7120776,3.0734816,1532.3995669,5.11821,1281.3589533,637.0950531,5501.09,4.19961,1.29268,95.689686,36.598103,11.2167,265.784,CANDIDATE
6909.01,252913663,PC,4.4284676,2.4495032,11582.5189831,7.976213,662.5394963,45.5373857,3893.0,4.58525,0.680198,104.871326,51.045827,14.0865,299.837,CANDIDATE
691.01,156991337,FP,6.9055908,1.7156097,803.795684,3.3369764,928.7406881,,5846.0,4.4,,99.953812,-42.045199,10.234,169.117,FALSE POSITIVE
6910.01,288471046,PC,2.5139302,2.9912384,12564.1964526,12.9860395,1361.8526381,812.908131,5585.0,4.34946,1.10185,271.511307,78.061627,13.7111,773.896,CANDIDATE
6911.01,428812049,PC,16.2520546,8.647,220.0,2.9719,1294.0,465.914,6696.0,3.89,2.24,43.350899,83.51062,8.96016,219.07,CANDIDATE
6912.01,67181830,PC,7.63779,2.251,318.0,2.22751,847.0,85.4903,5924.0,4.24,1.31,83.14519,36.112303,8.5627,99.7368,CANDIDATE
6913.01,121070864,PC,0.5843146,0.555,1043.0,5.71748,2040.0,2879.92,6870.8,4.28,1.46,74.086436,38.669537,10.4371,278.382,CANDIDATE
6914.01,59369068,PC,9.3079811,3.235,6907.0,18.225,1249.0,404.641,6076.4,4.41,1.1,108.653871,21.40386,11.926,403.421,CANDIDATE
6915.01,367439938,PC,2.4915545,1.2,667.0,5.46811,1627.0,1164.51,8013.0,4.13,1.98,78.332435,31.375829,10.5681,528.441,CANDIDATE
6916.01,264159776,PC,3.9155539,3.72,12003.0,16.5322,1520.0,887.712,6285.0,4.11,1.62,108.382077,9.639457,12.8463,954.145,CANDIDATE
6917.01,47220926,PC,9.7716812,5.281,4411.0,9.12933,1221.0,370.095,6518.8,4.23,1.47,80.701607,12.289196,13.2757,820.383,CANDIDATE
6918.01,365509373,PC,14.2308461,5.835,4278.0,9.75869,974.0,149.441,5787.9,3.96,1.77,64.969737,10.469385,12.292,525.307,CANDIDATE
6919.01,69054388,APC,0.7603078,0.363,5657.0,14.9311,918.0,118.365,4069.0,4.53,0.72,75.408317,22.890447,12.3552,138.924,CANDIDATE
692.01,320417762,FA,1.03604,1.855,250.0,3.52761,3365.0,21307.5,9622.0,3.95,2.74,118.004229,10.249288,9.0188,481.966,FALSE POSITIVE
6920.01,84126162,FP,3.6688102,2.151,8447.0,9.85973,1125.0,265.932,5821.5,4.36,1.12,95.862582,25.543291,13.3268,684.507,FALSE POSITIVE
6921.01,58474992,FP,25.714253,6.373,33131.0,15.8297,722.0,45.1202,5677.8,4.58,0.86,65.839526,24.897315,12.1157,232.791,FALSE POSITIVE
6922.01,114422211,PC,5.0989519,2.118,4236.0,7.74162,1045.0,198.038,6305.0,4.34,1.24,88.252551,19.288231,12.7166,652.737,CANDIDATE
6923.01,418184767,PC,6.7274903,2.944,15103.0,11.3939,935.0,127.411,5221.4,4.44,0.94,147.084395,8.055486,12.7155,377.68,CANDIDATE
6924.01,91777086,PC,91.9283414,4.343,7033.0,9.22033,335.0,2.09153,6118.4,4.39,1.13,88.686624,17.212515,12.24,468.308,CANDIDATE
6925.01,57147191,PC,5.9785287,2.481,59578.0,13.9371,553.0,15.6338,3674.0,4.66,0.59,101.98876,22.935209,14.8966,324.628,CANDIDATE
6926.01,76731445,PC,8.2864221,5.859,3916.0,9.77567,1220.0,368.205,5643.0,3.95,1.76,87.32422,28.369198,12.1756,549.607,CANDIDATE
6927.01,67349298,PC,4.3427321,1.23,7461.0,13.7163,755.0,53.9765,5737.3,4.35,1.12,120.69024,21.659686,13.0985,628.904,CANDIDATE
6928.01,45376816,PC,3.8978437,3.523,14344.0,13.8047,1474.0,785.026,6280.0,4.34,1.24,92.343212,23.791831,13.3511,803.501,CANDIDATE
6929.01,49524528,PC,719.5740937,2.942,19525.0,10.9394,74.0,0.0051995,4854.0,4.55,0.78,175.578807,-0.699336,12.7026,267.625,CANDIDATE
693.01,458589703,FA,,4.029,9640.0,17.7255,,,4654.2,4.59,0.72,124.274902,8.248819,11.2248,114.765,FALSE POSITIVE
6930.01,462507821,PC,7.2218817,2.116,8080.0,13.5058,1032.0,188.768,6172.8,4.39,1.15,111.764498,26.928341,12.9171,672.359,CANDIDATE
6931.01,307375528,PC,2.2183625,2.773,4409.0,11.9385,1784.0,1682.8,6307.0,3.98,1.89,98.840643,15.183422,12.8582,968.621,CANDIDATE
6932.01,63307816,PC,8.9533044,5.747,6349.0,11.7455,1336.0,530.449,5808.0,4.12,1.46,158.158632,12.678595,13.1823,881.714,CANDIDATE
6933.01,78290597,PC,9.765482,5.01,2552.0,12.1312,1141.0,281.81,5887.0,3.73,2.35,177.760407,-0.674683,11.7123,737.065,CANDIDATE
6934.01,19560484,PC,2.8398671,3.091,8268.0,13.7553,1552.0,964.812,5954.0,4.13,1.48,84.179464,23.902345,12.8359,654.771,CANDIDATE
6935.01,270048796,PC,1.763034,1.849,21098.0,9.55649,999.0,165.366,3958.0,4.59,0.67,114.871325,9.236081,14.4404,358.433,CANDIDATE
6936.01,63082902,PC,10.298566,2.022,4219.0,4.00839,486.0,9.32109,4201.6,4.61,0.67,117.990508,18.126386,12.2709,134.941,CANDIDATE
6937.01,294434193,PC,1.3809769,1.229,927.0,5.73354,1799.0,1739.39,7445.4,4.3,1.53,93.240035,11.99264,11.8356,608.736,CANDIDATE
6938.01,114600571,PC,4.8789974,6.112,4762.0,15.3642,1989.0,2600.12,6473.0,3.78,2.46,88.44156,18.478748,13.1593,1454.11,CANDIDATE
6939.01,88929544,PC,1.9207699,1.448,8247.0,13.6773,1512.0,868.038,6039.4,4.2,1.38,89.372227,17.772453,13.3117,862.172,CANDIDATE
694.01,55383975,FP,48.0511988,4.3070574,14503.3604877,12.8456117,479.8250298,12.5271592,5354.96,4.45894,1.0417,77.383578,-64.026083,11.2595,223.882,FALSE POSITIVE
6940.01,421006834,PC,0.3052608,0.309,1620.0,2.03448,1043.0,196.562,3338.0,4.85,0.37,111.870696,11.466281,12.5437,51.7699,CANDIDATE
6941.01,74389253,PC,2.9371797,4.009,6422.0,15.95,1966.0,2484.67,6610.0,3.91,2.17,83.554033,26.679569,13.4258,1353.76,CANDIDATE
6942.01,238506223,PC,11.2320736,2.549,5174.0,7.84543,952.0,136.426,6234.0,4.47,1.06,90.951009,19.213328,10.9542,255.34,CANDIDATE
6943.01,262137985,PC,5.6906792,5.548,3155.0,15.1551,1692.0,1362.1,6749.0,3.63,3.03,106.522483,10.732296,12.3361,1581.02,CANDIDATE
6944.01,421005422,PC,12.3027503,3.596,1304.0,2.60986,726.0,46.2908,5181.1,4.62,0.76,111.928044,9.96955,10.7077,121.757,CANDIDATE
6945.01,392022763,PC,14.8547783,5.931,8228.0,11.426,1021.0,180.979,6397.0,4.26,1.39,104.101096,19.321622,12.9455,890.043,CANDIDATE
6946.01,14435301,PC,13.2272686,1.676,11013.0,12.0458,507.0,11.0108,5648.0,4.33,1.13,124.713379,20.052456,13.0434,598.429,CANDIDATE
6947.01,457039843,PC,6.5202038,4.73,9263.0,16.0234,1389.0,618.612,6628.0,4.13,1.68,105.364062,16.369192,11.9687,720.413,CANDIDATE
6948.01,438329568,APC,5.4911822,0.523,4727.0,11.618,504.0,10.7412,6250.0,4.29,1.3,97.003535,12.613957,12.4004,569.591,CANDIDATE
6949.01,45905504,PC,3.2232502,3.185,7301.0,11.4574,1796.0,1730.82,7164.1,4.33,1.44,93.036822,20.577124,13.4456,1116.31,CANDIDATE
695.01,55559618,PC,21.3764237,4.7666334,786.0019744,2.6824173,563.4766198,23.8245444,5591.0,4.38111,0.811463,73.138235,-64.928868,10.749,144.045,CANDIDATE
6950.01,165965790,PC,2.0478359,1.559,40591.0,12.2554,810.0,71.7485,3854.0,4.63,0.63,110.741054,22.48931,14.9577,,CANDIDATE
6951.01,83180637,PC,3.7279887,3.303,13982.0,18.1003,1508.0,859.131,6514.0,4.17,1.58,94.245362,24.803014,13.3694,1030.88,CANDIDATE
6952.01,400466395,FP,5.1391542,0.633,6171.0,10.2495,631.0,26.3552,5974.6,4.48,1.0,92.092038,33.732462,12.2479,388.991,FALSE POSITIVE
6953.01,70435923,APC,0.8204734,1.171,2903.0,8.70762,1854.0,1962.4,5956.8,4.1,1.55,114.586421,19.531926,12.9312,865.039,CANDIDATE
6954.01,443607377,PC,4.0207557,2.017,1556.0,3.74825,930.0,124.569,5019.9,4.41,0.95,168.324059,-2.787764,11.4374,190.042,CANDIDATE
6955.01,81963214,PC,5.1185703,6.274,2687.0,11.7972,1881.0,2080.26,6547.8,3.76,2.55,92.934009,25.038945,12.1032,1020.81,CANDIDATE
6956.01,294350792,PC,12.3900547,5.787,6904.0,9.88852,1185.0,327.708,6824.2,4.36,1.33,93.081227,13.953313,13.4137,1048.28,CANDIDATE
6957.01,30853990,PC,160.6760208,9.5344918,959.8285715,3.2160534,319.6480066,2.4672264,5389.7,4.29499,1.02412,75.793998,-66.358346,10.8865,176.682,CANDIDATE
6958.01,219108677,PC,5.9815745,2.5574444,41908.6246041,13.6663996,664.5727909,46.0989705,4403.0,4.6285,0.667127,271.178306,70.430348,14.034,338.369,CANDIDATE
6959.01,230013442,PC,3.1381914,2.7306785,15708.9640285,12.7099203,1153.5717806,418.5038868,5210.0,4.37321,1.0165401,291.191388,64.618252,14.3021,804.639,CANDIDATE
696.01,77156829,CP,0.8602406,0.5124345,719.5357708,0.9718795,830.4405814,112.3971391,3450.0,4.89044,0.33819,68.178987,-39.790874,10.4276,19.8782,CONFIRMED
696.02,77156829,CP,3.6942604,1.1278521,832.8225921,1.0428407,510.9040793,16.1019503,3450.0,4.89044,0.33819,68.178987,-39.790874,10.4276,19.8782,CONFIRMED
696.03,77156829,CP,4.9652069,0.9361524,633.0580849,0.8566925,462.9521337,10.8558882,3450.0,4.89044,0.33819,68.178987,-39.790874,10.4276,19.8782,CONFIRMED
6960.01,204496071,APC,1.3059494,1.086804,8517.9333335,7.489346,1225.2842303,532.682437,5107.3,,0.732116,326.64701,-31.006241,12.6862,236.69,CANDIDATE
6961.01,404715325,PC,17.2367433,5.529651,946.1500622,3.9264923,770.1435456,83.13956,5911.15,4.33608,1.1687,30.218314,12.583289,11.0921,271.527,CANDIDATE
6963.01,56658270,CP,8.8349261,6.2442811,6132.2553437,9.0595904,647.0263001,41.4198706,3303.0,3.84689,1.1499799,63.928339,29.166542,12.8131,159.244,CONFIRMED
6964.01,243208884,PC,4.7645838,0.9332304,855.7217275,3.1594083,1050.7381592,288.0706551,5432.25,4.37517,1.0462199,45.860656,17.808283,10.0394,131.527,CANDIDATE
6965.01,80224448,PC,5.9693397,3.441038,105.5424205,1.3473608,1090.8292631,334.6170929,6007.0,4.37729,1.12993,103.678273,24.245141,6.3103,31.1664,CANDIDATE
6965.02,80224448,PC,28.0693949,6.0393818,154.3008171,1.6221344,651.1102456,42.4755605,6007.0,4.37729,1.12993,103.678273,24.245141,6.3103,31.1664,CANDIDATE
6966.01,243030574,PC,2.1659522,1.5926216,431.2815173,2.9108183,1676.7063776,1867.8804075,6194.54,4.28076,1.30635,61.131862,16.216647,10.6839,216.411,CANDIDATE
6968.01,121990418,PC,2.3475051,2.8281222,1972.3718293,5.4152906,1522.8220038,1270.9181315,5924.0,4.31001,1.20432,289.332853,38.348899,12.0086,430.708,CANDIDATE
6969.01,17129975,FP,1.5142292,1.7190416,5271.4558635,11.6042711,2031.4230444,4024.5979419,6616.0,4.2907,1.39196,308.160533,40.778443,12.367,658.741,FALSE POSITIVE
6969.02,17129975,PC,4.5565614,2.7966471,5389.4106193,11.372041,1407.0790858,926.3925066,6616.0,4.2907,1.39196,308.160533,40.778443,12.367,658.741,CANDIDATE
697.01,77253676,APC,8.6078603,3.6798697,555.0621766,2.6206141,839.7982707,117.5495324,5447.0,4.39971,0.968149,69.704221,-36.681326,9.3553,93.7714,CANDIDATE
6971.01,354031707,PC,4.1866989,6.5543918,2199.8936304,13.6762774,2011.4459246,3868.6055276,6309.0,3.62105,2.85361,168.416829,51.177452,8.49335,231.047,CANDIDATE
6972.01,219824470,PC,5.4809114,4.908,2237.0,8.44272,1451.0,736.085,5907.0,3.99,1.72,204.439616,48.246384,10.388,297.451,CANDIDATE
6973.01,427765233,PC,31.6527509,3.72,940.0,3.1745,570.0,17.5796,5626.0,4.44,1.0,352.291773,66.099275,8.7622,76.325,CANDIDATE
6974.01,348684814,PC,7.7517707,3.975,4381.0,7.24338,1050.0,201.798,5741.0,4.24,1.27,133.99297,-14.358967,11.5622,360.739,CANDIDATE
6975.01,158381418,APC,2.1449013,3.043,6115.0,,,,,,,163.574892,-36.271069,11.9453,,CANDIDATE
6976.01,5972036,PC,1.7346044,1.084,1007.0,4.46251,1427.0,627.153,6850.0,4.26,1.49,144.074277,-40.626972,9.9853,252.27,CANDIDATE
6978.01,320847025,PC,9.1258136,3.173012,169.7218223,0.9704787,649.6958588,42.107688,4747.13,4.56794,0.750709,299.638248,-54.937423,7.5621,23.6103,CANDIDATE
698.01,141527579,PC,15.0867738,2.1250291,1911.9221796,2.0905859,350.5935542,3.5705631,3570.0,4.83196,0.471842,87.739087,-76.61961,12.1293,63.3731,CANDIDATE
6980.01,422912527,PC,,2.85547,409.3413481,2.416155,623.1430608,35.6346136,6186.0,4.37093,1.17357,38.206634,5.209801,7.9859,73.7757,CANDIDATE
6981.01,443823169,PC,425.4506963,2.9472616,4753.2829943,2.0762333,176.9097782,0.2314879,3261.0,4.92925,0.296806,121.059967,11.266937,11.6627,25.4675,CANDIDATE
6982.01,113921235,CP,59.8473992,4.3696664,11392.7507656,11.7556773,211.0447631,0.4688342,5765.3,4.38,1.09215,54.274323,19.499595,11.3281,245.962,CONFIRMED
6983.01,368628986,PC,31.1571613,5.9839922,336.5990841,2.6946338,716.6415747,62.3345745,6317.08,4.2542,1.3783,38.742213,9.845805,9.57157,171.467,CANDIDATE
6985.01,59490344,PC,748.7146251,6.6689152,1655.3509066,3.4308988,170.3749226,0.1991332,5235.0,4.5339,0.844852,108.993831,18.691658,8.3323,46.2206,CANDIDATE
6986.01,366302410,PC,1.2117417,1.046,33487.0,12.6463,786.0,63.3975,3521.0,4.6,0.66,75.876995,35.183943,14.7975,319.82,CANDIDATE
6987.01,21035365,PC,4.6017382,2.615,17212.0,17.8729,1150.0,290.348,6233.0,4.25,1.37,72.630009,43.065498,12.9994,753.271,CANDIDATE
6988.01,70897115,PC,13.414031,4.578,6670.0,8.766,838.0,81.9067,5614.0,4.31,1.16,90.244747,62.693985,13.1421,587.794,CANDIDATE
6989.01,261141602,FP,1.4956727,1.965,3708.0,6.10516,1411.0,658.968,4812.0,4.28,1.06,76.241952,43.258963,11.9409,239.055,FALSE POSITIVE
699.01,149302744,PC,14.8011934,3.42,345.0,2.44796,761.0,55.7499,6138.6,4.07,1.42,83.38224,-62.109022,9.8106,193.29,CANDIDATE
699.02,149302744,PC,33.6336133,5.352,384.0,2.30517,636.0,27.3212,6138.6,4.07,1.42,83.38224,-62.109022,9.8106,193.29,CANDIDATE
699.03,149302744,PC,672.6366236,7.4883769,423.1260918,2.9749826,256.7076521,1.0263046,6138.6,4.07,1.41864,83.38224,-62.109022,9.8106,193.29,CANDIDATE
6990.01,353302490,PC,1.5829358,1.64,11242.0,8.45955,1544.0,945.563,6047.9,4.68,0.81,89.836331,35.278155,13.4815,598.703,CANDIDATE
6991.01,440562226,APC,0.9902419,1.405,16490.0,15.3849,1648.0,1227.07,5643.0,4.25,1.25,91.995028,46.117884,13.4136,755.331,CANDIDATE
6992.01,259330386,PC,15.1389808,2.71,1596.0,4.03127,798.0,67.4078,4448.2,4.6,0.7,70.715328,51.527177,10.7962,82.7081,CANDIDATE
6993.01,408656366,APC,0.3695622,0.446,2001.0,4.9835,1780.0,1668.78,5661.0,4.5,0.94,78.466062,68.467793,12.2414,342.122,CANDIDATE
6994.01,55390413,FP,1.8819016,1.162,5107.0,7.09086,938.0,128.796,4704.0,4.36,0.95,97.425171,65.731761,13.2387,375.707,FALSE POSITIVE
6995.01,383829317,PC,9.9444971,3.171,3078.0,11.3375,971.0,147.904,6576.0,3.93,2.1,284.14342,33.502922,11.2722,630.147,CANDIDATE
6996.01,41875043,FP,0.9602835,1.497,3132.0,6.0323,1890.0,2118.57,5708.0,4.38,1.08,285.826291,34.882431,12.9691,564.394,FALSE POSITIVE
6997.01,357858008,PC,16.179367,3.903,10730.0,10.3462,680.0,35.5088,5576.0,4.37,1.07,282.269154,25.693224,12.6255,436.991,CANDIDATE
6998.01,350733403,PC,27.035894,3.477,3817.0,6.01419,574.0,18.0249,4225.0,4.62,0.66,287.702777,78.732191,12.6338,160.932,CANDIDATE
6999.01,444977814,PC,11.3689753,5.492,5979.0,9.89847,1056.0,206.513,6076.0,4.26,1.31,111.171233,58.549323,12.4889,614.957,CANDIDATE
700.01,150428135,CP,16.051106,1.3968229,2768.5212418,2.5869212,327.7656616,2.7275631,3482.0,4.438,0.419457,97.095717,-65.578615,10.9102,31.1265,CONFIRMED
700.02,150428135,CP,37.4236838,3.3650101,737.5519387,1.3296571,247.1816698,0.8822386,3482.0,4.438,0.419457,97.095717,-65.578615,10.9102,31.1265,CONFIRMED
700.03,150428135,CP,9.977273,2.2583631,459.8525479,0.9617288,384.055942,5.1416079,3482.0,4.438,0.419457,97.095717,-65.578615,10.9102,31.1265,CONFIRMED
700.04,150428135,CP,27.8096898,2.9558823,406.8232517,0.9491858,272.8976058,1.3107501,3482.0,4.438,0.419457,97.095717,-65.578615,10.9102,31.1265,CONFIRMED
7000.01,154926644,PC,2.7897577,3.375,3360.0,15.2527,1614.0,1126.92,5794.0,3.52,2.92,206.086781,85.112826,12.5322,1238.77,CANDIDATE
7001.01,85113291,PC,16.3475547,1.873,46329.0,13.2139,301.0,1.37516,3662.0,4.61,0.65,275.44055,28.467918,14.5962,,CANDIDATE
7002.01,317290270,PC,4.9792822,4.331,4376.0,12.0483,1582.0,1039.87,6677.0,3.95,2.07,280.461822,26.937022,12.866,1260.84,CANDIDATE
7003.01,219707850,PC,0.7331156,0.559,45524.0,13.8557,733.0,48.0269,3326.0,4.77,0.46,136.631085,70.886829,14.2717,155.969,CANDIDATE
7004.01,390207998,PC,9.8162989,5.37,2369.0,9.90817,1108.0,250.587,5755.9,3.77,2.18,282.64336,40.601236,12.5926,948.197,CANDIDATE
7005.01,99834321,APC,8.1420107,1.89,5380.0,8.96217,756.0,54.4532,6089.0,4.28938,1.27,164.988266,64.643718,12.8725,723.398,CANDIDATE
7006.01,343336312,PC,51.9120896,4.975,15569.0,9.69324,422.0,5.28684,5437.0,4.55,0.86,310.040594,62.280407,12.8066,339.348,CANDIDATE
7007.01,289441015,FP,1.5342604,3.271,1768.0,6.09992,3124.0,15822.4,8194.0,4.28,1.7,315.213643,48.803268,12.695,625.983,FALSE POSITIVE
7008.01,335661164,PC,0.8406912,1.489,2554.0,4.77919,1783.0,1679.35,5170.0,4.42,0.95,216.988253,79.450396,12.9055,410.467,CANDIDATE
7009.01,405837291,PC,2.3206673,0.969,2935.0,4.047,710.0,42.4124,4231.0,4.61,0.67,299.513133,55.651029,12.9341,184.12,CANDIDATE
701.01,219239945,FP,13.697384,4.783848,1061.94658,4.211945,800.1911623,96.8938034,5837.0,4.37713,1.10089,64.52165,-53.80127,10.966,217.621,FALSE POSITIVE
7010.01,233867481,PC,4.1976032,1.971,10045.0,11.3523,973.0,149.237,5617.0,4.29,1.18,304.36076,58.427382,13.0287,583.755,CANDIDATE
7011.01,167631701,PC,19.394038,4.082,10061.0,10.5887,625.0,25.3617,5493.0,4.35,1.08,319.57696,41.398944,12.9664,518.602,CANDIDATE
7012.01,322369867,PC,4.0197822,3.18,5109.0,9.47332,1408.0,653.222,6208.0,4.21,1.42,309.116634,50.597122,13.3792,931.193,CANDIDATE
7013.01,67246795,PC,4.2451891,2.663,5546.0,7.66981,1074.0,221.068,5358.0,4.37,1.05,311.769968,37.26488,12.6968,426.494,CANDIDATE
7014.01,158657991,APC,0.7406805,0.598,2428.0,6.53553,1506.0,854.861,6204.8,4.44,1.08,288.016564,44.496438,12.5233,537.401,CANDIDATE
7015.01,11894726,PC,7.0687489,0.515,50423.0,14.0241,208.0,0.313028,3368.0,4.77,0.47,178.176278,48.352211,14.3528,164.557,CANDIDATE
7016.01,16740548,PC,1.598803,2.438,14208.0,15.4905,2880.0,11433.8,9488.0,4.58,1.32,307.898168,39.796755,13.3901,796.293,CANDIDATE
7017.01,1881298619,PC,5.0826878,5.11,7327.0,19.0027,1712.0,1426.43,6743.0,3.83,2.42,299.074389,44.432298,13.1719,1526.54,CANDIDATE
7018.01,156512187,PC,20.3158735,5.276,39235.0,17.8657,688.0,37.1984,5725.0,4.53,0.91,221.073871,77.946044,12.9092,473.162,CANDIDATE
7019.01,366119858,CP,48.2590904,6.299,6743.0,7.87933,534.0,13.5351,5936.0,4.61,0.85,273.788901,50.862739,12.7199,434.178,CONFIRMED
702.01,237914496,PC,3.568141,1.4556337,906.9993541,2.0483578,676.0386184,49.3636227,4015.0,4.61505,0.577735,56.174949,-65.198339,11.8371,84.4039,CANDIDATE
7020.01,233287217,PC,3.1642475,1.115,2330.0,10.4341,1156.0,296.494,6975.0,4.01,2.02,300.366236,54.927126,11.3226,661.226,CANDIDATE
7021.01,233855268,PC,49.5355004,8.483,5687.0,10.5617,638.0,27.5628,6173.0,4.26,1.33,304.209848,56.590341,12.2564,541.015,CANDIDATE
7022.01,125366299,PC,2.8583729,1.236,11829.0,16.0985,1118.0,259.61,5537.0,4.27,1.19,320.914125,37.759522,12.9085,537.48,CANDIDATE
7023.01,230856987,PC,2.3404152,2.522,11265.0,13.0087,1745.0,1539.65,6686.0,4.34,1.33,312.781068,34.440642,13.1587,879.003,CANDIDATE
7024.01,354032153,PC,1.9639208,1.467,30553.0,12.0421,818.0,74.4726,3914.3,4.52,0.71,168.703812,53.511708,14.0905,270.872,CANDIDATE
7025.01,219803922,PC,66.9954225,2.024,5477.0,11.7213,308.0,1.51166,6078.0,4.14,1.51,266.122221,62.555116,11.3683,429.239,CANDIDATE
7026.01,219809549,PC,65.5580424,4.167,6381.0,5.53264,275.0,0.95388,4340.0,4.54,0.74,266.836955,65.632257,13.0172,228.15,CANDIDATE
7027.01,164783371,PC,4.2885021,1.427,4402.0,11.61,875.0,97.7022,5937.5,3.99,1.75,284.738548,47.169508,13.0105,1008.39,CANDIDATE
7028.01,416195843,PC,2.4596079,2.168,2195.0,4.09395,1281.0,448.314,5340.0,4.48,0.92,287.160637,57.377572,12.9405,427.132,CANDIDATE
7029.01,446166017,PC,1.9271521,1.201,58745.0,13.364,647.0,29.2163,3516.0,4.7,0.55,183.519002,48.359133,14.8347,263.55,CANDIDATE
703.01,237928815,PC,8.6729683,2.9598885,724.6732153,2.28271,833.8694004,114.2649808,5384.0,4.54758,0.91,57.999823,-59.882442,10.2036,120.984,CANDIDATE
703.02,237928815,PC,22.5682711,4.9745502,869.846616,2.479501,606.2538727,31.9256027,5384.0,4.54758,0.852304,57.999823,-59.882442,10.2036,120.984,CANDIDATE
7030.01,430930679,PC,2.5604496,1.339,423.0,1.60134,935.0,127.195,4679.0,4.54,0.77,334.163501,52.924493,9.6396,60.445,CANDIDATE
7031.01,284592989,PC,1.7911016,1.3192751,12254.9439752,7.0726104,834.843394,114.7997816,3718.0,4.62057,0.636647,186.012762,42.684124,14.367,295.802,CANDIDATE
7032.01,22903436,PC,17.7456043,2.675,1203.0,2.44767,474.0,8.44389,4526.0,4.57,0.72,205.846632,39.248789,8.1532,26.6423,CANDIDATE
7033.01,29953537,PC,0.7312783,1.289,322.0,1.7324,1936.0,2334.8,5508.0,4.45,0.97,133.641742,-45.483829,10.2097,137.386,CANDIDATE
7034.01,418981325,APC,0.9082202,1.461,605.0,5.31602,,10962.9,8482.0,,2.18,6.578481,62.931096,10.4875,573.293,CANDIDATE
7035.01,366074071,PC,4.18142,4.43,7013.0,14.794,1638.0,1099.82,6293.8,4.04,1.76,356.781098,69.0485,10.2955,318.756,CANDIDATE
7036.01,284300833,PC,3.0513298,1.4911246,23465.9068147,11.1893597,747.3985328,73.7445561,3937.0,4.60668,0.653572,237.806582,29.44792,14.4804,349.473,CANDIDATE
7037.01,269343479,APC,4.1279985,1.698,3450.0,15.1533,1420.0,675.403,5865.0,4.28,1.23,128.328153,5.106301,12.0302,445.119,CANDIDATE
7038.01,210904767,PC,8.6000492,3.059,639.0,3.12511,1114.0,256.415,6920.0,4.31183,1.42,246.057741,-32.143789,8.9498,152.834,CANDIDATE
7039.01,329981856,PC,3.3206355,4.732,667.0,3.01837,1784.0,1683.48,5768.0,4.21,1.33,192.339004,-70.916554,10.0679,183.08,CANDIDATE
704.01,260004324,CP,3.8143009,1.3793952,457.7909152,1.1147163,577.9658451,26.3711883,3625.0,4.7833,0.504068,91.089986,-55.311538,10.1428,29.8424,CONFIRMED
7040.01,277039287,PC,21.0562422,4.4190398,2640.3371988,5.1947988,605.7907661,31.8281648,5376.0,4.45068,0.950465,283.443213,-34.784103,11.6081,237.004,CANDIDATE
7041.01,201175570,CP,9.6994666,15.7960068,512.9617961,9.5295926,882.3689413,143.2589795,4696.0,4.438,4.2105899,357.802172,-50.869862,10.264,439.52,CONFIRMED
7042.01,345724317,FP,2.817627,1.455,868.0,3.22711,1185.0,327.873,6320.6,4.4,1.17,249.91015,20.743061,10.4875,237.065,FALSE POSITIVE
7043.01,57299130,PC,17.3840061,3.932,561.0,1.69425,649.0,29.5344,5228.2,4.56,0.82,251.80616,37.885957,9.094,64.2031,CANDIDATE
7044.01,263723967,PC,15.9669794,3.514,2229.0,6.72555,709.0,42.1361,5888.0,4.08,1.55,250.414739,15.20053,10.1135,232.078,CANDIDATE
7045.01,21720215,PC,2.2775983,1.3,1131.0,4.16351,1280.0,445.957,6320.0,4.31,1.3,256.054062,31.565369,9.90787,201.532,CANDIDATE
7046.01,201899356,PC,3.1084574,2.534,9902.0,13.2168,1342.0,539.374,6024.0,4.26,1.3,40.587028,-59.46639,12.1788,528.702,CANDIDATE
7047.01,31142436,PC,5.2729668,3.738,1177.0,2.56914,1140.0,280.922,5294.0,4.58,0.81,81.397716,-25.517309,11.7732,216.12,CANDIDATE
7048.01,235015217,PC,4.0863647,2.213,4671.0,13.1374,1418.0,671.938,5969.0,3.96876,1.8,353.430263,-62.643379,12.269,753.924,CANDIDATE
7049.01,337217173,PC,40.3833862,2.345,6555.0,2.03391,203.0,0.283517,3236.0,4.98108,0.25,39.824291,7.470835,11.5546,20.0182,CANDIDATE
705.01,391904697,PC,47.0196372,5.8659335,1251.7456152,3.1012834,437.2987599,8.6423925,5249.18,4.68369,0.877877,106.477148,-72.558765,11.4994,191.058,CANDIDATE
7050.01,50592053,PC,1.4182984,0.654,2124.0,9.60116,1608.0,1110.56,9267.0,4.32,1.75,278.519237,17.199139,10.3139,476.345,CANDIDATE
7051.01,18574158,FP,4.9131459,1.25,4488.0,7.84064,825.0,76.9918,5999.0,4.38,1.12,272.797502,5.982054,10.3552,190.241,FALSE POSITIVE
7052.01,22038430,PC,2.8862017,0.487,412.0,1.71911,551.0,15.4038,4269.0,4.65,0.64,268.95853,33.419623,8.9588,29.7194,CANDIDATE
7053.01,329821992,PC,2.8637988,2.746,266.0,7.75857,2502.0,6505.86,9416.0,3.49,4.62,281.70848,12.554509,7.78306,404.16,CANDIDATE
7054.01,62676654,PC,14.7595601,5.5790065,16406.5561433,7.3454534,478.9882236,12.439999,4708.0,4.80336,0.569838,269.095123,-2.404231,11.9766,129.214,CANDIDATE
706.01,219345200,PC,719.0381327,5.4244096,4851.4092337,16.6333557,245.1674374,0.8538315,5709.6,3.53,1.4981,74.752657,-49.736179,8.3643,94.697,CANDIDATE
7060.01,469810663,PC,5.8497196,3.458,507.0,2.71286,1226.0,375.868,6009.6,4.22,1.35,300.047116,-71.966865,10.0094,191.394,CANDIDATE
7060.02,469810663,PC,1064.700399,3.285,1294.0,4.45158,405.0,4.48172,6009.6,4.22,1.35,300.047116,-71.966865,10.0094,191.394,CANDIDATE
7062.01,23961340,PC,10.5137924,2.275,1611.0,3.1867,627.0,25.6571,4942.0,4.58,0.77,313.292091,-9.044055,8.863,47.6049,CANDIDATE
7063.01,248769312,PC,3.7570477,1.938,340.0,1.41479,1045.0,197.985,5263.0,4.56,0.83,313.726289,-2.334419,8.8868,58.9521,CANDIDATE
7064.01,376867898,PC,61.5555962,6.996,182.0,2.1796,554.0,15.6504,6298.0,4.02,1.8,276.104689,69.097768,8.47427,144.581,CANDIDATE
7065.01,383723559,FP,2.6667526,2.594,190.0,3.01006,1630.0,1172.14,6173.0,3.83,2.18,279.71524,43.093727,9.58671,280.342,FALSE POSITIVE
7069.01,160428500,PC,8.7201675,3.11,957.0,2.35848,845.0,84.6734,5443.0,4.56,0.85,322.648515,32.006189,10.4371,128.952,CANDIDATE
707.01,167342439,PC,52.7993058,6.11948,541.2696023,2.3982714,464.183367,10.9718358,5409.22,4.46229,1.02101,98.729589,-67.537274,10.0906,130.959,CANDIDATE
707.02,167342439,PC,17.4757465,4.6911418,163.268484,1.4862817,671.0482261,47.9221101,5409.22,4.46229,1.02101,98.729589,-67.537274,10.0906,130.959,CANDIDATE
7070.01,289218489,PC,4.4563756,3.316,308.0,2.98505,1284.0,452.138,5658.0,3.93,1.8,314.841608,18.071787,9.55763,195.391,CANDIDATE
7071.01,14203588,PC,5.5334128,6.74,169.0,2.57273,3012.0,13680.1,10409.0,4.15,2.28,305.946252,37.98274,8.58502,325.153,CANDIDATE
7072.01,298658399,PC,0.8118915,0.909,1245.0,6.54453,2274.0,4440.4,6019.0,4.02,1.71,324.361307,28.008443,10.032,235.22,CANDIDATE
7073.01,276922692,PC,13.1689848,7.607,2592.0,11.4366,1298.0,472.115,6282.0,3.84,2.2,306.238533,50.488593,12.3907,920.505,CANDIDATE
7074.01,138609069,PC,4.6504794,5.051,6221.0,18.8371,1630.0,1172.26,6274.0,3.79,2.34,319.908796,46.067271,13.4554,1055.99,CANDIDATE
7075.01,66266024,PC,2.8120379,1.647,11880.0,9.95975,1141.0,282.122,6004.1,,0.91,311.164232,41.139884,13.3337,512.025,CANDIDATE
7076.01,138225319,PC,3.4747684,3.054,4548.0,16.2878,2222.0,4048.18,6572.0,4.14,1.65,319.341171,44.560338,12.9805,807.901,CANDIDATE
7077.01,188814758,PC,6.403011,5.82,3868.0,7.96127,1395.0,629.67,5713.3,,1.53,308.980504,44.884869,11.86,,CANDIDATE
7078.01,233266582,PC,6.3962557,2.826,2257.0,5.10457,997.0,164.368,5847.0,4.36,1.13,299.784248,54.971049,12.177,416.945,CANDIDATE
7079.01,287191183,APC,12.1252851,6.998,2706.0,15.2955,1051.0,202.874,4951.0,,2.39,292.636286,54.680539,11.9823,602.863,CANDIDATE
708.01,391821647,FP,1.996071,5.910879,352.76672,1.947951,1552.397488,1372.564389,6636.0,4.60452,0.975121,82.764859,-70.357179,10.8623,214.756,FALSE POSITIVE
7080.01,366725641,PC,36.6892187,6.446,7413.0,9.1862,765.0,57.1087,6647.0,4.49,1.12,311.763262,43.581973,12.3503,518.344,CANDIDATE
7081.01,142385671,PC,12.7617794,4.223,26352.0,16.8306,875.0,97.3693,6305.0,4.48,1.06,197.300194,65.3161,13.4426,837.097,CANDIDATE
7082.01,22740615,PC,2.253174,1.118,81734.0,11.9013,585.0,19.5121,3340.0,4.9,0.33,202.249317,40.195722,14.2582,101.892,CANDIDATE
7083.01,286923515,PC,7.6253466,6.702,2810.0,9.43868,1320.0,504.852,5408.0,3.73,2.19,203.629694,53.866931,12.8442,1003.73,CANDIDATE
7084.01,165337974,PC,21.8153374,4.087,2502.0,3.96837,600.0,21.5566,5399.0,4.53,0.87,316.498826,37.665263,11.5681,217.285,CANDIDATE
7085.01,364571121,APC,2.202258,1.046,48647.0,11.2703,552.0,15.4828,3388.0,4.72,0.52,310.682122,53.447772,14.7751,,CANDIDATE
7086.01,199289712,PC,1.0092447,1.472,7501.0,11.8411,1662.0,1267.16,5491.0,4.17,1.34,334.215281,43.451939,13.3747,652.143,CANDIDATE
7087.01,233266797,PC,7.9039906,3.996,3040.0,9.39901,1064.0,213.482,5797.0,3.95,1.79,299.718457,54.840033,13.0721,965.596,CANDIDATE
7088.01,274411493,APC,7.1554749,2.213,1811.0,19.6737,1574.0,1019.42,6919.0,3.73,2.78,318.951423,37.132423,11.5896,1022.89,CANDIDATE
7089.01,195933415,PC,1.5852089,1.137,450.0,5.77903,,14006.0,11678.0,4.05,2.74,310.766666,45.837007,9.3672,599.169,CANDIDATE
709.01,396720998,APC,32.3766006,3.8827521,52579.8740908,3.6771515,2128.9236019,4854.6878282,50000.0,5.80276,0.147,65.655386,-54.147179,13.987,1350.32,CANDIDATE
709.02,396720998,PC,777.0516742,4.3877266,7211.9264886,1.3396102,738.052393,70.1244992,50000.0,5.80276,0.147,65.655386,-54.147179,13.987,1350.32,CANDIDATE
7090.01,166178400,PC,60.6825768,3.983,8480.0,16.0883,496.0,10.102,5918.0,4.13,1.48,217.336884,65.930097,11.4434,420.478,CANDIDATE
7091.01,296327387,PC,4.8510805,3.132,9714.0,17.8341,1108.0,250.696,5578.5,,1.9,306.609094,49.041249,13.1968,925.412,CANDIDATE
7092.01,195483731,PC,1.102219,1.538,4361.0,16.2877,2280.0,4488.98,7469.0,3.87,2.51,310.142452,47.299605,13.0673,1631.82,CANDIDATE
7093.01,62867537,APC,2.8371938,1.904,15303.0,18.3031,1599.0,1087.34,7980.0,4.35,1.54,319.410012,48.163355,11.9812,566.041,CANDIDATE
7094.01,452864692,PC,2.1125062,1.228,5858.0,,,,,,,338.635274,53.61087,12.527,792.54,CANDIDATE
7095.01,395214388,PC,4.6745746,8.627,1731.0,13.7841,2179.0,3744.12,5759.0,3.29,3.8,335.259662,57.081072,12.3311,1078.06,CANDIDATE
7096.01,199488690,PC,3.3505745,4.633,3685.0,11.4859,2079.0,3106.23,6940.0,3.93,2.21,334.884059,45.986468,12.0366,999.917,CANDIDATE
7097.01,293949992,PC,4.1560086,2.954,2503.0,7.19145,1318.0,501.609,6056.0,4.11,1.55,297.823447,56.568425,12.6142,768.4,CANDIDATE
7098.01,313922260,PC,1.3821651,2.435,9250.0,17.6176,2576.0,7314.38,7662.0,4.12,1.94,345.383265,53.968241,13.1922,1601.2,CANDIDATE
7099.01,430415564,PC,4.4264918,6.059,3584.0,14.8697,1969.0,2497.57,6231.0,3.74,2.46,332.624758,48.097061,12.9147,1365.41,CANDIDATE
710.01,309402106,FP,216.24584,1.0703729,5045.1950681,18.5681404,1072.2837713,312.4351835,7053.0,4.22463,1.59688,124.748703,-65.278089,8.488401,157.721,FALSE POSITIVE
7100.01,325765282,PC,7.4156006,2.76,12272.0,16.1132,974.0,149.56,6446.0,4.21,1.5,331.096689,53.465187,13.1187,849.58,CANDIDATE
7101.01,444209952,PC,1.8471592,1.958,6589.0,,,,,,,352.301058,54.971076,12.308,249.393,CANDIDATE
7102.01,469523613,PC,1.1838059,1.307,4487.0,11.623,1996.0,2638.6,7433.0,4.22,1.68,318.005196,59.03141,13.3122,1086.14,CANDIDATE
7103.01,197604890,PC,5.3590843,2.477,3018.0,4.36817,885.0,101.96,4845.0,4.52,0.81,336.730483,49.149727,11.0011,126.595,CANDIDATE
7104.01,371579161,FP,2.2215349,2.869,3539.0,,,,,,,343.176738,54.140988,12.0545,892.821,FALSE POSITIVE
7105.01,417564823,PC,17.0548288,4.555,5295.0,9.80945,758.0,55.0578,5769.0,4.17,1.38,317.532978,61.039287,13.3592,587.476,CANDIDATE
7106.01,66545173,PC,2.7945508,2.978,8242.0,13.7026,1669.0,1289.93,6345.0,4.15,1.56,341.503021,52.134649,13.3622,1072.23,CANDIDATE
7107.01,237019002,PC,8.6145655,4.84,6195.0,12.146,1365.0,577.62,6467.0,4.28,1.38,306.570479,60.668422,12.1748,563.391,CANDIDATE
7108.01,430406538,PC,2.4425105,2.964,5639.0,,,,,,,332.570963,50.504251,13.0372,1119.54,CANDIDATE
7109.01,430845815,PC,3.2396607,2.42,6158.0,,,,,,,334.051035,50.390366,12.8137,565.628,CANDIDATE
711.01,38510224,PC,18.3841259,3.4924479,1010.0989222,2.1505216,458.1372754,10.4112654,4356.0,4.60471,0.681407,62.516131,-61.942668,11.7481,118.28,CANDIDATE
711.02,38510224,PC,35.9432773,2.7244261,1178.967443,2.7375059,366.384759,4.2586368,4356.0,4.60471,0.681407,62.516131,-61.942668,11.7481,118.28,CANDIDATE
7110.01,266488971,PC,8.8182594,2.169,5493.0,13.1872,781.0,61.7662,6052.0,3.96,1.84,296.584159,56.166677,13.2009,1165.55,CANDIDATE
7111.01,200465781,PC,7.0634276,2.056,5286.0,11.2092,887.0,102.801,6354.0,4.28,1.34,338.88337,45.834178,12.9436,741.716,CANDIDATE
7112.01,66286602,PC,3.424993,2.134,6276.0,,,,,,,341.011708,49.687459,13.3724,863.955,CANDIDATE
7113.01,335624180,PC,4.6351977,3.856,11113.0,15.825,1282.0,449.395,5691.0,4.05,1.57,332.920933,60.758124,12.6686,561.587,CANDIDATE
7114.01,365712006,FP,3.0436916,2.414,8182.0,,,,,,,324.145165,52.758742,13.0267,593.943,FALSE POSITIVE
7115.01,361944563,APC,0.8738186,1.229,5487.0,10.2138,1747.0,1547.44,5838.0,4.24,1.29,341.109394,54.202131,13.0031,646.214,CANDIDATE
7116.01,325908483,PC,18.9438583,4.108,12167.0,10.0797,641.0,28.1157,5583.0,4.47,0.95,331.513815,48.341954,12.3657,346.75,CANDIDATE
7117.01,199676274,APC,8.8691255,1.588,10597.0,,,,,,,335.587781,47.347027,12.7978,652.105,CANDIDATE
7118.01,286382849,PC,37.8016862,3.788,1734.0,6.55527,,18.7121,6783.0,,1.61,318.346195,61.754571,10.8086,273.779,CANDIDATE
7119.01,420383981,PC,2.5933417,3.253,9482.0,15.3451,,1492.39,6258.1,,1.57,344.8819,54.888207,12.2118,563.413,CANDIDATE
712.01,150151262,CP,9.531366,1.673,916.0,2.24794,584.0,19.4095,4504.0,4.58833,0.72,92.936106,-65.825839,9.9059,58.6212,CONFIRMED
712.02,150151262,CP,51.6991421,4.371,1339.0,2.45531,357.0,2.70562,4504.0,4.58833,0.72,92.936106,-65.825839,9.9059,58.6212,CONFIRMED
712.03,150151262,FA,53.746482,5.592988,1557.541816,3.263156,345.2617451,3.3582641,4504.0,4.58833,0.842645,92.936106,-65.825839,9.9059,58.6212,FALSE POSITIVE
712.04,150151262,CP,84.83869,5.194,1020.0,2.03857,292.0,1.21501,4504.0,4.58833,0.72,92.936106,-65.825839,9.9059,58.6212,CONFIRMED
7120.01,64198376,PC,3.1739167,3.65,2669.0,17.4128,2136.0,3458.24,7099.0,3.64,3.17,321.742552,52.161352,12.8736,1353.61,CANDIDATE
7121.01,469436001,FP,0.9739887,1.594,2904.0,21.8604,3504.0,25053.9,7357.0,4.08,1.95,307.653516,57.822497,13.149,1387.55,FALSE POSITIVE
7123.01,277853911,PC,0.3075961,0.49,124509.0,17.2274,917.0,117.396,3257.0,4.86,0.37,321.031993,53.753129,14.8916,151.776,CANDIDATE
7124.01,345596003,PC,2.6414334,2.508,19204.0,13.6255,1367.0,580.045,5753.0,4.4,1.06,356.180508,56.843339,13.3745,610.592,CANDIDATE
7125.01,272829240,PC,21.7276636,2.924,43934.0,8.18265,298.0,1.32008,3437.0,4.83,0.4,356.773197,60.249859,13.9933,115.061,CANDIDATE
7126.01,344855300,PC,3.2966077,3.965,4963.0,14.8596,1722.0,1459.72,6259.0,3.87,2.12,354.944277,58.00075,12.066,666.281,CANDIDATE
7127.01,256418577,PC,3.3683989,4.63,3874.0,13.3562,2045.0,2907.88,6902.0,3.85,2.41,15.554384,62.013217,12.3008,833.536,CANDIDATE
7128.01,269231011,PC,2.9650741,2.412,6279.0,,,,,,,350.057782,60.424042,12.8934,1048.98,CANDIDATE
7129.01,434086605,PC,8.8204144,7.63,4100.0,11.5324,1351.0,553.234,5672.0,3.81,2.07,342.317208,61.201293,13.2574,698.905,CANDIDATE
713.01,167600516,PC,35.9993588,4.1814011,1086.7362497,2.2253394,355.5983746,3.7788536,4316.7,4.60858,0.651075,102.021376,-65.624257,10.6925,69.3653,CANDIDATE
713.02,167600516,PC,1.8715209,1.0213466,255.7891339,1.0618157,952.7810913,194.7571992,4316.7,4.60858,0.651075,102.021376,-65.624257,10.6925,69.3653,CANDIDATE
7130.01,434270112,PC,1.2433877,1.65,2757.0,8.07577,1923.0,2274.15,6488.0,4.22,1.47,342.713199,64.970472,13.2252,697.962,CANDIDATE
7131.01,419524589,PC,5.3295884,3.713,5530.0,,,,,,,8.406336,63.267344,12.551,1147.25,CANDIDATE
7132.01,404898080,PC,1.4716633,1.23,9168.0,21.4506,1565.0,997.016,5298.0,4.34,1.07,323.783634,64.077414,13.1626,498.336,CANDIDATE
7133.01,420018238,PC,3.8282053,3.891,4275.0,11.9804,1663.0,1269.85,6455.0,3.93,2.05,10.787342,62.362882,12.7389,884.206,CANDIDATE
7134.01,269102377,PC,3.5899561,3.434,3727.0,18.0461,,1033.33,6224.0,3.6,2.87,349.385015,63.768479,12.4029,937.871,CANDIDATE
7135.01,188539008,PC,10.6185545,1.537,10466.0,12.568,581.0,18.9483,5925.9,4.32,1.19,237.222993,35.398017,12.6634,590.48,CANDIDATE
7136.01,470749725,PC,5.6897753,4.153,6064.0,,,,,,,357.873254,60.933269,13.027,618.889,CANDIDATE
7137.01,161687209,FP,1.2529962,1.083,14080.0,19.179,1232.0,382.546,4220.0,4.51,0.75,236.054241,58.553688,12.8161,196.593,FALSE POSITIVE
7138.01,269514008,PC,5.4149624,1.24,4028.0,16.1825,983.0,155.146,7979.0,3.84,2.75,350.58587,60.754699,12.081,1154.79,CANDIDATE
7139.01,269330087,PC,3.8850223,1.209,6113.0,11.9861,1037.0,192.359,7162.0,4.3,1.48,350.306271,65.257695,12.6728,699.662,CANDIDATE
714.01,219195044,PC,4.3239329,1.5783127,977.2224915,1.5008877,563.1748972,23.7735564,3782.0,4.438,0.473141,92.392417,-53.822988,11.5436,53.8473,CANDIDATE
714.02,219195044,PC,10.1775475,2.0401655,943.2876093,1.5705443,423.3717664,7.5929156,3782.0,4.438,0.473141,92.392417,-53.822988,11.5436,53.8473,CANDIDATE
7140.01,371909591,PC,5.1879527,5.979,3524.0,14.8534,1847.0,1933.52,6617.0,3.66,2.9,349.021766,59.019516,12.5317,1030.49,CANDIDATE
7141.01,235717158,PC,2.4141149,1.329,10760.0,5.83132,649.0,29.5308,3438.0,4.64,0.61,254.662151,83.271745,14.2442,229.246,CANDIDATE
7142.01,263723781,PC,6.5433068,3.114,26297.0,16.0666,887.0,102.868,5295.0,4.34,1.07,250.44698,14.772788,13.3053,557.43,CANDIDATE
7143.01,408548144,PC,1.1376981,1.02,1217.0,2.77467,1204.0,349.377,4244.0,4.52,0.74,92.381859,85.820703,12.6106,177.343,CANDIDATE
7144.01,400235555,PC,0.5289141,1.087,2503.0,6.67772,2147.0,3529.75,5739.6,4.2,1.34,263.053897,14.26805,12.7353,625.682,CANDIDATE
7145.01,8416274,PC,23.2471066,2.031,12754.0,13.9025,479.0,8.76779,5839.1,4.45,1.01,246.09856,32.029436,13.0371,578.77,CANDIDATE
7146.01,402848417,PC,28.4664618,5.958,4267.0,9.21955,684.0,36.4134,5888.0,4.09,1.54,17.742424,82.221473,12.2041,544.981,CANDIDATE
7147.01,405542683,PC,1.3473988,0.444,11164.0,9.67861,590.0,20.22,3576.0,4.6158,0.64,256.753952,38.784588,13.7182,207.933,CANDIDATE
7148.01,351599985,PC,1.3432587,1.534,2215.0,3.99294,1413.0,663.13,5031.1,4.48,0.87,254.146881,22.569607,12.1285,245.173,CANDIDATE
7149.01,459323923,CP,2.6520679,1.53,126188.0,11.2606,555.0,15.7673,3247.0,4.88,0.34,244.738466,19.175812,14.8294,126.126,CONFIRMED
715.01,271971130,CP,19.2879579,2.1841643,4773.5508832,1.7145308,235.0427129,0.7212871,3075.0,4.438,0.229824,113.852328,-73.577409,13.5308,42.4048,CONFIRMED
7150.01,352284958,PC,0.8818115,1.558,2067.0,9.47171,2256.0,4304.47,6571.0,3.91,2.14,19.247141,71.093647,13.085,1276.55,CANDIDATE
7151.01,331619598,PC,7.1467369,3.913,1157.0,3.63858,1255.0,412.052,6252.0,4.4,1.15,69.641701,74.30934,11.5576,350.869,CANDIDATE
7152.01,378860702,PC,3.1875721,1.825,4278.0,,,,,,,10.212378,71.364782,11.878,,CANDIDATE
7153.01,154869806,PC,27.6174987,4.509,2176.0,3.92928,569.0,17.4356,5469.0,4.51,0.9,190.256094,88.082025,12.1854,293.366,CANDIDATE
7154.01,377622130,PC,8.8600515,2.493,10563.0,9.20623,722.0,45.247,5481.0,4.45,0.97,264.570314,15.213537,11.9445,299.123,CANDIDATE
7155.01,468350765,PC,3.8949005,2.171,1071.0,2.15693,914.0,116.253,4718.0,4.66,0.67,12.445448,79.287855,11.8389,144.751,CANDIDATE
7156.01,376354189,PC,1.9299641,0.37,26801.0,11.758,366.0,2.99687,3554.0,4.78,0.46,45.280234,69.916053,14.6049,181.369,CANDIDATE
7157.01,469523619,PC,1.1838063,1.233,1853.0,9.29553,2453.0,6017.49,8996.0,4.14,2.11,318.005408,59.032739,12.3132,1075.54,CANDIDATE
7158.01,431033767,PC,3.338577,3.519,3620.0,11.9188,1965.0,2475.81,7482.0,4.02,2.13,334.678618,53.781393,13.1238,1622.57,CANDIDATE
7159.01,444159424,PC,8.8922064,3.709,5250.0,,,,,,,342.520534,58.906174,12.492,900.701,CANDIDATE
716.01,119081096,FP,0.83707,2.497,2745.5,2.98849,1998.0,2645.93,3776.0,4.72,0.52,136.238912,-18.502674,12.4268,88.8248,FALSE POSITIVE
7160.01,154264903,PC,3.0825102,3.708,4011.0,10.2259,1676.0,1312.39,6001.8,,1.69,342.052268,47.170483,12.934,746.634,CANDIDATE
7161.01,415461195,PC,3.8285502,5.248,2531.0,12.7621,2121.0,3360.36,7075.0,3.74,2.8,337.314049,56.014714,11.951,736.113,CANDIDATE
7162.01,341005781,PC,8.6393678,2.325,22505.0,8.17498,444.0,6.46156,3468.0,4.68,0.56,314.724621,59.595297,14.4397,,CANDIDATE
7163.01,343774169,PC,5.3913891,1.995,4086.0,4.28654,832.0,79.5918,5179.0,4.68,0.71,341.716965,54.011837,11.2584,137.3,CANDIDATE
7164.01,326470400,FP,736.5528811,4.735,1432.0,3.13923,192.0,0.22955,5659.0,4.57,0.86,210.09769,-61.7412,9.8447,108.2,FALSE POSITIVE
7166.01,288421619,PC,12.9228111,1.5980207,8723.2564459,2.1004549,264.5773396,1.1580614,3166.0,5.02476,0.223377,320.680636,8.889398,13.123,35.4153,CANDIDATE
7167.01,456482025,PC,13.723753,2.3593878,3129.0813648,7.707781,937.0740086,182.2286132,6374.4,4.28178,1.34911,0.099291,16.493828,11.8246,502.982,CANDIDATE
7169.01,372048733,PC,3.4375711,3.9255437,10435.0708429,15.0290201,1454.0652473,1056.4685689,5874.0,4.15198,1.43119,351.05469,36.817566,11.908,467.151,CANDIDATE
717.01,275248683,FP,0.53079,1.238,1113.07,,1557.0,977.343,3788.4,4.87,,147.970536,2.116647,11.4407,34.7229,FALSE POSITIVE
7170.01,63100069,PC,1.917096,1.0402081,4017.0792074,3.5741192,747.7884464,73.898565,3653.0,4.71723,0.523126,117.974778,21.339953,12.8317,106.54,CANDIDATE
7171.01,420191136,PC,23.5367004,5.715,443.0,3.3862,989.0,158.942,7487.0,4.22,1.69,338.015396,49.15674,8.98453,218.03,CANDIDATE
7172.01,302173245,PC,2.7547949,2.2653165,1434.2026954,3.7424744,1235.7366017,551.092681,5531.0,4.44591,0.977544,8.73548,17.056391,11.5702,254.558,CANDIDATE
7173.01,268727719,FP,0.6257352,0.8361985,13403.1636987,9.1590642,1155.1130109,420.7449426,3718.0,4.6571,0.593043,347.956369,65.229824,13.3892,161.939,FALSE POSITIVE
7174.01,25472026,PC,4.2422767,2.8605497,4728.4740947,14.4051573,1630.9939837,1672.3625665,6223.0,3.94893,1.92379,351.681768,50.052375,11.6951,624.168,CANDIDATE
7175.01,26999884,PC,2.9944941,3.621007,2479.3671334,15.498003,2594.393374,10706.9138368,7465.0,3.71,3.0202899,356.316355,53.750777,9.54026,465.072,CANDIDATE
7176.01,44161614,PC,,4.281,15884.0,10.7825,495.0,10.0394,4122.8,4.4,0.84,345.349833,32.949691,10.4361,69.3535,CANDIDATE
7177.01,51768374,PC,6.8434236,3.179,767.0,2.93142,1183.0,325.891,6060.0,4.38,1.14,337.663459,12.556345,9.94212,165.19,CANDIDATE
7178.01,419877797,PC,5.2169076,2.299,334.0,2.0097,1037.0,192.44,5966.0,4.39,1.1,337.653386,11.892662,8.3898,78.2804,CANDIDATE
7179.01,196201652,PC,2.7384363,3.018,871.0,10.4314,1348.0,549.707,4964.0,,3.56,311.011623,45.835325,10.3065,402.817,CANDIDATE
718.01,150247134,FA,12.8650769,3.979,1070.0,1.90058,703.0,40.6428,5031.0,,0.81,94.167445,-62.648403,11.4845,726.88,FALSE POSITIVE
7180.01,314992600,PC,3.2607791,3.152,574.0,3.18123,1556.0,973.545,5975.0,4.19,1.39,336.652468,21.460785,10.3767,244.502,CANDIDATE
7181.01,419878733,PC,5.1794403,4.628,796.0,5.8283,1469.0,773.896,5946.0,3.78,2.21,337.67535,9.158174,10.3618,355.502,CANDIDATE
7182.01,408469564,PC,14.7126653,3.56,305.0,2.08605,818.0,74.4061,6156.0,4.25,1.34,359.262122,9.784659,8.1891,91.8327,CANDIDATE
7183.01,422159302,PC,10.5739387,3.484,493.0,4.60829,,590.803,9088.0,,2.3,335.623102,58.083092,9.504,320.872,CANDIDATE
7184.01,426956677,PC,1.1976555,1.257,303.0,1.53572,1535.0,922.814,5598.9,4.52,0.91,2.494564,18.77383,9.70916,105.18,CANDIDATE
7185.01,77490011,PC,2.6881318,0.9223764,22717.9494983,3.537073,463.3111771,10.8896046,3244.0,5.01029,0.232947,42.823804,30.281303,14.1398,59.6029,CANDIDATE
7186.01,124895104,PC,1.7024504,2.913,8210.0,16.0263,1970.0,2502.63,6026.0,3.88,2.0,288.686,-11.382517,12.4401,756.615,CANDIDATE
7187.01,350064389,PC,2.1570981,1.688,8963.0,,,,,,,283.864186,18.964689,13.38,711.451,CANDIDATE
7188.01,317849098,PC,4.773664,3.987,9489.0,,,,,,,275.009695,11.21051,12.2275,640.184,CANDIDATE
7189.01,18885659,PC,2.8890956,2.232,36105.0,12.4627,867.0,94.1363,3643.0,4.66,0.59,273.037898,2.188262,13.8273,192.09,CANDIDATE
719.01,184952758,FP,4.109953,4.641,434.0,1.81345,1601.0,1091.8,5653.0,4.46,0.97,128.144178,-36.346818,9.0349,84.7306,FALSE POSITIVE
7190.01,277499689,PC,4.1223508,3.103,9275.0,11.9742,1337.0,532.039,6116.7,,1.28,268.642503,11.678194,11.854,,CANDIDATE
7191.01,364007087,PC,5.6604695,4.651,3523.0,8.32101,1340.0,536.569,5711.0,4.04,1.6,266.981369,22.543736,12.4188,636.574,CANDIDATE
7192.01,123234747,PC,16.3425332,3.985,748.0,3.45358,1325.0,512.943,5946.0,4.52,0.95,281.245834,44.067393,10.3691,166.363,CANDIDATE
7193.01,325086150,FP,5.4934218,3.658,18470.0,17.1065,1192.0,335.209,6028.0,4.29,1.25,268.665324,3.68699,11.9742,421.48,FALSE POSITIVE
7194.01,24499407,PC,4.167309,4.056,7537.0,12.5792,1625.0,1160.33,6552.0,4.17,1.59,271.876724,11.330061,12.5502,828.804,CANDIDATE
7195.01,62682198,PC,3.8242663,2.337,20057.0,13.0807,1010.0,173.28,5211.0,4.39,1.0,269.093655,-0.491936,12.8559,336.71,CANDIDATE
7196.01,39464158,PC,2.7998534,1.415,27117.0,12.343,755.0,54.1418,4412.0,4.55,0.73,263.018737,34.379808,13.3874,275.204,CANDIDATE
7197.01,415377888,PC,2.5122863,2.23,11307.0,15.8933,1484.0,806.804,6156.0,4.14,1.53,276.899502,5.453143,13.0147,754.266,CANDIDATE
7198.01,317170536,PC,4.2271814,3.25,15027.0,13.559,1270.0,433.056,5913.0,4.31,1.2,280.261211,28.442042,13.0084,661.423,CANDIDATE
7199.01,310586478,PC,3.1540886,1.662,23864.0,11.8788,803.0,69.3081,4521.0,4.55,0.74,284.563342,-12.472988,13.1385,253.784,CANDIDATE
720.01,131419878,FP,3.16043,1.922,203.33,2.38866,1388.0,616.95,6482.3,4.21,1.52,118.037196,-37.799016,8.8154,151.634,FALSE POSITIVE
7200.01,205044976,PC,5.0660693,2.042,18438.0,12.5338,827.0,77.8993,5269.0,4.4,1.0,288.992867,-10.525068,13.3775,492.764,CANDIDATE
7201.01,159893748,PC,7.2229767,4.132,16049.0,,1061.0,210.76,5753.1,,,269.537642,38.475868,13.129,532.126,CANDIDATE
7202.01,116262653,PC,7.7600907,1.477,16068.0,16.1727,640.0,27.9358,5940.0,4.27,1.27,268.053549,39.591927,13.3328,848.758,CANDIDATE
7203.01,44388479,PC,5.7351935,2.927,18384.0,9.87741,900.0,108.999,5042.0,4.59,0.77,267.339012,12.649502,13.4285,375.023,CANDIDATE
7204.01,71083829,PC,3.8080897,2.916,8079.0,11.3715,1382.0,606.114,6343.0,4.26,1.38,301.736864,-8.701088,11.5415,425.046,CANDIDATE
7205.01,345009464,PC,3.4844157,2.963,11801.0,11.7346,1362.0,572.114,5917.0,4.38,1.11,296.828282,13.119724,13.335,694.793,CANDIDATE
7206.01,120313529,PC,3.5689392,0.9,3138.0,7.89993,823.0,76.3043,6326.0,4.28,1.35,284.597795,38.145812,12.6594,730.775,CANDIDATE
7207.01,342276668,PC,12.0080349,4.649,2736.0,7.16846,,211.426,6554.0,,1.5,295.712167,14.194223,11.0587,387.323,CANDIDATE
7208.01,388371132,PC,3.6366231,3.385,8385.0,12.4438,1441.0,717.115,5978.0,4.16,1.44,300.258294,13.392295,12.4574,620.15,CANDIDATE
7209.01,425706173,PC,2.6343177,4.765,3792.0,13.5381,2563.0,7168.32,7495.0,3.92,2.39,288.208639,28.950899,12.6037,1488.49,CANDIDATE
721.01,38571020,PC,12.2877358,4.445,315.0,2.09232,935.0,127.181,6008.62,4.21807,1.3,63.199385,-64.347805,10.1805,206.294,CANDIDATE
7210.01,466928064,PC,2.2609143,1.972,3320.0,13.2504,1821.0,1826.44,6453.0,,2.2,311.73374,1.824063,12.0768,975.125,CANDIDATE
7211.01,374800835,PC,10.548504,2.901,7496.0,7.83737,717.0,44.0719,5421.0,4.48,0.92,308.295413,10.706462,12.2983,322.309,CANDIDATE
7212.01,377253700,PC,75.6979471,6.261,6920.0,6.79508,390.0,3.85902,5422.0,4.49,0.91,286.125676,59.85935,12.5661,368.476,CANDIDATE
7213.01,336264393,PC,36.9870862,3.771,5950.0,8.83849,558.0,16.1862,6110.1,4.38,1.14,281.454859,40.830761,12.5392,543.434,CANDIDATE
7214.01,251803342,PC,8.9093753,4.595,9278.0,13.9451,1148.0,289.201,6375.0,4.11,1.65,296.93748,-3.802666,12.8891,884.34,CANDIDATE
7215.01,23912656,PC,2.7705702,2.502,10283.0,,,,,,,313.272302,-7.474875,12.368,637.06,CANDIDATE
7216.01,69436501,PC,3.1243759,3.93,6498.0,12.9639,1579.0,1034.01,5477.0,3.95,1.71,291.820807,12.282756,12.9812,635.773,CANDIDATE
7217.01,151760597,PC,3.9859545,3.729,6488.0,13.1539,1357.0,563.839,5566.0,3.96,1.71,305.033226,-6.073279,12.3942,647.965,CANDIDATE
7218.01,279331929,PC,4.9030173,3.098,4872.0,11.3707,1143.0,284.216,5663.0,4.01,1.64,299.229685,23.001848,12.0952,552.389,CANDIDATE
7219.01,242674266,PC,2.9069573,1.568,12330.0,13.8539,1144.0,285.031,5744.0,4.28,1.22,293.952459,-9.613936,11.9146,329.719,CANDIDATE
722.01,38509907,PC,15.3004892,3.1952319,1265.2897827,2.3968761,518.5040418,17.0816408,4082.0,4.63162,0.660762,62.379568,-62.850656,11.9755,57.6851,CANDIDATE
7220.01,344416349,FP,7.8365317,2.271,4532.0,16.9425,986.0,157.252,6167.0,3.82,2.21,304.097356,11.829675,11.86,747.966,FALSE POSITIVE
7221.01,110828766,PC,1.6233128,2.169,22087.0,,,,,,,297.606918,2.067149,13.3537,938.775,CANDIDATE
7222.01,466890210,PC,5.1869453,4.736,2193.0,10.1814,1576.0,1024.95,6018.0,3.66,2.59,311.10033,3.037627,11.7068,816.499,CANDIDATE
7223.01,157808355,PC,5.3384038,3.152,4170.0,13.2522,1245.0,399.203,6250.7,3.88,2.1,280.255525,38.209442,13.325,1510.58,CANDIDATE
7224.01,466966249,PC,5.5698339,3.807,4318.0,8.79181,1589.0,1060.74,6500.0,4.22,1.48,312.205584,5.082423,12.0776,633.285,CANDIDATE
7225.01,209320688,PC,9.7461668,4.218,3751.0,8.3598,1071.0,218.681,6319.0,4.13,1.6,288.713507,9.949236,11.8425,468.929,CANDIDATE
7226.01,350268913,PC,3.5191197,3.162,11040.0,,,,,,,284.1848,20.025821,13.0054,713.119,CANDIDATE
7227.01,287948915,PC,2.3593338,2.092,10088.0,10.8435,1546.0,949.236,6613.0,4.49,1.1,301.044722,23.66691,12.9248,648.745,CANDIDATE
7228.01,397653875,PC,2.9324083,2.758,10392.0,13.5533,1883.0,2087.79,7696.0,4.38,1.44,288.257373,13.150781,12.9816,653.857,CANDIDATE
7229.01,363040636,PC,16.7880823,2.882,11919.0,,,,,,,304.728757,20.391709,13.018,1230.4,CANDIDATE
723.01,177077336,PC,1.4178596,1.452,204.0,1.10894,1284.0,452.395,4907.96,4.57809,0.76,103.243335,-70.641686,10.0686,80.9812,CANDIDATE
7230.01,238239232,PC,4.3041912,2.64,19405.0,12.2161,925.0,121.87,4856.0,4.42,0.91,298.647053,-8.656845,13.4721,421.043,CANDIDATE
7231.01,89362689,PC,11.0658881,2.254,13656.0,16.7803,721.0,45.0942,5617.0,4.14,1.4,289.7986,28.916802,12.8434,644.029,CANDIDATE
7232.01,282113152,PC,3.3221412,1.052,63580.0,20.0829,472.0,8.30847,3300.0,4.77,0.46,309.521934,8.418013,14.0292,,CANDIDATE
7233.01,394924803,PC,3.8413801,3.631,11058.0,,,,,,,291.569277,32.648702,13.1494,1009.3,CANDIDATE
7234.01,418629890,PC,3.4202745,3.766,7438.0,11.984,1610.0,1117.08,6095.0,4.09,1.6,300.418972,11.370499,12.6402,811.163,CANDIDATE
7235.01,20607624,PC,3.4940194,2.014,8323.0,,,,,,,284.371343,34.898216,10.84,663.6794,CANDIDATE
7236.01,374521355,PC,4.626302,3.09,11063.0,11.742,1225.0,374.784,5990.0,4.3,1.22,305.811945,6.004746,13.4732,855.527,CANDIDATE
7237.01,439598736,PC,5.7694396,4.625,5455.0,,,,,,,297.726141,-5.042412,12.635,521.956,CANDIDATE
7238.01,251743761,PC,3.930467,2.281,19093.0,12.1575,913.0,115.741,4913.0,4.43,0.91,296.655105,-3.451828,12.5489,265.571,CANDIDATE
7239.01,383364626,PC,14.3938942,3.298,6518.0,11.5455,937.0,127.979,6891.0,4.28,1.46,311.779447,6.086982,10.88,395.963,CANDIDATE
724.01,339961200,PC,3.21264,0.6006982,510.1236296,2.0575829,1085.2180486,327.7849685,5330.0,4.51,0.88283,112.555258,-58.53966,9.7333,95.3452,CANDIDATE
7240.01,41839508,PC,6.8911882,4.811,4518.0,9.10101,1420.0,675.78,6628.0,4.22,1.52,285.662075,32.036396,12.9258,978.239,CANDIDATE
7241.01,456401439,PC,6.3377947,1.639,9130.0,12.6346,,115.676,5974.0,,1.22,305.773054,15.801685,11.629,346.341,CANDIDATE
7242.01,426122272,PC,2.9383886,3.088,13226.0,17.0131,1519.0,883.823,6059.0,4.12,1.54,287.714735,34.80428,12.371,675.638,CANDIDATE
7243.01,288953761,PC,3.7352012,2.892,14256.0,13.2011,1253.0,410.022,5816.0,4.32,1.18,276.720157,40.503185,13.434,789.12,CANDIDATE
7244.01,435673126,FP,11.5175506,4.259,12852.0,12.9592,1099.0,242.58,6259.0,4.32,1.27,297.492646,25.281761,13.1744,675.863,FALSE POSITIVE
7245.01,305026599,PC,1.6877647,2.189,1655.0,5.76677,1949.0,2396.94,6599.0,4.26,1.44,304.521281,18.961127,11.7356,535.016,CANDIDATE
7246.01,407135911,PC,2.5698331,2.412,10411.0,,,,,,,287.613884,27.756825,12.9658,582.964,CANDIDATE
7247.01,51318828,FP,6.8782937,4.407,11342.0,14.876,1123.0,264.312,5657.0,4.18,1.35,305.113423,12.308937,11.3321,322.258,FALSE POSITIVE
7248.01,358975793,PC,3.8148598,1.404,8744.0,12.6261,978.0,152.211,6425.6,4.27,1.39,283.992095,27.341106,12.9402,830.91,CANDIDATE
7249.01,219089784,PC,6.0387706,1.637,29537.0,6.86956,422.0,5.28643,3374.0,4.82,0.41,268.920722,67.144145,14.9881,186.949,CANDIDATE
725.01,410245915,FP,0.9889446,1.681,979.0,7.2993,,33896.0,6173.3,4.22,1.5,133.964876,-20.274779,10.2658,272.834,FALSE POSITIVE
7250.01,459728249,PC,8.9653531,1.893,7094.0,9.63776,707.0,41.5232,5977.0,4.36,1.15,315.563942,10.332325,12.2685,471.411,CANDIDATE
7251.01,298291597,PC,11.5588657,2.368,4691.0,5.14186,581.0,19.016,5029.0,4.56,0.8,308.646655,27.357715,12.4963,260.179,CANDIDATE
7252.01,289047954,PC,1.4207284,1.988,4092.0,5.86248,1762.0,1601.42,5868.0,4.53,0.93,305.17286,21.980879,13.1872,549.394,CANDIDATE
7253.01,383358873,PC,5.4240992,2.487,2519.0,5.12394,935.0,127.083,5386.0,4.41,1.0,311.716589,8.872931,11.7715,271.363,CANDIDATE
7254.01,260767135,PC,5.0769983,1.171,3683.0,10.9525,782.0,62.3468,6271.0,3.97,1.9,326.310844,36.46438,11.8653,630.416,CANDIDATE
7255.01,166099360,PC,1.6831237,1.382,2192.0,10.0219,1469.0,774.318,6264.0,3.92,2.0,317.558464,35.900058,12.6221,1030.1,CANDIDATE
7256.01,334798754,PC,8.5748036,11.208,795.0,9.07655,1931.0,2309.44,5168.0,,3.58,253.294214,57.063011,11.6578,852.266,CANDIDATE
7257.01,274057129,PC,1.0495702,1.54,573.0,3.76017,2006.0,2691.99,6222.0,4.2,1.44,316.42555,45.579939,11.5276,436.619,CANDIDATE
7258.01,298189225,PC,6.2384297,2.066,13808.0,12.6929,865.0,93.3127,5448.0,4.34,1.1,308.516047,24.241065,13.033,539.563,CANDIDATE
7259.01,160103855,PC,16.4591808,5.575,4396.0,8.17474,883.0,101.082,5975.0,4.21,1.37,321.945002,32.584881,12.1708,513.184,CANDIDATE
726.01,174143743,FP,0.46132,1.32,220.0,1.89253,2983.0,13156.0,6629.0,4.41,1.21,113.88333,-36.386962,10.1007,206.755,FALSE POSITIVE
7260.01,418866096,PC,6.6308943,1.72,6379.0,10.415,728.0,46.6475,5410.1,4.27,1.18,331.280755,4.358891,12.2011,394.746,CANDIDATE
7261.01,297413553,PC,2.3273503,1.74,11266.0,13.0392,1288.0,457.84,5957.0,4.24,1.31,313.418636,47.86839,13.4962,673.445,CANDIDATE
7262.01,87932853,PC,6.4093679,3.114,11126.0,9.96563,1014.0,175.697,5792.0,4.49,0.96,312.118829,16.407468,12.3598,396.313,CANDIDATE
7263.01,269130683,PC,49.2145201,4.537,3135.0,7.69521,519.0,12.1274,6657.0,4.21,1.55,299.624335,42.804441,10.7836,378.344,CANDIDATE
7264.01,258279359,PC,10.5637482,2.227,9607.0,10.598,641.0,28.1932,5533.0,4.36,1.08,314.534806,12.689456,13.4315,650.78,CANDIDATE
7265.01,275717567,PC,4.1723,1.684,46257.0,10.1574,508.0,11.1296,3392.0,4.75,0.49,318.704018,45.925909,14.0157,143.97,CANDIDATE
7266.01,125695940,PC,3.8789319,4.488,4722.0,10.7771,,1252.01,6148.0,,1.3,316.133987,12.642488,11.679,432.431,CANDIDATE
7267.01,276385231,PC,10.3486661,5.78,5059.0,8.85088,1105.0,248.334,5748.0,4.18,1.36,308.094154,57.134877,13.4182,730.18,CANDIDATE
7268.01,406548952,PC,13.5647678,3.17,10194.0,7.43045,663.0,32.2046,5528.0,,0.77,309.05608,22.030123,12.8391,464.942,CANDIDATE
7269.01,267817947,PC,11.656295,2.665,2171.0,2.94972,496.0,10.0605,4004.0,4.6,0.66,293.484598,57.028438,12.6975,141.905,CANDIDATE
727.01,149788158,PC,4.7244442,0.999,1480.0,1.97562,441.0,6.29202,3653.0,4.74,0.5,130.736931,-2.498585,11.0002,42.972,CANDIDATE
727.02,149788158,PC,0.7499711,1.0576059,441.8866633,1.0797147,1005.0705332,241.1610487,3653.0,4.74,0.497204,130.736931,-2.498585,11.0002,42.972,CANDIDATE
7270.01,184527843,PC,8.9197222,2.763,4742.0,12.1831,912.0,114.929,6348.0,4.04,1.78,296.511984,37.4287,12.716,924.716,CANDIDATE
7271.01,63232997,PC,7.1304113,3.081,4490.0,12.869,1006.0,170.387,6014.0,3.91,1.93,319.758472,51.430695,12.5873,738.872,CANDIDATE
7272.01,398099429,PC,7.5801393,5.019,3799.0,11.334,1237.0,389.626,5860.0,3.8,2.16,313.091003,16.166785,12.5626,974.98,CANDIDATE
7273.01,63550960,APC,2.2473177,1.325,6242.0,13.2774,1194.0,338.373,6037.8,,1.68,308.498826,38.179638,12.1475,419.676,CANDIDATE
7274.01,83299322,PC,8.908871,1.142,70444.0,8.82119,270.0,0.888904,3267.0,4.91,0.31,297.6468,35.734048,14.6826,107.811,CANDIDATE
7275.01,172376068,FP,6.1211661,2.501,4248.0,6.22933,,157.1,6011.2,,1.02,299.485693,41.118389,12.585,633.994,FALSE POSITIVE
7276.01,267808774,PC,14.2317652,8.372,912.0,8.27506,1186.0,328.667,5914.0,3.46,3.21,293.082301,56.889553,12.0813,1171.83,CANDIDATE
7277.01,396723723,PC,7.915274,4.614,13798.0,12.1673,1082.0,227.626,5638.0,4.38,1.07,315.462115,2.456847,13.3795,645.223,CANDIDATE
7278.01,170440216,PC,7.6316525,3.452,30467.0,15.8297,910.0,114.247,5655.0,4.48,0.95,298.219091,37.773773,13.4783,608.197,CANDIDATE
7279.01,41067039,PC,3.1168715,1.742,31842.0,10.6888,677.0,35.047,3734.0,4.64,0.61,301.623552,40.771282,14.9114,357.392,CANDIDATE
728.01,96097215,FA,1.60245,0.312,890.0,4.69411,759.0,55.2437,5648.0,,0.98,146.891712,-7.33087,10.5656,172.097,FALSE POSITIVE
7280.01,396731435,APC,0.4246068,0.486,1952.0,5.92869,1574.0,1020.09,5576.0,4.54,0.88,328.736322,11.271785,12.7871,402.156,CANDIDATE
7281.01,198358065,PC,4.3095502,0.224,17371.0,6.9571,191.0,0.22435,3195.0,4.97,0.27,256.418119,58.174118,14.654,84.8926,CANDIDATE
7282.01,387346503,PC,5.3346707,3.181,11290.0,11.1383,1056.0,207.179,5509.3,4.37,1.07,317.01442,2.691209,13.1439,546.966,CANDIDATE
7283.01,298189384,PC,9.0612809,6.985,1732.0,5.2778,1358.0,565.894,5876.0,4.09,1.54,308.504216,24.188255,11.4542,420.278,CANDIDATE
7284.01,96885837,APC,0.8760587,0.969,2336.0,14.6319,2535.0,6863.73,6306.0,4.23,1.41,323.069819,16.018901,12.5965,708.379,CANDIDATE
7285.01,60446303,PC,2.1384533,1.111,1240.0,5.69421,1292.0,463.718,6708.0,4.29,1.41,319.814146,17.988383,11.2298,426.584,CANDIDATE
7286.01,452741216,PC,10.7994273,4.858,9221.0,8.75386,924.0,121.012,5548.0,4.44,0.99,327.750007,29.710001,12.7283,434.806,CANDIDATE
7287.01,199417958,PC,3.9258703,2.993,7452.0,,,,,,,307.020781,30.18179,12.7478,575.709,CANDIDATE
7288.01,405689470,PC,7.9871247,2.382,1897.0,2.82685,614.0,23.6315,4254.0,4.6,0.68,286.078635,51.023079,12.1096,132.076,CANDIDATE
7289.01,291976834,PC,2.855993,2.734,9706.0,13.1033,1443.0,721.319,5780.4,4.15,1.43,322.734808,9.98829,12.3769,587.729,CANDIDATE
729.01,144138509,PC,,2.9940024,1351.8684487,4.6946202,404.3434586,6.3171718,6023.2,4.05,1.23299,176.035412,-9.948864,10.5568,235.665,CANDIDATE
7290.01,62501513,PC,3.776966,3.671,9271.0,18.6742,1788.0,1698.56,6446.0,3.97,1.96,318.927621,51.246027,12.4646,720.361,CANDIDATE
7291.01,233533589,PC,23.9712428,1.645,2387.0,4.14138,355.0,2.63928,5238.0,4.5,0.88,280.421214,60.84533,12.2089,282.083,CANDIDATE
7292.01,160255140,PC,10.641726,3.708,10160.0,11.6462,873.0,96.5342,5945.0,4.34,1.17,322.253333,33.396931,13.4003,770.531,CANDIDATE
7293.01,417514666,PC,3.3202789,3.766,7240.0,12.3769,1719.0,1451.25,6443.0,4.11,1.66,308.666374,17.881939,12.4712,833.205,CANDIDATE
7294.01,42110638,PC,1.6047466,2.097,5940.0,16.7831,2401.0,5519.73,5972.0,4.26,1.28,302.221812,40.03413,13.0581,708.537,CANDIDATE
7295.01,99796664,APC,0.7729056,1.022,2749.0,7.49558,1861.0,1994.5,6269.0,4.36,1.21,310.224343,29.940155,13.0363,703.22,CANDIDATE
7296.01,233735354,PC,170.3363911,4.173,12411.0,11.6916,264.0,0.817488,5621.0,4.46,0.97,277.708844,60.451218,12.8771,485.38,CANDIDATE
7297.01,418375357,PC,8.1563148,1.852,12127.0,11.3761,779.0,61.3234,6366.8,,1.02,313.383248,5.47318,13.0138,825.989,CANDIDATE
7298.01,276909255,PC,5.2554768,2.109,935.0,2.63423,872.0,96.3543,5298.0,4.53,0.86,309.272167,55.490972,11.2213,178.749,CANDIDATE
7299.01,85216969,PC,2.7299474,1.104,10021.0,9.63983,863.0,92.4998,5289.0,4.44,0.95,311.940071,15.302412,12.9491,416.689,CANDIDATE
730.01,11561667,CP,3.0876297,2.2386246,40411.8142459,13.9011294,798.0423026,95.8571812,4105.0,4.438,0.69386,149.823667,-27.392817,14.9181,436.176,CONFIRMED
7300.01,125744840,PC,0.6439909,0.645,7794.0,12.6159,1697.0,1377.01,5225.0,4.74,0.66,316.272964,17.734665,13.0055,300.868,CANDIDATE
7301.01,375192273,PC,21.6836634,2.641,1546.0,,,,,,,315.492509,58.490747,11.098,89.08046,CANDIDATE
7302.01,399613138,FP,8.1958135,1.182,8230.0,13.5081,643.0,28.4997,6496.0,4.24,1.45,312.405258,9.845677,12.1245,638.253,FALSE POSITIVE
7303.01,415739607,PC,2.3368358,1.405,5916.0,6.32061,994.0,162.173,4439.0,4.52,0.76,333.904931,9.078163,10.8249,91.8416,CANDIDATE
7304.01,321785052,PC,3.4977997,0.475,4914.0,9.16409,,11.8757,5209.0,,0.92,317.783491,8.411759,12.3846,327.383,CANDIDATE
7305.01,262148317,PC,13.9753579,4.503,14290.0,9.70261,798.0,67.5689,5382.0,4.54,0.86,318.717595,7.671521,13.4847,503.368,CANDIDATE
7306.01,418543326,PC,6.1418356,3.525,18607.0,16.0656,1105.0,248.373,5918.5,,1.25,322.352903,36.603412,13.4192,687.886,CANDIDATE
7307.01,372077289,PC,23.955645,6.011,6259.0,11.1033,1028.0,186.029,6609.0,4.21,1.53,324.585335,41.176051,12.1023,619.364,CANDIDATE
7308.01,287768299,PC,3.7002646,4.459,7616.0,13.9231,2648.0,8170.39,6971.0,4.28,1.48,327.285318,33.531506,12.4978,811.081,CANDIDATE
7309.01,161687285,PC,7.7561532,2.036,14454.0,5.98246,541.0,14.2212,3462.0,4.78823,0.44,235.997005,58.155163,14.1288,146.612,CANDIDATE
731.01,34068865,CP,0.3219233,0.199,204.0,2.66076,1296.0,469.443,3518.0,4.82492,0.46,146.121464,-45.779016,8.031941,9.41263,CONFIRMED
7310.01,375855364,PC,19.8088367,2.87,9500.0,11.5163,535.0,13.6331,5601.0,4.3,1.17,313.332615,6.368734,13.3341,698.95,CANDIDATE
7311.01,387416841,PC,1.5525382,1.49,7123.0,16.0284,1445.0,724.353,5730.0,3.96,1.75,318.446458,1.178134,12.9141,834.929,CANDIDATE
7312.01,292023054,PC,4.2990991,3.805,6567.0,10.9362,1423.0,681.415,6013.0,4.11,1.53,322.968532,9.789942,11.6721,486.159,CANDIDATE
7313.01,341157650,PC,4.1186706,5.025,3571.0,10.4153,1686.0,1341.62,5998.0,3.91,1.93,310.591373,12.034449,12.4958,878.635,CANDIDATE
7314.01,265887000,PC,2.503415,3.416,1877.0,,,,,,,314.069718,22.186216,12.1678,796.112,CANDIDATE
7315.01,297924888,PC,9.6713674,1.66,3376.0,18.1732,919.0,118.572,5902.0,3.96,1.8,330.171368,21.950463,11.2755,444.299,CANDIDATE
7316.01,301623068,PC,0.7474746,0.327,8713.0,15.8733,675.0,34.5062,3455.0,4.58,0.68,324.630775,15.822229,13.4237,186.058,CANDIDATE
7317.01,427855645,PC,2.9712014,1.241,4680.0,13.3902,1461.0,756.509,7713.0,4.27,1.63,323.656949,39.240725,12.0331,798.82,CANDIDATE
7318.01,387414814,PC,3.4220041,2.448,16151.0,12.6182,1185.0,328.367,5731.0,4.43,1.02,318.324173,2.596101,13.316,633.173,CANDIDATE
7319.01,40093986,PC,2.5918359,3.933,6221.0,15.5459,1843.0,1918.08,5891.0,3.83,2.08,300.405568,40.27888,13.4184,1307.96,CANDIDATE
732.01,36724087,CP,0.7683904,1.0241242,903.9933214,1.1406447,830.8904817,112.6409067,3329.0,4.94957,0.374139,154.644903,-11.717801,10.5848,21.9814,CONFIRMED
732.02,36724087,CP,12.2534308,1.369949,3729.6347091,2.2967944,330.1048127,2.8062634,3329.0,4.94957,0.374139,154.644903,-11.717801,10.5848,21.9814,CONFIRMED
7320.01,279528230,PC,6.6802019,4.664,5941.0,11.1977,1252.0,408.603,5801.0,4.04,1.61,317.304774,18.853503,12.4285,669.515,CANDIDATE
7321.01,423903016,PC,3.0039961,3.621,6490.0,11.6408,1581.0,1038.15,5623.0,4.04,1.59,329.645962,21.860274,13.3081,902.362,CANDIDATE
7322.01,436222251,PC,5.5316291,3.91,4176.0,11.0664,1486.0,809.801,6814.0,4.08,1.83,306.56809,29.318827,13.2688,1065.06,CANDIDATE
7323.01,421330229,PC,4.776694,1.706,1412.0,4.23234,,128.614,5625.0,,1.07,288.863832,55.446795,11.6346,273.432,CANDIDATE
7324.01,210337597,PC,0.5257499,0.864,1028.0,2.60517,1597.0,1079.87,4649.0,4.59,0.73,311.477076,21.453583,11.8096,151.084,CANDIDATE
7325.01,286857537,PC,2.0394246,2.635,9236.0,,,873.894,5392.0,,,313.687198,20.597165,12.2442,493.417,CANDIDATE
7326.01,193081156,PC,5.4584109,4.164,2807.0,10.0716,1431.0,698.046,6309.0,3.83,2.24,304.916905,46.836568,13.1443,1320.54,CANDIDATE
7327.01,279472966,PC,5.0789699,4.451,13539.0,14.979,1365.0,577.413,5826.0,4.14,1.44,317.062808,20.347435,13.4215,908.363,CANDIDATE
7328.01,99025225,PC,12.5069936,5.739,4522.0,,,,,,,305.310296,27.67732,11.883,,CANDIDATE
7329.01,387377484,PC,4.8622127,6.011,3480.0,12.335,1735.0,1506.82,6142.0,3.78,2.29,317.243864,5.909454,12.2993,958.142,CANDIDATE
733.01,106402532,CP,4.8847937,2.51,478.0,1.94753,1076.0,223.094,5969.0,4.5172,0.94,159.409318,-40.888259,8.8411,75.2092,CONFIRMED
7330.01,287444302,PC,2.8411706,1.453,4694.0,13.1053,1231.0,381.338,5801.0,3.94,1.81,326.505177,35.490897,11.9104,551.456,CANDIDATE
7331.01,160512852,PC,6.0011971,1.99,23249.0,14.9116,751.0,52.8207,5265.0,4.37,1.02,323.021492,35.245848,13.1678,484.476,CANDIDATE
7332.01,273069412,FP,3.5399394,3.443,6448.0,8.3436,1383.0,607.406,5234.6,,1.13,315.771492,46.24188,12.3711,459.296,FALSE POSITIVE
7333.01,160585062,PC,6.2644714,2.508,780.0,1.87011,755.0,53.9635,4568.0,4.65,0.67,243.531962,75.916632,12.1567,157.217,CANDIDATE
7334.01,352301423,PC,1.7085226,0.917,2089.0,8.42033,1148.0,288.77,6059.5,,1.61,297.182201,58.384411,13.1543,754.491,CANDIDATE
7335.01,75417968,FP,3.3815776,3.38,9454.0,16.622,1640.0,1203.68,6662.0,4.09,1.78,308.688929,17.403658,11.599,640.585,FALSE POSITIVE
7336.01,271017537,PC,0.5418555,0.776,120.0,0.923696,1585.0,1049.31,4954.0,4.58,0.77,353.525853,65.541448,8.715,44.6892,CANDIDATE
7337.01,323407659,PC,4.2619292,5.145,1109.0,8.15264,2123.0,3376.67,6846.0,3.74,2.72,333.35532,67.394175,9.61315,379.929,CANDIDATE
7338.01,309133240,PC,3.3847215,3.475,612.0,3.52009,2555.0,7078.45,5199.0,4.61,0.77,25.226155,50.300334,8.5565,45.9409,CANDIDATE
7339.01,202059363,PC,4.2470926,4.263,4730.0,14.5276,1576.0,1024.21,6232.3,3.88,2.07,101.400549,9.190722,11.2817,539.085,CANDIDATE
734.01,146846569,FP,4.7535388,1.0905965,225793.1060958,12.1863496,324.1326821,2.6086289,3010.0,5.10976,0.20128,160.889636,-44.621815,15.173,,FALSE POSITIVE
7340.01,238279960,PC,7.4894672,1.826338,2097.1814085,3.9858614,790.9332918,92.4869433,5143.31,4.49913,0.868418,359.799747,17.480854,10.6498,131.621,CANDIDATE
7340.02,238279960,PC,3.4438328,2.325,1276.0,3.03858,1087.0,232.564,5143.31,4.49913,0.87,359.799747,17.480854,10.6498,131.621,CANDIDATE
7341.01,445276138,PC,0.4925418,0.377,545.0,9.14745,2624.0,7880.96,6927.0,4.36,1.34,12.34169,54.824166,9.99274,239.263,CANDIDATE
7342.01,90950296,PC,14.1532848,4.443,8715.0,8.02091,882.0,100.737,5063.0,4.51,0.85,348.707102,29.456551,12.9421,341.908,CANDIDATE
7343.01,44451202,PC,2.1011992,1.267,11915.0,12.4184,1144.0,284.936,5959.8,4.4,1.09,352.369018,29.938692,12.7157,531.536,CANDIDATE
7344.01,17925767,PC,2.4364562,0.978,5295.0,11.3842,1093.0,237.728,6844.0,4.3,1.43,329.060955,28.933934,13.0699,1046.81,CANDIDATE
7345.01,243283955,FP,8.407133,1.272,1490.0,5.06899,620.0,24.6329,6126.0,4.25,1.33,288.67018,55.354578,11.9125,488.546,FALSE POSITIVE
7346.01,113542042,PC,1.7687035,1.792,6765.0,,,,,,,355.897417,23.307273,12.9846,531.89,CANDIDATE
7347.01,233747840,PC,60.8344877,6.109,42343.0,11.4643,323.0,1.82253,3736.0,4.73,0.51,302.656872,53.950244,14.446,227.337,CANDIDATE
7348.01,289345412,PC,3.3390124,0.433,3534.0,8.75979,536.0,13.7384,4436.0,4.53,0.75,315.170364,52.614379,12.3366,176.341,CANDIDATE
7349.01,129198098,PC,2.980341,3.635,11829.0,15.4918,1709.0,1416.28,6283.8,,1.57,342.111782,39.33877,13.2372,844.421,CANDIDATE
735.01,150271680,FP,2.593694,3.054429,526.784827,2.980736,367.7863249,4.3241755,5316.6,3.88,1.28725,94.754704,-63.864708,9.5215,121.755,FALSE POSITIVE
7350.01,257052211,FP,2.2175244,2.462,1682.0,7.18798,2023.0,2781.41,7406.0,4.1,1.92,329.918472,41.516288,10.5702,466.499,FALSE POSITIVE
7351.01,43921512,PC,3.8405138,1.438,8163.0,14.6684,947.0,133.741,6123.9,4.2,1.42,339.584606,26.462127,13.4407,1042.74,CANDIDATE
7352.01,411347315,FP,4.0662367,3.721,6676.0,10.981,1364.0,574.869,5689.0,4.1,1.49,337.38837,18.688473,13.1678,849.015,FALSE POSITIVE
7353.01,256778317,PC,6.2157513,3.295,4008.0,10.0556,1113.0,255.39,6015.2,4.05,1.65,329.222214,39.356756,12.3053,629.759,CANDIDATE
7354.01,259415341,PC,3.648769,2.156,1202.0,15.7865,994.0,162.493,4939.0,,4.61,316.568639,48.795529,11.5882,732.535,CANDIDATE
7355.01,160652910,PC,3.6814233,5.084,3225.0,13.5757,1778.0,1660.91,5956.0,3.65,2.57,323.247185,33.454096,13.0513,1401.9,CANDIDATE
7356.01,402992891,PC,17.3986129,3.485,2584.0,3.8996,648.0,29.3479,5589.0,4.62,0.8,357.409571,11.091788,11.0144,164.15,CANDIDATE
7357.01,270494650,PC,60.3541599,6.682,2598.0,6.66479,734.0,48.3031,5658.0,4.38,1.06,231.256152,72.471217,11.6515,307.53,CANDIDATE
7358.01,258634801,PC,7.0548729,2.44,2068.0,6.61399,864.0,92.7257,5628.6,4.09,1.5,355.27148,8.541698,12.2276,500.308,CANDIDATE
7359.01,18023524,PC,4.3656102,4.791,5746.0,13.4874,1698.0,1380.02,5748.0,3.95,1.78,329.381714,26.175571,13.3997,1151.94,CANDIDATE
736.01,181804752,CP,4.9899176,1.3819654,18931.4105812,2.9858436,312.0570889,2.2410792,2940.0,5.14315,0.17143,165.690484,-16.406444,13.5571,26.4927,CONFIRMED
736.02,181804752,CP,0.9479945,0.564663,4200.52889,1.1926392,542.829237,20.5198379,2940.0,5.14315,0.17143,165.690484,-16.406444,13.5571,26.4927,CONFIRMED
7360.01,258822347,PC,30.7331484,5.473,6436.0,18.2875,840.0,82.7386,5607.0,4.24,1.25,332.869719,18.562272,13.2026,706.661,CANDIDATE
7361.01,120487017,PC,8.2158997,3.659,1177.0,3.37171,1014.0,176.171,5820.0,4.44,1.02,337.227155,39.463724,11.6715,300.566,CANDIDATE
7362.01,430666395,APC,1.1930966,1.196,3691.0,13.2426,1516.0,876.936,5906.0,3.79,2.19,330.216063,31.77863,12.9095,1144.22,CANDIDATE
7363.01,306039307,PC,6.9929558,4.832,5562.0,7.63465,1250.0,405.644,5916.7,4.43,1.05,347.466007,34.665812,13.4117,718.406,CANDIDATE
7364.01,236644754,PC,2.9257773,1.448,6858.0,10.8746,1238.0,391.193,5688.0,4.26,1.24,329.452183,35.402517,12.6976,532.069,CANDIDATE
7365.01,120737368,PC,3.1924816,3.211,14119.0,14.5588,1480.0,798.53,5964.0,4.28,1.26,354.237939,27.906954,13.2497,772.216,CANDIDATE
7366.01,21349099,PC,3.753877,1.209,7099.0,6.20384,585.0,19.4458,4049.0,4.55,0.7,351.210687,30.629596,12.6275,145.189,CANDIDATE
7367.01,240535286,PC,2.9814911,2.431,19021.0,13.0485,1364.0,575.825,6168.0,4.57,0.93,323.962083,44.312619,12.3021,363.454,CANDIDATE
7368.01,256783400,PC,33.5792968,4.713,3860.0,8.91632,666.0,32.7484,6294.0,4.22,1.43,329.31887,36.053134,10.9461,341.206,CANDIDATE
7369.01,139350191,PC,10.2887023,2.967,8079.0,9.85033,779.0,61.3136,5853.0,4.4,1.08,344.952498,18.472756,11.5809,301.793,CANDIDATE
737.01,219189765,CP,1.7318529,1.6919639,36359.4301748,12.0299493,778.1172307,86.6365464,3394.0,4.9186,0.615219,171.014792,-19.556959,14.7599,299.389,CONFIRMED
7370.01,97248423,PC,13.3079913,3.42,4804.0,9.05348,796.0,66.8363,5854.4,4.21,1.34,348.801337,17.320768,12.5013,589.45,CANDIDATE
7371.01,452727513,PC,18.9104241,3.243,10263.0,7.90384,498.0,10.2465,4801.0,4.52,0.8,327.791518,24.620511,13.2777,349.236,CANDIDATE
7372.01,369581703,PC,8.508462,2.716,10649.0,13.4917,875.0,97.536,6236.6,4.26,1.34,346.401234,34.257064,12.7919,745.79,CANDIDATE
7373.01,10552342,FP,7.5414411,2.454,16900.0,13.0053,837.0,81.7977,5649.1,4.47,0.96,340.136592,33.823677,12.5058,397.801,FALSE POSITIVE
7374.01,88641387,PC,17.0303122,4.125,8080.0,16.1351,992.0,160.798,5797.0,4.37,1.11,341.431001,13.522818,13.2325,670.314,CANDIDATE
7375.01,395790368,PC,27.1970496,5.476,4620.0,5.40151,672.0,33.8579,5859.0,4.52,0.94,326.654048,48.044159,11.7285,288.327,CANDIDATE
7376.01,245349211,PC,7.4861705,2.425,9456.0,11.6489,928.0,123.231,5658.0,4.34,1.11,346.436934,22.72214,13.4565,630.502,CANDIDATE
7377.01,255998336,PC,6.7735083,2.36,5189.0,7.81582,782.0,62.2808,5080.0,4.27,1.12,304.366738,53.315974,13.283,537.0,CANDIDATE
7378.01,373196394,PC,7.0814677,2.055,1018.0,2.13402,562.0,16.5736,4024.0,4.61,0.65,319.904147,36.103965,10.7934,59.9538,CANDIDATE
7379.01,427715152,PC,10.9911631,1.559,18917.0,21.5876,564.0,16.8854,4915.3,4.34,1.01,351.267408,18.821592,13.2782,452.675,CANDIDATE
738.01,260304800,PC,3.4405946,2.5441317,8647.4527322,8.8966421,1088.5486481,331.8274983,5324.0,4.43563,0.942255,94.535471,-57.558727,12.7474,389.884,CANDIDATE
7380.01,53461742,PC,4.4136877,3.411058,10509.3289627,18.2343114,1567.7720228,1427.7515561,6627.0,4.12522,1.6901799,102.891692,-26.992631,13.2956,1305.98,CANDIDATE
7381.01,52745699,PC,3.1653382,3.4977253,14923.6407951,15.6677026,1486.5025957,1153.9412259,6463.47,4.35821,1.25477,99.255936,-0.810699,13.7471,951.289,CANDIDATE
7382.01,124128680,PC,1.0370296,1.5186096,304.1228723,1.6018171,1560.1259032,1400.1017301,5075.0,4.43767,0.922377,92.193096,-18.048119,9.6069,85.2762,CANDIDATE
7384.01,192833836,PC,6.2335155,1.5179746,13899.3555966,3.9286675,378.3361173,4.8420828,3211.0,4.91063,0.313932,83.103183,-39.83425,13.694,66.7902,CANDIDATE
7385.01,235072851,PC,3.1191196,2.0922004,24617.3354776,11.4433015,945.2243136,188.65162,5036.0,4.6554,0.71363,86.144122,-45.268456,13.709,415.951,CANDIDATE
7386.01,296354161,PC,6.0042191,6.3533818,6642.539062,15.9733684,1453.5532398,1054.9813337,6226.0,3.94871,1.92428,125.348879,-13.507755,12.3256,879.397,CANDIDATE
7387.01,300381700,PC,9.0856617,2.9738059,6003.3964722,12.2780704,1059.6385441,297.9559009,5999.0,4.18213,1.41459,111.340399,-67.067351,12.4307,597.533,CANDIDATE
7388.01,124573902,APC,0.3328569,0.3988306,767910.313098,,2630.0028276,11306.960198,5780.0,4.438,,158.903163,-5.355998,17.007,164.011,CANDIDATE
7389.01,224603921,PC,26.345109,6.144,130.0,1.2912,1093.0,237.78,5895.0,4.33659,1.16,255.336281,56.988187,8.86873,100.677,CANDIDATE
739.01,279425357,PC,9.0150439,1.6002059,4800.0853698,12.2284921,944.6322163,188.1793714,6083.61,4.3203,1.1584001,104.991003,-57.618675,11.6049,340.416,CANDIDATE
7390.01,160075684,PC,81.3716681,4.8546107,924.1311645,1.643195,228.515378,0.6444404,3861.0,4.70582,0.536259,221.073421,84.44857,11.4148,61.7605,CANDIDATE
7391.01,258776466,PC,7.4108495,1.9719278,1257.5647375,1.5612416,433.383473,8.3370112,3578.0,4.8114,0.416718,286.469051,70.637486,12.7294,73.2382,CANDIDATE
7392.01,198178859,PC,7.3050577,3.2531651,180.4217296,1.3350551,852.5614028,124.8600979,5382.0,4.47248,0.928396,244.281332,60.021122,10.0976,120.234,CANDIDATE
7393.01,165598669,PC,3.3370666,1.4698923,31534.6212557,13.8579058,739.8172112,70.7976307,3846.77,4.52283,0.696696,227.359837,55.981056,13.4832,189.038,CANDIDATE
7394.01,161687211,PC,1.2529966,1.2067305,31852.8076269,11.6123427,917.7164642,167.6312929,3722.0,4.65666,0.593558,236.055193,58.552762,13.7088,189.986,CANDIDATE
7397.01,259238498,PC,26.6796741,5.5665696,367.923381,2.0546727,659.814664,44.7928664,6339.0,4.49485,1.0493799,293.058398,70.889085,10.7974,231.907,CANDIDATE
7398.01,122706449,PC,2.6068332,2.2458943,5122.0262322,7.2660515,1324.3547704,727.0066153,5780.0,4.438,1.0,290.93666,40.124851,13.8836,1270.53,CANDIDATE
7399.01,233194447,PC,,14.4476548,374.6741409,4.4092605,296.3873043,1.8237252,6582.0,3.89425,2.1891201,263.949937,66.758971,8.71433,207.771,CANDIDATE
740.01,310009611,PC,2.131225,3.006,479.0,1.98371,2167.0,3661.38,5776.0,4.40631,0.97,152.118034,-50.307503,9.529,115.091,CANDIDATE
7400.01,333324340,PC,1.8289577,1.166,27211.0,11.0874,750.0,52.7898,3835.0,4.61,0.65,353.488442,37.391404,14.903,397.982,CANDIDATE
7401.01,177697418,PC,4.3181867,3.557,4899.0,13.8846,1411.0,658.826,6139.3,3.87,2.08,359.941195,47.650312,12.8837,1136.26,CANDIDATE
7402.01,455733237,PC,14.3640841,4.424,1678.0,4.01769,1000.0,166.31,6070.0,4.39,1.12,357.166282,40.529933,10.3782,194.345,CANDIDATE
7403.01,173706852,PC,10.1170644,2.991,18151.0,14.1869,720.0,44.8165,5456.2,4.38,1.04,349.101843,42.095481,13.0102,494.296,CANDIDATE
7404.01,352409708,PC,1.463442,3.42,3135.0,11.5534,2517.0,6669.25,6456.6,3.85,2.26,15.653483,40.927114,12.3047,1074.28,CANDIDATE
7405.01,374173310,PC,15.4474502,1.785,31272.0,9.61675,297.0,1.30676,3635.0,4.68,0.56,347.441152,36.52387,14.7013,274.983,CANDIDATE
7406.01,173615288,PC,2.8885639,2.662,6060.0,11.9765,1528.0,905.611,6207.0,4.11,1.59,348.633246,47.318984,11.8685,542.965,CANDIDATE
7407.01,439939258,PC,4.4640046,1.764,9715.0,18.4255,1137.0,278.086,5672.6,4.49,0.94,0.990191,47.46846,12.9943,470.7,CANDIDATE
7408.01,202648961,PC,8.0242387,2.189,4500.0,10.0363,740.0,49.9979,5531.0,4.07,1.5,7.539974,50.746432,12.7693,654.033,CANDIDATE
7409.01,432224130,PC,2.6800806,1.828,6267.0,13.7764,1288.0,457.835,6164.0,4.05,1.69,352.579845,30.717768,12.5455,772.454,CANDIDATE
741.01,359271092,CP,7.5768334,2.073,289.0,0.867887,629.0,26.1371,3766.0,4.75957,0.53,140.399376,-60.281169,7.66874,10.454,CONFIRMED
7410.01,352107384,PC,3.5043637,0.536,1877.0,5.28288,615.0,23.8843,6000.0,4.41,1.09,357.431948,33.443368,10.9417,246.196,CANDIDATE
7411.01,440001383,PC,3.1551543,2.97,6608.0,11.3807,1438.0,710.749,5808.3,4.11,1.5,2.541349,44.255949,13.1482,871.387,CANDIDATE
7412.01,177494632,PC,1.7636086,1.346,2047.0,5.7502,1392.0,624.378,6201.0,4.33,1.23,358.651148,46.647524,11.7668,425.523,CANDIDATE
7413.01,154480367,PC,3.8037696,1.507,20290.0,4.54584,514.0,11.636,3326.0,4.91,0.32,343.186534,47.564703,14.6635,114.604,CANDIDATE
7414.01,127426341,PC,7.899462,1.721,8727.0,11.0515,634.0,26.868,5461.1,4.28,1.17,6.042555,39.108659,12.3016,412.431,CANDIDATE
7415.01,374177909,FP,0.1638211,0.492,14983.0,2.5995,1694.0,1369.85,3314.0,4.94,0.29,347.593973,41.143636,14.2981,85.964,FALSE POSITIVE
7416.01,191373021,PC,0.3013943,0.407,4894.0,7.35109,1646.0,1219.13,5223.8,4.6,0.78,10.260932,43.056514,12.8953,341.637,CANDIDATE
7417.01,25624952,FP,3.1239462,2.102,5224.0,18.1791,1346.0,545.644,6159.0,3.75,2.4,352.345492,53.616702,13.222,1402.62,FALSE POSITIVE
7418.01,291732201,PC,6.7415334,3.446,23765.0,15.348,1008.0,171.945,5896.0,4.51,0.95,358.842207,41.359742,11.8802,308.987,CANDIDATE
7419.01,199296714,PC,1.3777496,1.862,2957.0,8.96319,1942.0,2361.29,6461.0,4.09,1.71,334.241001,46.924381,13.1291,1163.61,CANDIDATE
742.01,373424049,FP,0.963081,2.378514,244.261214,2.727644,3166.006188,23744.773941,8688.0,4.32187,1.68698,140.056794,-53.119685,8.6333,227.265,FALSE POSITIVE
7420.01,259188347,PC,25.5249554,3.66,50048.0,,,,,,,350.770489,38.468237,13.4473,265.273,CANDIDATE
7421.01,354478327,PC,0.3489261,0.31,1107.0,5.03606,1793.0,1715.88,5086.7,4.59,0.78,358.147057,37.52044,12.0377,208.617,CANDIDATE
7422.01,302477411,PC,3.3593261,5.044,4811.0,15.4019,1724.0,1466.55,5547.0,3.69,2.34,41.879119,53.286479,13.2807,1044.42,CANDIDATE
7423.01,279871772,PC,2.889977,2.528,466.0,2.56976,1445.0,724.197,5949.0,4.27,1.26,354.282479,66.823475,10.8701,263.949,CANDIDATE
7424.01,61520064,PC,3.1271505,2.492,4435.0,6.0926,1255.0,412.075,5414.0,4.49,0.91,25.305352,32.400416,12.7599,400.632,CANDIDATE
7425.01,285592400,PC,1.2815706,2.23,13655.0,18.9642,2043.0,2895.35,6327.0,4.12,1.6,13.132258,64.334238,12.0637,516.534,CANDIDATE
7426.01,186530554,PC,0.766526,0.927,3529.0,8.27135,1688.0,1349.72,5978.7,4.3,1.23,21.022361,38.015562,12.8474,660.292,CANDIDATE
7427.01,422707559,PC,3.5254649,1.013,4544.0,14.1926,722.0,45.1515,5366.0,3.98,1.63,355.019701,68.457971,12.8449,619.561,CANDIDATE
7428.01,13036318,PC,3.1467998,2.128,1939.0,4.88984,1841.0,1907.06,5525.0,4.65,0.78,343.851366,64.445455,12.2457,266.705,CANDIDATE
7429.01,436875993,PC,4.7117395,2.216,3703.0,10.4295,1077.0,223.364,6134.0,4.06,1.67,42.720863,28.873576,13.0455,905.298,CANDIDATE
743.01,434486077,PC,2.2284671,1.5708912,15402.4299594,10.9560053,1125.0679205,378.6482626,5156.0,4.46838,0.824288,156.572646,-23.508063,14.3858,638.972,CANDIDATE
7430.01,264193444,PC,21.4930896,3.609,1244.0,2.38489,501.0,10.4619,4734.0,4.61,0.72,318.657209,78.97961,11.7258,149.191,CANDIDATE
7431.01,347018922,PC,1.1919382,1.404,2692.0,9.57462,1636.0,1190.99,5858.0,3.92,1.87,1.114757,57.32207,13.0852,907.36,CANDIDATE
7432.01,192321638,PC,7.0309061,5.12,3270.0,12.8728,1373.0,590.734,6301.0,3.77,2.39,45.658813,46.40087,12.7717,1267.7,CANDIDATE
7433.01,450012972,PC,1.8179336,3.057,11040.0,18.2536,2182.0,3764.08,6725.0,4.09,1.78,9.433012,57.174841,12.3606,845.779,CANDIDATE
7434.01,250478345,PC,2.4228387,1.829,1617.0,7.64515,1894.0,2140.15,8409.0,4.19,1.92,30.923717,53.90057,12.1594,1128.72,CANDIDATE
7435.01,77258176,PC,4.6821297,4.503,2890.0,10.7143,1399.0,636.265,5565.5,3.83,2.0,40.817122,32.304446,12.9096,823.284,CANDIDATE
7436.01,305830609,PC,4.0616142,2.202,1882.0,13.9054,1249.0,405.221,6525.0,3.54,3.26,12.93336,48.580641,12.1625,1372.43,CANDIDATE
7437.01,73692250,PC,2.5726086,0.927,50028.0,13.0131,493.0,9.86195,3163.0,4.88,0.34,40.081778,35.410409,13.9856,84.913,CANDIDATE
7438.01,387527174,PC,1.1253333,2.394,11926.0,18.1986,2130.0,3420.01,5972.0,4.03,1.68,312.279803,71.381781,13.48,887.927,CANDIDATE
7439.01,335037151,PC,3.5466109,1.84,4463.0,15.6622,1677.0,1314.84,6309.0,4.23,1.41,331.97599,64.138385,13.1632,728.879,CANDIDATE
7440.01,252045206,PC,34.0796886,4.571,22876.0,9.39807,402.0,4.373,4517.4,4.66,0.66,353.571408,56.443492,13.441,268.804,CANDIDATE
7441.01,467602108,PC,2.2351679,1.735,16302.0,14.0205,1349.0,550.693,6229.6,4.45,1.08,48.408615,30.728857,13.1634,647.797,CANDIDATE
7442.01,196389062,PC,2.6358758,2.938,7574.0,14.7769,1775.0,1650.59,6639.0,4.08,1.78,14.91291,46.146486,13.4818,1449.97,CANDIDATE
7443.01,22659404,PC,2.7472062,2.548,12816.0,11.9193,1309.0,487.593,5528.0,4.32,1.13,28.345661,30.310019,12.7658,510.039,CANDIDATE
7444.01,470898625,PC,5.885604,1.87,4046.0,18.5216,902.0,110.217,6294.0,3.66,2.72,42.316239,58.769522,11.8286,763.361,CANDIDATE
7445.01,245665919,PC,6.2144045,2.994,4499.0,,,,,,,40.185561,58.078412,11.1082,217.37,CANDIDATE
7446.01,374122973,PC,3.5044728,2.087,19700.0,13.2582,1014.0,175.819,5367.0,4.43,0.97,31.293062,60.003144,13.4348,463.191,CANDIDATE
7447.01,400503123,PC,1.5016329,1.894,3134.0,9.50525,2090.0,3173.31,7284.0,4.12449,1.84,25.150762,56.057726,10.6796,431.132,CANDIDATE
7448.01,104153474,PC,5.0458476,4.594,9760.0,16.1953,1404.0,645.664,5959.0,4.01,1.7,44.078355,49.377685,12.8502,719.745,CANDIDATE
7449.01,418262301,PC,12.915329,3.48,9844.0,12.0782,709.0,42.159,5424.0,4.21,1.26,323.714651,75.050546,12.9855,457.72,CANDIDATE
745.01,444842193,APC,1.0790928,3.8021094,572.7898907,3.542265,1763.4352567,2285.3834585,5741.0,4.47122,0.972998,147.757437,-55.318299,10.5488,175.381,CANDIDATE
7450.01,73729607,PC,0.7938732,0.428,29672.0,14.3187,626.0,25.574,3583.0,4.67,0.58,40.286866,34.379363,14.997,320.879,CANDIDATE
7451.01,259381479,PC,3.9461778,2.496,3236.0,11.8479,,2046.03,9225.0,,2.32,43.399516,46.174562,11.2333,696.033,CANDIDATE
7452.01,327249454,PC,3.0493323,2.079,3620.0,10.8517,1345.0,544.577,6336.0,4.01,1.84,3.51175,58.16708,13.2056,1010.66,CANDIDATE
7453.01,347944406,PC,8.3873861,4.407,7773.0,11.7897,1131.0,271.776,6240.0,4.27,1.33,34.003535,57.346071,12.8868,647.843,CANDIDATE
7454.01,130087198,PC,3.1733972,3.857,6260.0,17.95,2259.0,4328.27,6227.0,3.82,2.23,37.777366,40.724963,13.243,1544.44,CANDIDATE
7455.01,196351790,PC,13.2026423,3.137,9621.0,11.0102,668.0,33.0714,5443.0,4.28,1.17,14.410856,47.522036,13.3063,652.102,CANDIDATE
7459.01,417829948,PC,8.9511797,3.0794773,845.1516817,2.4319861,675.3728831,49.1694646,4986.0,4.60896,0.746076,138.059737,65.347211,10.7276,110.755,CANDIDATE
746.01,167418903,PC,10.9803114,2.0361453,8276.212333,10.1826375,780.8818766,87.8744006,5614.9,4.47,0.957719,99.620795,-67.64895,11.3786,234.418,CANDIDATE
7460.01,159303995,PC,46.1578388,6.4735866,2065.7501545,11.8806083,762.1755075,79.7518849,5801.93,3.7459,2.2625599,290.117498,44.872959,11.6906,660.138,CANDIDATE
7462.01,298897095,PC,2.6236518,1.4746043,4496.6998934,7.9624318,1235.0028186,549.7848863,5401.6,4.438,1.0,288.0382,50.651476,13.497,488.33,CANDIDATE
7464.01,251090642,PC,20.0417055,3.8624508,45278.8810079,11.1402796,332.6721503,2.8945882,3560.0,4.71968,0.52031,139.793743,53.594557,13.0912,113.903,CANDIDATE
7465.01,167804011,PC,6.2061962,3.834919,4394.5809009,7.8208033,999.8461509,236.1857644,5278.0,4.25174,1.17893,162.431078,-23.349504,12.305,393.17,CANDIDATE
7466.01,229172128,PC,13.62285,3.033501,804.4319022,2.0757294,1293.9359912,465.348816,5343.0,4.61539,0.782043,91.29081,6.447685,9.809,87.8271,CANDIDATE
7467.01,319855425,PC,2.8766717,3.1970994,9746.1892654,19.2285735,2893.8481239,,6610.89,4.12969,1.67727,99.590888,5.146009,10.1775,308.519,CANDIDATE
7475.01,376866659,PC,3.2527618,4.4705283,5247.3433342,12.7752613,1714.5161425,2042.1484801,6389.29,4.07101,1.72569,181.676288,0.274008,8.14481,120.042,CANDIDATE
7481.01,431016234,PC,12.3832847,5.4046197,1735.0237682,2.5884906,453.3637364,9.9840815,3894.0,4.63804,0.615646,262.758677,-17.843539,11.0962,64.6096,CANDIDATE
7482.01,188500604,PC,5.8767209,2.4735452,10167.398667,8.0213924,694.8011438,55.07609,4111.0,4.43205,0.807445,335.057616,-13.114772,13.6023,282.602,CANDIDATE
7483.01,76835246,PC,0.5127744,0.6309024,1833.4273968,1.2625994,891.5683371,149.3274154,3398.0,4.94675,0.281517,310.994916,-23.01098,12.3001,34.9053,CANDIDATE
7485.01,441122551,PC,3.3870505,2.7109339,18938.3068072,11.6939337,1017.494191,253.3079123,5113.0,4.50946,0.85419,324.837407,-24.684266,13.7585,525.774,CANDIDATE
7488.01,128168083,PC,3.9072366,3.2205284,17049.2629683,15.3416443,1199.3328658,488.9674412,5500.0,4.28377,1.17027,295.157014,-22.721741,14.2707,996.938,CANDIDATE
7489.01,262016897,PC,15.1458746,3.8705032,1229.6500262,2.5811442,567.7599966,24.5572742,5018.0,4.61791,0.740658,313.069035,-17.511992,10.0139,80.721,CANDIDATE
749.01,5868998,APC,0.63554,1.257326,51164.635251,14.372489,997.0050832,233.5126927,3602.0,4.8169,0.442,187.781988,-23.773715,13.9372,232.123,CANDIDATE
7494.01,111778581,PC,11.4212059,2.3067411,41150.9809092,9.7897827,309.4779824,2.1679039,3555.0,4.75533,0.479589,344.326437,-17.395485,13.8727,148.033,CANDIDATE
7495.01,377240984,PC,11.5843559,3.4607621,2500.5579554,5.4992893,651.3771849,42.5452591,5631.0,4.36,1.09295,285.468832,-18.468165,11.811,299.538,CANDIDATE
7498.01,441012828,PC,2.789278,4.127423,11140.279198,17.4465908,1637.2433982,1698.1419607,5880.0,4.3,1.6373301,323.486044,-21.137732,12.6438,750.217,CANDIDATE
7500.01,154796579,PC,7.4647583,1.0430706,10583.825883,11.9302492,941.0389497,185.332421,5357.0,4.27941,1.1557699,280.876531,-25.411057,13.2735,512.891,CANDIDATE
7504.01,110795273,PC,9.4715404,1.6493835,1186.7670333,2.9723031,782.5677076,29.5526853,5216.0,4.53686,0.841029,114.707534,-27.818546,10.4003,117.196,CANDIDATE
7504.02,110795273,PC,4.4443069,2.2975903,686.1966722,2.485097,1022.9069867,181.7489961,5216.0,4.53686,0.841029,114.707534,-27.818546,10.4003,117.196,CANDIDATE
7505.01,55871761,PC,3.8618241,3.1764029,823.5651883,13.3017642,3713.2348111,11855.2292304,11396.0,3.57,4.73061,112.917053,-15.102276,10.4653,1663.32,CANDIDATE
753.01,61988212,APC,0.555255,1.622036,23416.400387,18.630967,2214.386379,5682.436709,5591.0,4.38111,1.06168,178.074448,-47.583414,14.3042,597.747,CANDIDATE
754.01,72985822,PC,3.8639681,2.0997185,7640.7605465,12.659975,1327.2235524,733.3264022,6214.0,4.26729,1.22623,189.297113,-42.413637,12.2397,498.36,CANDIDATE
755.01,73228647,CP,2.5404679,2.154,572.0,2.15331,1391.0,622.47,6003.0,4.47356,0.99,190.036564,-44.312078,9.4628,106.307,CONFIRMED
756.01,73649615,PC,1.2392569,1.0860452,2917.3714571,3.1811214,827.9518032,111.0557954,3614.0,4.81257,0.507628,192.103738,-45.470471,12.5554,86.1759,CANDIDATE
757.01,130924120,CP,17.4682298,3.491,926.0,2.17884,618.0,24.3644,5499.0,4.39962,0.76,187.994843,-35.554452,9.0498,60.3418,CONFIRMED
758.01,131081852,APC,13.2735511,6.7060029,21062.1535755,19.0558857,889.1052168,117.9936529,6072.0,4.29177,1.26126,189.76217,-31.992266,9.957501,154.532,CANDIDATE
759.01,152147232,APC,4.2135662,2.904,6400.0,12.9663,1320.0,504.781,6107.0,4.11585,1.53,169.909474,-39.46208,11.6713,516.041,CANDIDATE
760.01,162362398,APC,12.3396368,6.2659032,13386.1311036,28.8331721,1486.2777613,1153.2432472,7852.0,4.20409,2.29741,169.414385,-44.017088,10.6171,651.263,CANDIDATE
761.01,165317334,PC,10.5557332,2.8163532,1505.7221535,2.7774832,515.8282237,16.7317515,4368.0,4.56706,0.68476,179.262998,-38.104794,10.9217,66.8154,CANDIDATE
761.02,165317334,PC,1.8320863,1.4230143,374.0999309,1.361695,924.7391872,172.821611,4368.0,4.56706,0.68476,179.262998,-38.104794,10.9217,66.8154,CANDIDATE
762.01,178709444,CP,3.4716808,1.3816978,30624.6434599,8.027234,517.8926558,17.001217,3399.0,4.91468,0.426785,166.074742,-47.821496,13.6615,98.4458,CONFIRMED
763.01,178819686,CP,5.6057748,3.0213897,701.1882316,2.4097088,937.9808032,182.934999,5767.0,4.34736,0.906761,194.468098,-39.758061,9.5275,95.1274,CONFIRMED
763.02,178819686,CP,12.2772444,3.8398889,869.4629182,2.8635085,722.2799042,64.3195695,5767.0,4.34736,0.906761,194.468098,-39.758061,9.5275,95.1274,CONFIRMED
764.01,181159386,APC,5.6316663,6.5350826,13883.4017678,33.6448759,1871.3755219,2898.4431043,6632.0,4.20607,2.78212,174.302837,-38.307191,11.1689,789.341,CANDIDATE
765.01,219401954,FA,0.861484,1.293669,286.708078,2.512038,2560.143025,10152.6149389,5724.7,3.82,1.45505,78.165188,-53.743438,9.647,168.781,FALSE POSITIVE
768.01,229811538,APC,11.5294381,4.881,25630.0,18.7142,974.0,149.636,5956.0,4.31259,1.15,198.635626,-24.14419,12.2864,469.997,CANDIDATE
771.01,277634430,CP,2.3260077,0.9960868,3279.7891318,1.3960869,501.0620836,14.8966002,3231.0,4.438,0.241857,164.11389,-72.985174,12.0874,25.2788,CONFIRMED
772.01,286864983,PC,11.0163421,3.5235771,6918.5557902,6.9124465,670.2992922,47.7085311,5184.0,4.57383,0.815374,190.191401,-21.872782,10.8815,135.371,CANDIDATE
772.02,286864983,PC,744.2007603,4.3105796,4290.7780126,5.3137751,164.5828313,0.173404,5184.0,4.57383,0.815374,190.191401,-21.872782,10.8815,135.371,CANDIDATE
772.03,286864983,PC,2.7912365,2.2947027,876.8413933,2.584596,1059.2919812,297.566297,5184.0,4.57383,0.815374,190.191401,-21.872782,10.8815,135.371,CANDIDATE
775.01,304042899,FP,12.4458741,11.5424587,7049.3777392,21.0847933,1069.0284982,308.6584229,6746.0,4.41572,1.5288,164.799978,-59.23397,9.5369,220.953,FALSE POSITIVE
776.01,306996324,CP,15.6653322,2.9937799,1317.653048,2.0999942,383.2694675,5.0996209,3806.0,4.73575,0.533024,178.577997,-37.553357,9.73597,27.1701,CONFIRMED
776.02,306996324,CP,8.2466133,2.4120909,1071.2067848,1.7687315,474.6704725,11.9974754,3806.0,4.73575,0.533024,178.577997,-37.553357,9.73597,27.1701,CONFIRMED
777.01,334305570,PC,8.3008562,4.850157,2683.1006768,8.5512662,1186.7521299,468.7713718,7199.0,4.3586,1.6028301,183.118731,-49.00774,9.3712,182.314,CANDIDATE
778.01,335630746,CP,4.6336155,3.557,7660.0,15.2453,1450.0,734.672,6780.0,4.08247,1.68,199.33385,-15.273705,8.69009,161.743,CONFIRMED
779.01,374095457,PC,0.7839149,1.6423921,918.1396434,,1976.7532357,3608.5342786,5780.0,4.438,,159.933006,-48.996687,8.2158,634.714,CANDIDATE
782.01,429358906,CP,8.0239811,1.7082731,4010.0577601,2.5926653,388.6156751,5.3901675,3331.0,4.94964,0.406516,183.920361,-18.910338,12.2875,52.5122,CONFIRMED
783.01,451645081,PC,8.1125147,2.0330298,1224.9160656,2.3812033,611.1172195,32.9624198,4498.94,4.5,0.668361,172.155637,-54.784223,9.9222,55.3043,CANDIDATE
784.01,460984940,CP,2.7970316,2.185,481.0,1.84303,1256.0,413.894,5849.0,4.5297,0.9,159.341221,-63.655692,8.7537,64.5997,CONFIRMED
785.01,374829238,PC,18.6286102,30.0156194,570.252799,1.6416264,366.9524462,4.285092,3783.0,4.438,0.561301,88.33729,-65.6335,11.5026,65.5548,CANDIDATE
786.01,375059587,PC,12.6693786,4.818,321.0,2.30678,1356.0,562.492,5853.8,4.22099,1.31,100.104215,-63.339108,9.8192,167.948,CANDIDATE
786.02,375059587,PC,38.5537648,6.071,329.0,2.14038,596.0,20.9962,5853.8,4.22099,1.31,100.104215,-63.339108,9.8192,167.948,CANDIDATE
787.01,350584963,PC,2.1263165,2.6285127,137.5302097,1.7757918,1784.4750934,2396.4201609,6623.0,4.38359,1.31556,87.116029,-56.004119,9.4799,180.291,CANDIDATE
788.01,349829627,PC,6.4872362,2.5986372,112.7687265,3.2602447,1047.7174682,284.7722987,4997.0,3.45154,2.56864,113.695288,-61.240068,9.0255,184.204,CANDIDATE
789.01,300710077,PC,5.4470648,1.583301,862.2586997,1.1245064,448.3198817,9.5471336,3471.0,4.87707,0.37114,115.270225,-71.303764,11.9802,43.407,CANDIDATE
789.02,300710077,PC,12.9707041,2.2669808,1208.7896248,1.3280332,335.728076,3.0024214,3471.0,4.87707,0.37114,115.270225,-71.303764,11.9802,43.407,CANDIDATE
789.03,300710077,PC,8.0432343,2.0067185,878.9302211,1.2872781,393.6998701,5.6778261,3471.0,4.87707,0.37114,115.270225,-71.303764,11.9802,43.407,CANDIDATE
790.01,308994098,PC,199.5779073,11.8968751,1766.6170108,6.9936043,423.1317323,7.5757108,6988.0,4.25649,1.4608001,123.39778,-64.090901,8.9914,167.218,CANDIDATE
790.02,308994098,PC,41.0175174,8.2090013,229.2846536,2.4013155,717.0068321,62.4617543,6988.0,4.25649,1.4608001,123.39778,-64.090901,8.9914,167.218,CANDIDATE
790.03,308994098,PC,,17.3550472,1628.2500301,6.4367306,411.1389473,6.7526693,6988.0,4.25649,1.4608001,123.39778,-64.090901,8.9914,167.218,CANDIDATE
791.01,306472057,PC,139.3048512,12.1948293,5057.6776282,10.4668171,460.9516893,10.6694651,6572.0,4.35381,1.42962,118.434757,-69.701736,10.7525,341.221,CANDIDATE
791.02,306472057,PC,928.0455814,11.576689,6356.9944677,12.0672714,353.3145101,3.6827047,6572.0,4.35381,1.42962,118.434757,-69.701736,10.7525,341.221,CANDIDATE
792.01,294780517,FP,15.6477055,1.336067,1515.1689468,3.2193276,600.0409721,30.6368863,5107.98,4.5443,0.835807,71.245764,-67.98105,11.7345,215.208,FALSE POSITIVE
793.01,300013921,FP,54.6616036,2.388,2020.0,4.04767,291.0,1.20276,5379.0,4.50461,0.8,107.133952,-68.368778,10.8578,144.067,FALSE POSITIVE
794.01,299945285,PC,52.4072665,8.7541225,372.4627072,3.3054594,644.6535906,40.8156414,6270.01,4.07467,1.59084,106.664922,-71.446827,10.0176,233.131,CANDIDATE
795.01,278895705,PC,8.7609906,0.9094562,479.6082016,2.9253441,1051.00961,288.3684545,6168.88,4.24191,1.3109699,100.970374,-55.639,10.2477,216.257,CANDIDATE
796.01,277099925,FA,0.8086308,3.0190282,889.7191222,3.0352964,1956.4045142,3462.2277004,5780.0,4.438,1.0,83.986551,-67.459594,10.721,9590.75,FALSE POSITIVE
797.01,271596225,PC,1.8007935,1.1863073,622.5482076,1.1904014,729.3539345,66.876621,3704.0,4.77431,0.473702,108.563086,-74.603095,11.7144,56.1927,CANDIDATE
797.02,271596225,PC,4.1400062,1.0309175,740.3454035,1.3230408,552.6192071,22.0406756,3704.0,4.77431,0.473702,108.563086,-74.603095,11.7144,56.1927,CANDIDATE
797.03,271596225,PC,2.7309449,1.1118337,456.1893836,1.0182347,634.8269047,38.383299,3704.0,4.77431,0.473702,108.563086,-74.603095,11.7144,56.1927,CANDIDATE
798.01,260640693,APC,95.2391755,1.5992619,5934.3582239,,399.1200517,5.9970158,4270.0,4.57808,,97.820494,-58.320438,11.908,121.052,CANDIDATE
799.01,255685030,PC,5.5451661,2.2293365,439.0185686,1.9448048,958.6887743,199.6326492,5643.0,4.48066,0.915519,98.469125,-52.460296,10.5868,158.526,CANDIDATE
800.01,179308757,APC,0.9657303,3.4341219,997.3701416,3.2694344,1843.9825061,2732.4246089,5780.0,4.138,1.0,79.765915,-69.637926,12.3323,7596.91,CANDIDATE
801.01,177258735,PC,0.7757012,1.2815624,38.7087646,0.8620247,2426.0042479,8186.2919627,6283.39,4.438,1.3560899,102.221691,-73.299335,7.5412,71.3672,CANDIDATE
802.01,167303382,PC,3.693916,1.7264201,74.807186,0.6501353,942.9807829,186.8668956,5235.78,4.438,0.74982,97.985715,-68.7118,7.5209,28.1042,CANDIDATE
803.01,143526444,FP,15.3050693,3.872,770.0,10.4166,1197.0,340.827,5370.0,3.32339,4.16,125.645029,-19.254613,9.3309,403.772,FALSE POSITIVE
804.01,41227743,PC,1.4188153,4.5754288,136.3471608,,1622.0595854,1636.0185237,5988.0,4.30679,,91.519783,-69.420238,10.714,285.647,CANDIDATE
805.01,38460940,PC,4.1177649,1.212675,1948.1405783,1.276147,440.8496683,8.9265383,3376.0,4.438,0.281129,61.135799,-62.989132,13.1018,51.8767,CANDIDATE
806.01,33831980,PC,21.9166429,3.3787978,1306.4224091,2.2852898,397.279215,5.8871402,4130.0,4.438,0.631609,63.416059,-76.098013,11.9763,104.44,CANDIDATE
807.01,30853470,PC,5.2702557,2.0186676,511.6141762,1.6776468,739.4620938,70.6617951,4662.0,4.56787,0.693074,75.915921,-66.654923,11.3042,106.984,CANDIDATE
808.01,30122649,PC,9.7394089,3.5625788,641.7240822,2.2696307,710.9802766,60.3880789,5216.0,4.52613,0.833198,133.74855,-44.28863,10.0659,98.1848,CANDIDATE
809.01,149301575,APC,183.458919,10.764682,645.283132,3.379417,415.665778,7.0550173,5804.3,3.89,1.30725,82.979518,-60.476724,10.3046,195.029,CANDIDATE
810.01,388106759,PC,28.3057042,4.8265036,357.0692138,2.7465985,696.2534449,55.5380247,5704.59,4.09162,1.40065,62.854009,-69.474879,10.5173,232.47,CANDIDATE
810.02,388106759,PC,90.8479191,11.1179142,314.2730564,2.6152426,472.0126996,11.7310189,5704.59,4.09162,1.40065,62.854009,-69.474879,10.5173,232.47,CANDIDATE
811.01,100757807,PC,25.1760133,4.418,12570.0,14.2012,617.0,24.1525,6025.9,4.3,1.24,88.030314,-32.925074,10.9339,284.002,CANDIDATE
812.01,363914762,PC,13.8665912,6.491,7930.0,14.3875,1131.0,271.767,6707.0,4.2,1.57,89.235658,-49.006949,10.9582,426.024,CANDIDATE
813.01,55525572,CP,83.8962434,13.0330846,1217.6723245,7.2168832,594.8141775,29.5832748,5823.7,3.77,2.04354,72.69401,-60.905461,9.8467,263.145,CONFIRMED
814.01,255760319,FP,7.21048,2.671,250.094,3.7188,930.0,124.246,5920.4,3.91,2.14,99.714619,-53.107598,8.9944,196.472,FALSE POSITIVE
815.01,102840239,CP,11.1972769,3.061,1301.0,2.62397,672.0,33.9923,4953.9,4.59,0.76,155.871938,-43.834925,9.36,59.7117,CONFIRMED
815.02,102840239,CP,734.4987702,2.529,1004.0,2.1838,483.0,9.04438,4953.9,4.59,0.76,155.871938,-43.834925,9.36,59.7117,CONFIRMED
816.01,175180796,FP,1.55747,2.714,3127.94,3.80336,2346.0,5034.13,4146.6,4.6,0.62,116.010481,-36.996503,11.143,74.5217,FALSE POSITIVE
817.01,30312676,FP,1.10223,2.598,1015.0,7.4694027,5885.0,199185.0,8747.0,4.08022,2.23767,74.286788,-66.390334,11.3029,7294.41,FALSE POSITIVE
821.01,125405602,FA,13.823303,1.365217,2556.532346,2.806009,372.4355382,4.5470053,3669.0,4.78896,0.477,209.615851,-23.277572,11.1825,39.5907,FALSE POSITIVE
822.02,127530399,CP,1.0115336,1.6201453,640.6892788,2.3332033,1385.8482225,871.7333843,4775.0,4.60305,0.789877,217.6092,-46.159516,11.1116,122.91,CONFIRMED
823.01,158978373,APC,13.5337579,3.557125,2234.8547566,6.2692929,917.1183951,167.1947435,6309.0,4.23525,1.30032,218.658293,-40.739863,9.9623,201.873,CANDIDATE
824.01,193641523,CP,1.3929721,1.0799517,1576.0776119,2.9539057,1148.7148937,411.5001611,4452.0,4.49909,0.729635,222.16547,-57.588867,10.0732,63.9262,CONFIRMED
827.01,270507305,APC,1.2282706,2.0554176,7013.5398278,14.6178728,1951.6238484,3428.5103713,5848.0,4.33233,1.2740999,98.893269,-79.715754,11.5746,336.988,CANDIDATE
829.01,276128561,PC,3.2877916,2.3400995,1779.1851978,4.2854014,1103.7255252,350.7238882,5636.0,4.3723,0.948885,224.208391,-37.042983,10.5623,142.461,CANDIDATE
830.01,281924357,PC,15.0405221,2.2981691,17981.6903217,23.0692974,762.3041811,79.8057547,5900.0,4.36304,1.0431,129.756861,-74.763114,10.9303,222.995,CANDIDATE
831.01,307610438,APC,1.5617357,2.1307551,4445.0857356,7.7731045,1614.5767268,1606.0377681,5808.0,4.33972,1.14478,229.033411,-38.87541,8.8098,86.0601,CANDIDATE
832.01,350332997,FP,1.9160221,1.405,2430.0,10.8261,1195.0,339.505,5623.0,4.37483,2.09,84.081627,-54.191199,11.7611,586.704,FALSE POSITIVE
833.01,362249359,CP,1.041889,1.2737667,465.3854112,1.389031,1033.9227741,270.068174,3965.0,4.68337,0.603336,145.645472,-62.475886,10.1461,41.7148,CONFIRMED
835.01,405700729,PC,4.7920153,1.4903703,2042.5421095,4.7342032,992.3968206,229.2252519,6012.0,4.76675,0.882828,192.057325,-56.894318,10.849,166.834,CANDIDATE
836.01,440887364,CP,8.5954792,2.47,1140.0,2.64032,704.0,40.8229,4476.0,4.58156,0.69,225.079883,-24.454202,8.6486,27.5024,CONFIRMED
836.02,440887364,CP,3.8167262,1.602,580.0,1.69257,763.9863872,40.9119,4476.0,4.58156,0.69,225.079883,-24.454202,8.6486,27.5024,CONFIRMED
837.01,460205581,CP,8.3249172,1.406,4535.0,7.0011,704.0,40.8042,6513.0,4.53694,1.01,157.037281,-64.505211,9.9322,142.488,CONFIRMED
838.01,461271719,FP,7.6246239,2.0328127,1256.0632059,14.4951834,1774.4974464,2343.2709936,7313.0,4.14443,2.6298299,203.166643,-38.845947,8.7823,305.237,FALSE POSITIVE
841.01,238932509,PC,3.4934316,1.453,14230.0,11.4663,914.0,116.196,5153.0,4.46892,0.9,94.942993,-53.226707,12.5528,306.068,CANDIDATE
842.01,141768070,PC,2.7863813,1.8415464,11628.7594512,12.0024836,1195.9294829,483.4407911,5376.0,4.42496,1.00073,91.937566,-73.391862,12.6264,368.8,CANDIDATE
844.01,380886535,FP,8.9066251,1.9618338,2178.8336338,7.1574108,1083.0431039,325.1651305,5829.6,4.1,1.51595,19.461136,0.346971,11.7952,472.297,FALSE POSITIVE
845.01,32283946,FP,7.06181,5.853,22745.5,24.7848,1443.0,721.751,5818.3,4.4,1.49,24.172722,-31.670795,11.7582,475.359,FALSE POSITIVE
846.01,229141709,FP,14.20489,4.924,8761.57,12.4595,1235.0,386.596,6316.3,4.3,1.21,26.376875,-51.296821,11.766,446.815,FALSE POSITIVE
847.01,231289421,PC,3.2063107,2.8362399,6909.9609504,20.2776,1919.0,2254.62,5286.9,,2.29,43.875521,-53.665545,12.0594,659.753,CANDIDATE
848.01,42015200,FP,9.77742,6.713,6740.0,35.6978,1304.0,480.928,4513.0,,2.87,24.216097,-39.142583,11.6818,527.114,FALSE POSITIVE
849.01,33595516,CP,0.76566,1.452,1410.0,3.54139,1932.0,2314.06,5311.0,4.47,0.92,28.715796,-29.421709,11.5485,225.734,CONFIRMED
850.01,423670610,APC,10.32103,3.283,58957.4,34.1767,1070.0,218.123,5863.5,4.38,1.28,9.765924,-17.221806,11.3488,342.206,CANDIDATE
851.01,40083958,APC,0.6296,0.309,790.0,3.39154,1039.0,193.701,5485.0,4.64,0.77,7.387843,-10.468279,10.9994,154.477,CANDIDATE
852.01,29918916,PC,4.943336,3.147,2010.0,6.40301,1170.0,311.475,5574.0,3.95,1.73,24.740265,-7.280979,10.9495,351.426,CANDIDATE
853.01,138727432,PC,6.8646554,4.725,5090.0,17.29,1772.0,1640.28,5937.0,4.19,1.38,32.914289,-37.892988,10.7598,287.558,CANDIDATE
854.01,160222069,APC,5.8508237,3.4458826,876.8239527,4.9253389,1202.0452252,493.4057797,5928.0,4.19,1.37754,28.078089,-43.047613,10.717,279.96,CANDIDATE
855.01,269558487,PC,1.8301156,1.018,1110.0,4.46184,1327.0,515.147,6671.0,4.41,1.22,15.543042,-2.144574,10.6541,294.418,CANDIDATE
856.01,306338882,APC,5.4014,1.442,1225.99,16.7216,709.0,41.9773,5179.9,,4.34,14.094894,-14.788329,10.3244,574.712,CANDIDATE
858.01,198008005,CP,3.2797206,3.5795839,11148.420202,14.0606451,1402.2649308,913.7792532,5857.0,4.24,1.29747,60.199826,-54.592918,10.6444,250.489,CONFIRMED
859.01,150430484,PC,5.1543265,1.063382,2522.1346873,4.6014268,815.6519164,104.6021101,4971.0,4.59,0.756197,97.144014,-61.150325,11.9587,193.087,CANDIDATE
860.01,321011127,PC,6.4535152,2.202,11200.0,19.7517,1096.0,240.342,5906.0,4.07,1.58,43.546163,-41.514421,11.6704,494.093,CANDIDATE
861.01,372913430,FP,6.7391601,2.537,3040.0,30.8876,2416.0,5656.73,10341.0,3.8,3.39,119.533518,-60.780499,8.3502,422.358,FALSE POSITIVE
862.01,309254930,PC,3.3102159,2.7252649,5092.4594143,,1222.9911603,528.7060422,,,,124.300024,-65.65708,8.9904,,CANDIDATE
863.01,238898571,PC,0.5251251,1.0447398,277.1920779,1.4381391,2038.1439377,4078.1238196,5867.0,4.5948,0.850302,93.729429,-49.756087,9.954701,111.279,CANDIDATE
864.01,231728511,PC,0.520671,0.5708161,626.6355136,1.0047438,1005.8308938,241.8916543,3460.0,4.438,0.39861,81.443395,-51.357031,11.4966,38.0915,CANDIDATE
865.01,44797824,APC,0.7455787,0.4901724,784.6891758,3.402474,2091.077432,4518.5746486,5181.0,4.14486,1.19844,62.454351,-26.022091,9.7976,136.022,CANDIDATE
866.01,381976956,FA,22.338916,3.4122327,605.5453887,18.449977,1602.082745,1556.9001967,4866.0,2.50648,7.56825,77.546589,-57.586679,9.0099,455.064,FALSE POSITIVE
867.01,358460246,PC,15.4043768,4.7120319,281.5569106,2.2872195,808.3688406,100.9158218,5777.36,4.30388,1.23499,119.014208,-64.941154,10.4283,200.12,CANDIDATE
868.01,271596418,FP,0.556109,1.096708,172.860189,1.609049,2481.9156706,8967.4525288,5670.45,4.16644,1.18329,108.568016,-74.970528,10.7109,230.697,FALSE POSITIVE
869.01,200807066,FA,26.2588239,4.4279477,251.0105068,2.0533305,692.7042412,54.4142175,5908.0,4.28153,1.24841,53.178982,-51.788532,8.9043,110.247,FALSE POSITIVE
870.01,219229644,PC,22.0379547,2.5061632,1208.1077142,2.335104,362.3806799,4.0755023,3927.0,4.6966,0.611136,63.31929,-50.944261,10.7791,53.8027,CANDIDATE
871.01,219344917,CP,14.362738,3.2043798,541.9770506,1.6866314,565.3112203,24.1363405,4939.0,4.58489,0.732189,74.737626,-50.627415,9.7607,68.0473,CONFIRMED
872.01,220459826,PC,2.2395544,1.1228525,1152.7849514,2.7483506,1062.2594463,300.9147034,4872.54,4.68951,0.75636,74.868182,-55.92906,11.8348,179.254,CANDIDATE
872.02,220459826,PC,4.9727711,0.7889782,825.5374706,2.6058369,814.2385337,103.8789635,4872.54,4.68951,0.75636,74.868182,-55.92906,11.8348,179.254,CANDIDATE
873.01,237920046,PC,5.9312003,2.0314487,1021.9253753,1.7979811,518.0279088,17.0189842,3797.0,4.74005,0.5204,56.736636,-63.336878,12.1249,76.9563,CANDIDATE
874.01,232025086,PC,5.9049733,3.9528744,200.4796961,2.2395287,1269.6930207,614.208654,6437.0,4.2473,1.4178801,96.069345,-46.93762,8.7542,130.527,CANDIDATE
875.01,14165625,PC,11.020153,3.638535,1076.926754,2.343228,563.4752132,23.8243065,4407.0,4.56293,0.719466,78.037215,-37.708481,11.3877,106.12,CANDIDATE
876.01,32497972,PC,29.4829022,2.3634407,2066.5043819,2.7733274,336.0828164,3.0151313,3955.0,4.68874,0.603739,84.109334,-24.244444,11.534,78.1864,CANDIDATE
877.01,255704097,APC,6.015802,1.8775214,5341.6796352,13.627855,1525.6413615,1280.3562297,7836.0,4.14,1.59435,99.11511,-50.297401,10.6237,452.682,CANDIDATE
878.01,219380235,FA,3.9773904,2.82,1134.0,5.03874,1290.0,460.733,5518.3,3.93,1.77,76.761786,-51.766957,10.8239,334.457,FALSE POSITIVE
879.01,37084932,FP,6.58454,3.395,5500.94,,1664.0,1274.11,8829.0,3.91,,98.123772,-3.54484,9.5254,602.726,FALSE POSITIVE
880.01,34077285,PC,6.3872524,2.608,3510.0,5.0445,817.0,73.9967,4935.0,4.52,0.82,94.164473,-13.987337,9.2563,60.6679,CANDIDATE
880.02,34077285,CP,2.5735943,2.4810064,739.6008283,2.7779229,1063.0980928,301.8661097,4935.0,4.52,0.816999,94.164473,-13.987337,9.2563,60.6679,CONFIRMED
880.03,34077285,PC,14.3318853,1.596,990.0,2.87022,495.0,9.971,4935.0,4.52,0.82,94.164473,-13.987337,9.2563,60.6679,CANDIDATE
881.01,237808867,FP,0.56708,1.253,980.0,29.9735,2166.0,3660.0,5274.0,,9.78,104.479884,5.748028,9.792,994.732,FALSE POSITIVE
882.01,92013169,FP,2.3552639,1.033,912.0,8.10129,1432.0,698.522,7069.0,3.88,2.37,89.16524,14.785575,9.73965,387.97,FALSE POSITIVE
883.01,123846039,PC,10.0577297,3.65,4860.0,7.17665,861.0,91.5488,5651.0,4.43,1.01,103.369061,-6.507835,9.3722,102.637,CANDIDATE
884.01,167031605,FP,2.7809,1.803,2990.0,56.3202,3566.0,26869.1,11246.0,,5.45,93.921031,11.832621,9.9534,1390.46,FALSE POSITIVE
885.01,25334160,APC,2.56876,2.767,360.521,17.6099,1211.0,357.805,4312.9,,8.43,98.26778,-10.870679,10.1775,693.394,CANDIDATE
886.01,120269103,FP,20.4276727,5.1878327,2988.5020776,19.9576585,1611.6192743,1594.302814,8844.0,3.76,3.25795,101.693856,-6.144778,8.26522,364.928,FALSE POSITIVE
887.01,437984134,APC,5.77114,2.791,1931.81,10.9488,1252.0,408.749,7173.0,4.03,2.26,94.545308,15.952049,8.16507,192.612,CANDIDATE
888.01,438295981,FP,3.96643,2.025,828.371,5.99981,1227.0,376.453,6565.2,4.09,1.9,96.666044,13.29938,9.52621,263.022,FALSE POSITIVE
889.01,284288080,FP,1.83485,2.673,1200.0,5.90327,2215.0,3996.1,6466.0,4.11,1.68,106.649775,-53.546434,10.8457,388.477,FALSE POSITIVE
890.01,333607525,APC,3.2022978,3.51,41820.0,34.5557,,1640.28,6600.0,4.17,1.67,100.36319,-12.285043,10.936,474.565,CANDIDATE
891.01,33690636,FP,4.99915,5.256,684.271,2.28122,1235.0,386.241,4696.0,,0.79,93.122299,-16.792043,11.0427,123.997,FALSE POSITIVE
892.01,66561343,CP,10.6265837,5.415,7530.0,12.0335,1361.0,571.007,7723.0,4.43,1.35,86.738228,-11.23534,10.9739,340.543,CONFIRMED
893.01,123958679,PC,5.6148305,3.829,2300.0,9.62058,2130.0,3420.14,9856.0,4.01,2.59,103.678583,-7.131316,11.4847,1241.42,CANDIDATE
894.01,42755801,FP,4.3433389,4.514,1100.0,24.4433,4366.0,60347.5,9900.0,3.68,3.83,96.793934,-4.7801,9.1672,661.74,FALSE POSITIVE
895.01,250484865,FP,0.76189,1.904,190.0,1.50503,2496.0,6450.77,5998.0,4.39,1.11,94.205654,-2.92914,8.7973,96.3043,FALSE POSITIVE
896.01,102283403,FA,3.52985,1.907,560.0,3.20773,1310.0,489.2,6627.0,4.31,1.37,89.15458,10.551759,9.08959,156.139,FALSE POSITIVE
897.01,229384040,FP,1.2980202,3.007,250.0,2.58794,2487.0,6354.72,6128.0,4.08,1.62,98.59774,8.413625,9.11269,165.943,FALSE POSITIVE
898.01,124543547,FP,,7.352,6000.0,19.7649,2388.0,5400.0,5652.0,4.32,2.74,104.480707,-9.924849,10.5672,479.081,FALSE POSITIVE
899.01,177162886,PC,12.8461943,3.116081,8527.3304874,11.8867391,821.8270133,107.8059302,5591.0,4.30695,1.18787,104.492446,-71.523106,11.5865,304.798,CANDIDATE
900.01,210873792,PC,4.8494108,5.2266368,1341.9401258,2.7650341,700.3482517,56.8561171,3861.0,4.71767,0.680711,245.905129,-31.373574,11.9085,121.037,CANDIDATE
901.01,214361331,PC,3.2308423,0.9282699,2427.4314638,11.144364,1529.3057261,1292.7015226,7062.0,4.49596,1.38436,261.062847,-50.386051,9.6877,190.467,CANDIDATE
902.01,216935214,APC,18.2592673,1.7158922,1829.4851391,15.8995046,1109.9525227,358.7059761,7142.0,4.15713,2.2950301,259.49578,-45.883555,8.957,219.439,CANDIDATE
903.01,238197638,PC,7.2766004,4.626,2440.0,11.5799,1374.0,591.917,6266.0,4.27,2.21,57.489027,-72.793731,11.7874,739.231,CANDIDATE
904.01,261257684,CP,10.8772748,2.6829533,1827.2189379,2.309613,433.1214112,8.3168643,3992.0,4.61929,0.532439,89.371273,-83.129726,10.846,46.0891,CONFIRMED
904.02,261257684,CP,83.9993991,4.9317658,1856.5912767,2.3408341,219.1245115,0.5448599,3992.0,4.61929,0.532439,89.371273,-83.129726,10.846,46.0891,CONFIRMED
905.01,261867566,CP,3.7395716,2.0436597,15256.9023477,13.9317353,1105.7578537,353.3142325,5565.0,4.46277,1.00018,227.658675,-71.361632,10.5721,158.649,CONFIRMED
906.01,298372701,PC,1.6647888,1.152,1600.0,5.25863,1458.0,751.21,5954.53,3.68582,1.42,239.825514,-49.366664,8.5097,133.752,CANDIDATE
907.01,305424003,CP,4.5849129,5.2493974,2101.0682794,9.6158851,1644.7907422,1729.6714348,6272.0,3.8399,2.0597899,262.183407,-62.840383,9.9444,312.529,CONFIRMED
908.01,350153977,CP,3.1837789,2.3252968,850.2084133,3.1080163,1217.6479521,519.52682,5500.0,4.99,1.0523601,53.159427,-81.250745,10.6513,175.748,CONFIRMED
909.01,364107753,FP,3.9043855,3.525,255.0,1.80937,1498.0,836.633,6059.06,4.29,1.31,251.362526,-71.839588,7.0514,51.8209,FALSE POSITIVE
910.01,369327947,CP,2.0291067,0.7339561,954.52078,1.0407954,552.8113049,22.0713381,3194.0,4.96718,0.287497,290.23794,-82.559788,10.1508,12.4814,CONFIRMED
911.01,389070884,APC,8.5841822,2.0925448,8263.4886291,21.4045649,1088.9548484,332.3230715,5963.0,4.438,1.44708,262.335243,-38.645969,7.9771,84.7758,CANDIDATE
912.01,406941612,CP,4.678059,1.8117452,2029.239148,2.2524868,495.2259613,14.2145991,3566.0,4.83519,0.426465,229.328567,-80.473345,10.4904,26.1072,CONFIRMED
913.01,407126408,CP,11.099348,3.2464373,1159.3892018,2.4827074,621.420415,35.2422046,4948.0,4.60394,0.732535,234.572324,-80.803427,9.6181,65.1769,CONFIRMED
913.02,407126408,PC,1469.8512039,5.9485102,945.0433631,2.7937261,121.9158623,0.052211,4948.0,4.60394,0.732535,234.572324,-80.803427,9.6181,65.1769,CANDIDATE
914.01,153027658,FP,2.3374921,2.279,760.0,4.00659,1556.0,975.016,5963.4,3.65,1.54,48.726093,-44.961855,10.2413,233.2062,FALSE POSITIVE
915.01,259389219,FP,2.3250156,1.775,1130.0,10.7275,1882.0,2083.06,5753.0,3.83,2.05,68.803771,-51.396562,11.2486,506.371,FALSE POSITIVE
916.01,348844154,FP,29.17362,8.075,5558.85,15.4676,1002.0,167.644,5493.2,3.92,1.89,105.956649,-60.297493,11.2532,427.276,FALSE POSITIVE
917.01,207237016,PC,26.4126517,3.0511383,5967.2243425,24.163132,1021.0367587,256.8541056,6070.0,3.65,2.62866,49.816476,-59.400109,11.2459,704.528,CANDIDATE
918.01,294869729,FP,1.1140067,3.072,410.0,6.34675,2501.0,6504.41,5614.0,3.5,2.94,71.799228,-68.985641,11.2716,549.872,FALSE POSITIVE
919.01,150167117,APC,20.0272717,2.5785744,17515.7129689,23.6497441,689.3788995,53.3768508,5811.1,,1.137,93.413565,-62.219723,11.1835,,CANDIDATE
920.01,271722899,FP,19.2998,3.17,1864.78,,565.0,16.9727,3818.0,,,110.312488,-73.453234,11.191,3540.18,FALSE POSITIVE
921.01,278775625,PC,5.1287265,2.0606408,809.4472541,3.3763609,951.0,426.7683426,6055.5,4.38,1.14,99.674204,-56.22054,11.2559,294.015,CANDIDATE
922.01,278199349,FP,9.46516,3.951,10952.3,,842.0,83.6782,4120.0,,,110.890427,-79.504188,11.499,1220.48,FALSE POSITIVE
923.01,301051430,FP,3.2744665,1.5496651,918.0803144,4.0297948,1404.9791186,920.8745704,6049.0,4.3,1.2460999,50.036337,-45.061851,11.0264,302.944,FALSE POSITIVE
924.01,382068562,PC,12.1272702,2.0368113,19172.4644881,20.3161792,776.1600297,85.7681608,5682.0,4.45,0.993827,79.656888,-55.888562,11.3593,251.24,CANDIDATE
925.01,300599466,FP,13.17741,2.75,1750.0,49.318,717.0,44.0738,5027.7,,10.05,113.047662,-68.012289,11.3377,1811.81,FALSE POSITIVE
926.01,176796997,PC,1.7957918,1.666,770.0,7.76436,1442.0,718.524,5658.4,,2.61,48.378728,-32.00557,10.5926,216.207,CANDIDATE
927.01,261258875,FP,2.5852,1.963,290.0,4.66502,1622.0,1150.76,6639.0,3.73,2.66,89.730768,-79.743374,9.2691,314.616,FALSE POSITIVE
928.01,300557619,FP,30.57908,6.297,12972.8,14.1152,837.0,81.7492,5848.0,4.35,1.13,112.599235,-71.595463,11.4124,310.211,FALSE POSITIVE
929.01,175532955,PC,5.830149,2.618,1310.0,2.70505,774.0,59.7261,4451.0,4.57,0.72,45.907166,-39.930776,11.4337,114.421,CANDIDATE
930.01,100921768,PC,4.90038,3.506,240.0,6.56819,1451.0,736.282,6504.0,3.32,4.18,54.308702,-44.472006,8.1605,306.118,CANDIDATE
931.01,206474443,PC,3.2452094,2.722,7370.0,20.6894,1379.0,600.388,5928.0,,2.31,57.336855,-47.91819,11.5458,,CANDIDATE
932.01,260417932,PC,19.3106015,3.7831012,1222.9987584,2.7470788,474.9318086,12.0239187,4444.0,4.55,0.734073,95.940941,-54.578024,10.7378,85.3837,CANDIDATE
932.02,260417932,PC,7.9856481,2.729,460.0,1.70724,675.0,34.6569,4444.0,4.55,0.73,95.940941,-54.578024,10.7378,85.3837,CANDIDATE
933.01,260130483,PC,88.9350637,8.3086197,4026.4400749,12.6517291,525.5568469,18.0301689,5546.9,3.93,1.78672,92.305335,-55.403754,10.6361,300.423,CANDIDATE
934.01,220475245,PC,3.7817383,2.4092233,18870.7216253,12.4392846,951.9601792,194.0868583,4833.0,4.51712,0.869755,75.350678,-56.141416,12.708,301.872,CANDIDATE
935.01,260476837,FP,2.23294,2.032,16930.0,15.959056,,328.2137194,4814.0,4.51946,0.804149,96.248202,-59.804574,12.7918,282.203,FALSE POSITIVE
936.01,278198753,PC,7.936533,1.8486897,6995.7727314,7.76368,913.7593073,164.7586619,4320.0,4.57232,0.85,111.036157,-78.442588,12.6327,238.321,CANDIDATE
937.01,425163745,FP,0.27664,0.72,15669.3,24.4651,3104.0,15418.8,5341.6,4.09,1.78,58.896845,-2.505949,10.855,321.78,FALSE POSITIVE
938.01,332660150,PC,8.8073507,4.264,1700.0,4.0916,1073.0,220.735,5981.0,4.49,0.99,63.032344,-12.118836,10.8479,215.034,CANDIDATE
939.01,67772767,PC,7.6107227,4.249,6400.0,12.4861,1156.0,297.144,6159.5,4.14,1.53,63.786841,-7.315748,10.9335,352.195,CANDIDATE
940.01,248434716,APC,0.7386689,0.594,1020.0,3.6178,1228.0,378.381,5100.2,,0.85,77.403593,-5.67097,11.0057,,CANDIDATE
941.01,408137826,PC,8.5145626,3.78,3260.0,6.95626,1000.0,166.575,5920.0,4.32,1.18,78.300525,6.545915,10.9968,263.386,CANDIDATE
942.01,146520535,CP,4.32765,3.181,1480.0,3.52025,1120.0,261.858,4945.0,4.43,0.91,76.649617,-20.245613,11.0462,152.601,CONFIRMED
943.01,399871011,PC,12.35611,5.963,8020.0,13.4341,1218.0,366.445,6794.0,4.28,1.45,74.555144,8.980825,11.0412,397.789,CANDIDATE
944.01,434234955,FP,6.0588453,4.084,2740.0,35.2541,2249.0,4249.82,7011.0,3.51,3.6,63.811095,14.944839,11.3818,938.401,FALSE POSITIVE
945.01,167714792,PC,0.9298045,1.203,720.0,4.60146,2234.0,4136.65,7019.0,4.19,1.65,80.455333,-36.673792,11.1224,516.104,CANDIDATE
946.01,219205407,FP,6.1253092,1.992,39400.0,22.9909,777.0,60.67,5008.3,,1.05,92.833906,-51.466622,10.8732,164.458,FALSE POSITIVE
947.01,262330063,APC,7.31523,1.832,8225.0,17.8813,1031.0,187.784,6251.5,4.0,1.79,78.318822,4.809898,10.642,390.775,CANDIDATE
948.01,146438872,APC,12.7009,3.208,2482.58,10.5402,1129.0,270.518,6092.9,3.65,1.92,75.531735,-22.711864,10.5068,370.711,CANDIDATE
949.01,189013222,FP,1.3228701,1.589,720.0,2.50355,1530.0,910.45,5136.1,,0.84,79.101853,-15.512686,10.2892,112.611,FALSE POSITIVE
950.01,245947683,FA,1.14288,1.699,2270.0,7.08364,2079.0,3104.56,6706.0,4.23,1.51,70.375099,14.815533,10.2098,211.593,FALSE POSITIVE
951.01,449050247,FP,2.96845,3.707,17064.8,20.1857,1554.0,969.61,5761.5,4.35,1.4,67.551337,5.298825,10.0938,206.344,FALSE POSITIVE
952.01,319312479,PC,1.79011,1.372,430.0,7.38823,1660.0,1262.31,7110.0,3.9,2.33,61.77946,-13.766859,10.0716,459.161,CANDIDATE
953.01,449050248,FP,2.96844,3.663,13028.0,19.3343,1559.0,981.423,5772.0,4.1,1.54,67.552495,5.298431,9.87405,204.316,FALSE POSITIVE
954.01,44792534,CP,3.68497,4.536,2070.0,9.05543,1659.0,1260.27,5756.0,3.88,1.93,61.941059,-25.208803,9.77919,238.768,CONFIRMED
955.01,146467675,FP,1.6375303,1.606,770.0,5.03673,1526.0,900.876,5888.8,3.99,1.72,76.081839,-20.731341,9.70467,211.351,FALSE POSITIVE
956.01,146434840,FP,17.95473,3.139,5962.04,14.9952,1079.0,225.794,6029.5,4.22,1.77,75.360839,-22.382135,9.49344,210.646,FALSE POSITIVE
957.01,249067445,FP,0.8317937,1.875,200.0,2.64673,3518.0,25432.4,8897.0,4.27,1.82,79.432431,-0.370122,8.95699,280.188,FALSE POSITIVE
958.01,92880568,APC,0.5875044,1.344,1680.0,14.3274,3698.0,31057.7,5745.1,4.14,1.43,83.215825,-19.575073,10.964,297.121,CANDIDATE
959.01,279999655,FP,1.54104,1.686,30644.8,,2884.0,11491.8,8264.0,4.09,,114.012456,4.715116,10.649,639.564,FALSE POSITIVE
960.01,5109298,FP,1.6187107,4.739749,1352.1697973,12.5948602,3253.506931,26480.6076583,9385.0,4.12,2.22468,107.59809,-5.432679,10.6698,789.891,FALSE POSITIVE
961.01,265077027,FP,4.79586,2.132,26891.1,23.4129,1227.0,377.084,5782.5,4.37,1.3,127.178328,4.038553,10.6596,246.177,FALSE POSITIVE
962.01,141776043,FP,4.06269,4.299,4210.0,,,,,,,117.712497,-21.015735,11.2295,447.244,FALSE POSITIVE
963.01,25799609,PC,11.1178464,4.5596639,5715.8314771,8.8518806,841.9669663,118.7684839,5814.9,4.4,1.06616,119.1493,-0.772849,10.6412,203.873,CANDIDATE
964.01,179155220,FP,0.60274,1.834,16763.6,11.8344,3246.0,18432.4,5146.2,4.61,0.83,109.106905,-8.329732,10.6659,127.566,FALSE POSITIVE
965.01,179159972,FP,1.37101,2.379,1561.43,4.99178,3193.0,17275.0,5947.5,4.22,1.15,109.056276,-9.893473,10.6124,224.488,FALSE POSITIVE
967.01,445586472,FP,1.7393631,3.6069028,428.8811939,5.1189079,2661.5890983,11860.0095258,7051.0,3.87,2.40368,117.084021,-57.236311,10.5704,522.06,FALSE POSITIVE
968.01,453209605,FP,2.80944,3.151,1606.43,,1340.0,536.378,4968.3,,,116.914289,11.980797,10.5766,,FALSE POSITIVE
969.01,280437559,CP,1.8237371,1.347,1890.0,3.64998,1002.0,167.634,4249.1,4.43,0.82,115.136686,2.098588,10.5424,77.2554,CONFIRMED
970.01,174599051,PC,4.9857808,3.671241,690.3429151,2.7920398,1009.8772228,245.807602,5189.0,4.33,1.06532,114.699006,-39.135518,10.5248,147.148,CANDIDATE
971.01,177722855,FP,2.3960724,4.53,680.0,3.54571,2153.0,3570.59,5743.0,4.18,1.37,107.42144,-11.328877,10.5224,229.595,FALSE POSITIVE
972.01,125894957,FP,2.67425,3.779,1920.0,178.665,1942.0,2364.93,4770.0,,36.51,115.280389,-26.070939,10.5484,3083.92,FALSE POSITIVE
973.01,409459226,FP,1.27997,2.425,790.0,285.674,1229.0,379.23,3435.0,,102.03,109.950322,-11.942687,10.5816,4153.03,FALSE POSITIVE
974.01,333821572,FP,2.8259491,2.409,2206.0,8.56637,2271.0,4419.71,8192.0,4.21,1.84,116.274911,-17.17511,10.4337,522.177,FALSE POSITIVE
975.01,133654092,FP,1.97353,2.169,867.428,,766.0,57.3824,2828.0,,,121.185099,-41.559812,10.4527,4947.72,FALSE POSITIVE
976.01,347098457,FP,3.1510408,2.9657375,2025.1072724,297.1117262,1745.5508783,2194.07288,4240.0,,49.1612,117.470237,-16.023413,10.4856,4189.87,FALSE POSITIVE
977.01,268371979,FP,2.78102,1.657,748.64,2.23876,905.0,111.574,4538.0,,0.74,105.063071,-2.347448,10.5153,6862.39,FALSE POSITIVE
978.01,73038411,PC,13.1660135,4.668,5697.0,11.3913,949.0,134.826,6368.0,4.18,1.52,120.204125,-2.010837,10.339,291.631,CANDIDATE
979.01,5772442,FP,1.10578,1.87,672.523,7.4741,1900.0,2163.51,5650.4,4.32,2.62,111.766458,-7.129696,10.351,414.876,FALSE POSITIVE
980.01,93594834,FP,1.3387555,3.2413088,357.2449276,4.1672558,2163.4528,5177.3878513,5322.0,3.82,1.96337,114.420797,-7.33674,10.3138,269.611,FALSE POSITIVE
981.01,127476180,FP,1.6038093,2.253,1190.6782952,4.6692325,2004.2139211,2674.6329403,6711.0,4.25,1.48129,117.113226,-28.204828,10.2957,297.758,FALSE POSITIVE
982.01,177126182,FP,6.3037582,3.757,1700.0,13.147,1798.0,1735.06,8502.0,3.78,3.08,106.405063,-11.979855,10.3075,793.408,FALSE POSITIVE
983.01,148659924,FP,7.3816254,4.696,2546.0,,2740.0,9359.75,9260.2,4.08,,114.864422,-32.903754,10.3437,551.738,FALSE POSITIVE
984.01,33091633,FP,7.52118,6.133,50623.3,12.9114,1841.0,1910.28,6184.6,4.11,0.52,104.87593,-4.812169,10.2763,442.789,FALSE POSITIVE
985.01,425220920,FP,8.76905,3.504,14361.0,21.0089,1341.0,538.251,5906.8,4.22,1.59,111.644015,7.01633,10.2462,260.641,FALSE POSITIVE
986.01,320536216,APC,0.5476695,1.038,2741.0,9.95459,3913.0,38950.9,8274.5,4.17,1.65,120.105441,10.343871,10.1796,407.542,CANDIDATE
987.01,52548453,FP,5.2146757,4.9830634,3754.150648,14.4476769,1607.3541478,1037.07,6080.0,3.78,2.27,100.9257,-30.491967,10.1887,375.582,FALSE POSITIVE
988.01,113553629,FP,4.30438,3.037,672.002,13.7564,1319.0,503.88,6056.9,4.17,4.82,113.424039,-30.996054,10.1989,785.176,FALSE POSITIVE
989.01,207277638,APC,3.121181,1.417,571.0,5.74349,1605.0,1102.11,7814.0,,2.06,110.506534,10.238635,10.1094,476.811,CANDIDATE
990.01,88684250,PC,4.587386,4.36,3321.0,10.6337,2266.0,4384.23,8388.0,4.22,1.86,121.913554,-5.770077,10.0998,465.99,CANDIDATE
991.01,7561203,PC,2.4843225,1.999,1476.0,12.9191,3753.0,32959.2,9855.0,4.18,2.13,114.346166,-11.151301,10.1137,616.305,CANDIDATE
992.01,108835813,FP,4.76516,2.892,647.689,,1911.0,2214.79,9412.5,,,112.616704,-26.080682,10.0813,822.322,FALSE POSITIVE
993.01,259353953,PC,1.4635019,1.518,914.0,4.75869,2226.0,4081.06,8035.0,4.28,1.67,113.960841,-15.499455,10.0634,366.482,CANDIDATE
994.01,93963408,FP,2.396722,3.9453168,384.8985474,3.8384486,2847.2135988,15531.0636237,10393.0,4.32,1.87739,115.046333,-9.084269,10.0267,543.152,FALSE POSITIVE
995.01,317951248,FP,3.4438,2.572,7260.75,,1708.0,1413.67,4805.2,,,110.811443,5.56285,10.0781,1080.88,FALSE POSITIVE
996.01,142918609,FP,14.5378,6.826,4040.0,16.0523,,,8007.0,,2.05,119.349948,-19.516015,9.7925,379.693,FALSE POSITIVE
997.01,341729521,FP,8.4134856,3.5568334,17479.6053306,20.5106959,857.7314308,127.9164213,5786.0,4.52,0.926261,121.319521,-59.579798,9.7727,113.667,FALSE POSITIVE
998.01,54390047,FP,0.941436,1.3606996,339.9126618,4.529209,3641.6264487,41562.5878114,8322.0,4.01,2.34986,118.319555,-14.218823,9.6952,482.278,FALSE POSITIVE
999.01,341186896,FP,1.5078959,2.759,1839.0,5.53091,2762.0,9662.8,6635.0,4.35,1.3,118.864086,-58.22206,9.6171,180.02,FALSE POSITIVE
